Close,log return,,,
28650.16625,-0.00053106,,train,-0.010205762
28634.95533,-0.00053106,,test,0.024864724
28463.31375,-0.006012165,,whole,-0.004642328
28384.28072,-0.002780525,,,
28566.10876,0.006385511,,,
28658.1002,0.003215126,,,
28714.88479,0.001979489,,,
28558.32996,-0.005466961,,,
28654.48041,0.003361154,,,
28748.90493,0.003289862,,,
28757.13209,0.000286132,,,
28868.04738,0.003849547,,,
28801.22319,-0.002317498,,,
28921.40283,0.004164045,,,
28926.58164,0.000179049,,,
28892.73519,-0.001170766,,,
28971.49363,0.002722182,,,
28901.63744,-0.002414116,,,
28942.53129,0.001413932,,,
29130.23634,0.0064645,,,
29031.58669,-0.003392251,,,
29097.95389,0.002283425,,,
29038.17691,-0.002056449,,,
28972.11625,-0.002277551,,,
29061.47356,0.003079506,,,
29058.55557,-0.000100412,,,
29100.00004,0.001425224,,,
29109.8289,0.000337704,,,
29075.67346,-0.001174019,,,
29007.47025,-0.00234847,,,
28832.30262,-0.006057014,,,
28920.32546,0.003048274,,,
28765.99888,-0.005350556,,,
28837.51346,0.002482995,,,
28929.26927,0.00317677,,,
28994.57601,0.002254918,,,
29368.78174,0.012823486,,,
29380.44015,0.000396887,,,
29327.57461,-0.001800966,,,
29401.64653,0.002522491,,,
29247.47953,-0.005257277,,,
29291.09251,0.00149006,,,
29275,-0.00054955,,,
29200.64526,-0.002543102,,,
29271.95835,0.002439198,,,
29205.40134,-0.002276335,,,
29284.99958,0.002721756,,,
29286.07109,3.65884E-05,,,
29306.58999,0.000700391,,,
29341.74244,0.001198754,,,
29176.54795,-0.005645925,,,
29215.01624,0.001317598,,,
29131.10706,-0.002876258,,,
29158.8216,0.000950921,,,
29188.83903,0.001028916,,,
29188.20135,-2.18471E-05,,,
29227.85337,0.001357573,,,
29113.42269,-0.003922808,,,
29191.1462,0.002666122,,,
29162.31876,-0.000988028,,,
28941.92057,-0.007586339,,,
29005.76697,0.002203588,,,
29078.97817,0.002520842,,,
29085.21991,0.000214625,,,
29009.28217,-0.002614285,,,
29038.1447,0.000994447,,,
29003.5578,-0.001191795,,,
29005.96766,8.30849E-05,,,
29138.90512,0.004572637,,,
29193.86445,0.001884338,,,
29221.96873,0.000962215,,,
29201.20742,-0.000710722,,,
29268.2,0.002291544,,,
29234.81428,-0.001141334,,,
29275.32672,0.001384801,,,
29213,-0.002131254,,,
29285.23842,0.002469765,,,
29353.99155,0.002344955,,,
29287.72332,-0.002260107,,,
29307.11969,0.000662051,,,
29252.47749,-0.001866209,,,
29442.3901,0.006471205,,,
29490.36749,0.001628208,,,
29228.1151,-0.008932592,,,
29368.82471,0.004802636,,,
29379.06619,0.000348659,,,
29380.34581,4.35546E-05,,,
29460,0.00270747,,,
29445.92211,-0.000477979,,,
29424.93999,-0.000712818,,,
29398.67275,-0.000893085,,,
29329.64539,-0.002350736,,,
29350.9352,0.000725617,,,
29296.08289,-0.001870592,,,
29135.3423,-0.005501868,,,
29195.37806,0.002058462,,,
29224.16424,0.000985498,,,
29272.39108,0.001648878,,,
29283.39383,0.000375804,,,
29306.70542,0.000795752,,,
29311.56064,0.000165656,,,
29273.98629,-0.001282718,,,
29169.61828,-0.003571584,,,
29060.89844,-0.003734123,,,
29217.99814,0.00539132,,,
29033.51818,-0.006333932,,,
28891.70372,-0.004896477,,,
29063.98224,0.005945199,,,
29016.98316,-0.001618399,,,
29061.01309,0.001516235,,,
29104.38906,0.00149147,,,
29039.11509,-0.002245272,,,
29157.03655,0.004052557,,,
29222.40919,0.002239578,,,
29181.98055,-0.001384439,,,
29224.48843,0.001455588,,,
29191.85232,-0.001117362,,,
29226.9773,0.001202523,,,
29222.8009,-0.000142906,,,
29182.29999,-0.001386897,,,
29234.7022,0.001794074,,,
29264.13217,0.001006173,,,
29302.31972,0.001304076,,,
29255.36799,-0.001603607,,,
29258.68486,0.00011337,,,
29273.1,0.000492558,,,
29286.48072,0.000456995,,,
29330.13586,0.001489514,,,
29313.3347,-0.000572993,,,
29000,-0.010746692,,,
29174.21241,0.005989353,,,
29182.33557,0.000278397,,,
29111.46635,-0.002431451,,,
29207.4888,0.003293013,,,
29347.4567,0.004780746,,,
29358.44411,0.00037432,,,
29379.08512,0.000702822,,,
29380.69799,5.48968E-05,,,
29358.39346,-0.000759444,,,
29317.06977,-0.001408551,,,
29350,0.001122614,,,
29301.34094,-0.001659265,,,
29272.96891,-0.000968753,,,
29341.5393,0.002339708,,,
29239.33854,-0.003489222,,,
29302.34467,0.002152523,,,
29343.1752,0.001392452,,,
29352,0.000300699,,,
29399.75349,0.001625602,,,
29491.10021,0.00310224,,,
29501.94511,0.000367667,,,
29587.19966,0.002885627,,,
29658.87085,0.002419442,,,
29647.03535,-0.000399134,,,
29602.97861,-0.001487147,,,
29711.96561,0.003674862,,,
29756.30382,0.001491155,,,
29704.53603,-0.00174124,,,
29726.87016,0.000751594,,,
29748.73682,0.000735315,,,
29748.42236,-1.05707E-05,,,
29712.88074,-0.001195454,,,
29763.79155,0.001711959,,,
29828.57182,0.002174114,,,
29724.6383,-0.003490446,,,
29689.95041,-0.001167656,,,
29760.92393,0.002387637,,,
29612.31715,-0.005005861,,,
29670.65705,0.001968184,,,
29765.41675,0.003188629,,,
29718.90358,-0.00156388,,,
29665.52962,-0.001797575,,,
29720.4687,0.001850237,,,
29659.18019,-0.002064294,,,
29717.17502,0.001953466,,,
29753.18851,0.001211141,,,
29846.82281,0.003142093,,,
30264.96058,0.013912231,,,
30850.55376,0.019164074,,,
30601.93117,-0.008091583,,,
30715.68915,0.003710454,,,
30835.21198,0.003883712,,,
31300,0.014960814,,,
31499,0.006337702,,,
31357,-0.004518272,,,
31089.95134,-0.008552869,,,
31183.41661,0.003001776,,,
31258.02605,0.002389742,,,
31262.49906,0.000143089,,,
31360.11357,0.003117551,,,
31676.49208,0.010038014,,,
31690.27361,0.000434977,,,
32009,0.010007306,,,
32300,0.009050117,,,
32617.56714,0.009783782,,,
32453.34732,-0.005047422,,,
32589.53675,0.004187687,,,
32604.18401,0.000449346,,,
32663.95945,0.001831688,,,
32833.14902,0.005166333,,,
32603.60107,-0.007015901,,,
32713.94049,0.003378557,,,
32766.43251,0.001603291,,,
32965.87335,0.006068293,,,
32959,-0.000208521,,,
33013.82249,0.001661972,,,
33063.40526,0.001500752,,,
33021.28274,-0.001274804,,,
32766.27037,-0.007752641,,,
32219.99282,-0.016812489,,,
32116.71678,-0.003210488,,,
30744.40288,-0.043668709,,,
31449.33271,0.022669808,,,
31623.83591,0.005533372,,,
31623.16029,-2.13644E-05,,,
31690.51003,0.002127495,,,
31651.1,-0.001244365,,,
32185.10862,0.016730977,,,
32180.44926,-0.000144778,,,
32160.49333,-0.000620318,,,
31850,-0.009701402,,,
31959.39707,0.003428873,,,
31923.37789,-0.001127665,,,
32184.51293,0.008146781,,,
32116.44511,-0.002117164,,,
32193.57213,0.002398602,,,
32409.30713,0.006678829,,,
32442.67265,0.001028975,,,
32413.58215,-0.000897076,,,
32619.69,0.006338557,,,
32606.22943,-0.000412737,,,
32590.93696,-0.000469114,,,
32649.00204,0.001780047,,,
32775.99171,0.003881998,,,
32803.98674,0.000853768,,,
32737.60352,-0.002025683,,,
32597.50575,-0.004288597,,,
32636.541,0.001196775,,,
32552.64,-0.002574079,,,
32585.96627,0.001023242,,,
32618.78938,0.001006771,,,
32563.6696,-0.001691246,,,
32714.71386,0.004627704,,,
33190.33072,0.014433648,,,
33826.87327,0.018996964,,,
33954.0241,0.003751824,,,
33928.46613,-0.000753007,,,
33741.37767,-0.005529463,,,
33796.20102,0.001623492,,,
33845.9564,0.001471135,,,
33990,0.004246828,,,
33967.0923,-0.000674181,,,
34002.92736,0.001054437,,,
34510,0.014802517,,,
34666.66551,0.00452944,,,
34433.88956,-0.006737336,,,
34066.2603,-0.010733781,,,
34378.43796,0.009122104,,,
34605.59823,0.006585903,,,
34370.85346,-0.006806545,,,
34221.99423,-0.004340379,,,
34002.92509,-0.00642199,,,
34047.19348,0.001301053,,,
34188.04779,0.004128497,,,
34055.15186,-0.003894779,,,
33678.82551,-0.011112007,,,
33942.62507,0.007802285,,,
33880.02274,-0.00184606,,,
34075.95607,0.005766494,,,
33935.48642,-0.004130771,,,
34098.06788,0.004779458,,,
34410.52288,0.009121693,,,
34489.11294,0.002281292,,,
34268.31362,-0.006422581,,,
34122.9007,-0.004252392,,,
34078.11682,-0.001313291,,,
34336.90239,0.007565204,,,
34167.62396,-0.004942119,,,
34057.93767,-0.003215404,,,
33849.98657,-0.006124521,,,
34015.55676,0.004879369,,,
33942.61477,-0.002146674,,,
33859.4114,-0.002454305,,,
33807.14507,-0.00154482,,,
33300,-0.015114776,,,
33023.99407,-0.008323007,,,
33359.67362,0.010113404,,,
33544.21185,0.005516532,,,
33638.94454,0.002820134,,,
33423.72504,-0.006418481,,,
33247.74599,-0.005279003,,,
32684.40145,-0.017089031,,,
32617.0815,-0.002061821,,,
33091.39533,0.014437165,,,
33029.13489,-0.001883242,,,
32894.19104,-0.004093969,,,
32934.65291,0.001229305,,,
32543.02989,-0.011962173,,,
32605.24718,0.001910022,,,
32763.90573,0.004854242,,,
32810.60292,0.001424249,,,
32576.92653,-0.00714746,,,
32475.12102,-0.003129973,,,
32760,0.00873397,,,
33295.98321,0.016228506,,,
33691.19451,0.011799747,,,
33585.56611,-0.003140118,,,
33702.42086,0.003473276,,,
33671.36608,-0.000921865,,,
33710.31482,0.001156063,,,
33732.70004,0.000663826,,,
33559.19549,-0.005156785,,,
33284.19392,-0.008228282,,,
33502.93224,0.006550337,,,
33261.23864,-0.00724025,,,
33123.25826,-0.004157012,,,
33374.02665,0.00754225,,,
33478.46672,0.003124496,,,
33279.87656,-0.005949541,,,
33012.98212,-0.008052025,,,
32752.82868,-0.007911551,,,
32790.71068,0.001155934,,,
32618.75627,-0.005257796,,,
32840.57071,0.006777194,,,
32764.58554,-0.00231644,,,
32687.79476,-0.002346464,,,
33072.84998,0.011710944,,,
33193.59201,0.003644142,,,
33197.0703,0.000104783,,,
33067.33079,-0.003915818,,,
33145.00151,0.002346111,,,
33458.75731,0.009421634,,,
33395.80326,-0.001883314,,,
33310,-0.002572589,,,
33255.36158,-0.001641647,,,
33496.47706,0.007224266,,,
33476.42316,-0.000598866,,,
33323.70786,-0.004572314,,,
33245.5645,-0.002347732,,,
33254.22525,0.000260475,,,
33187.78445,-0.001999964,,,
33236.44043,0.001465008,,,
33042.17132,-0.005862213,,,
32824.05989,-0.006622885,,,
33039.68773,0.006547718,,,
33235.46586,0.005908057,,,
32968.41903,-0.00806745,,,
33139.21767,0.005167301,,,
32787.72969,-0.010663054,,,
32348.34693,-0.01349143,,,
31967.25149,-0.011850932,,,
32069.05079,0.003179427,,,
32417.91417,0.010819761,,,
32150.56601,-0.008281121,,,
31750.9,-0.012508984,,,
32035.80626,0.008933152,,,
31709.10926,-0.010250225,,,
31592.13944,-0.00369566,,,
30966.76419,-0.019993831,,,
31004.89051,0.001230444,,,
29800,-0.039636557,,,
29098.38087,-0.023825861,,,
29697.91046,0.020394156,,,
30295.42893,0.019920152,,,
29928.58111,-0.012182927,,,
30207.49668,0.009276214,,,
30253.0253,0.001506061,,,
30736.4509,0.015853086,,,
30865.29203,0.004183041,,,
31021.9425,0.005062459,,,
31271.8273,0.008022829,,,
31231.34767,-0.001295283,,,
30914.82976,-0.010186327,,,
31140.1726,0.007262713,,,
30984.97851,-0.004996186,,,
31375.21393,0.012515693,,,
31549.16919,0.005529039,,,
31732.88442,0.005806251,,,
31839.05497,0.003340173,,,
31839.05497,0,,,
31832.59485,-0.00020292,,,
32019.15169,0.005843454,,,
31834.56877,-0.005781446,,,
31728.83242,-0.00332696,,,
31221.79996,-0.01610924,,,
31081,-0.004519868,,,
31187.19303,0.003410831,,,
31282.93758,0.003065293,,,
31011.37374,-0.008718792,,,
31022.84928,0.000369975,,,
30827,-0.006333077,,,
31017.10526,0.006147906,,,
31166,0.004788922,,,
31400.03403,0.00748122,,,
31321.22429,-0.002513017,,,
31160.31213,-0.005150722,,,
31115.37411,-0.001443197,,,
31399.15323,0.009078884,,,
31674.39341,0.00872765,,,
31642.30126,-0.001013703,,,
31544.43729,-0.003097614,,,
31377.3459,-0.005311095,,,
31365.99092,-0.00036195,,,
31252.48161,-0.00362543,,,
31544.98683,0.009315896,,,
31043.67295,-0.016019663,,,
30886.25448,-0.005083772,,,
31010.58497,0.004017351,,,
31185.21309,0.005615446,,,
31298.54368,0.003627526,,,
31437.31814,0.004424095,,,
31338.00472,-0.003164094,,,
31275.1442,-0.002007902,,,
31747.18317,0.014980335,,,
31872.86891,0.003951141,,,
31996.26898,0.003864158,,,
32500,0.015620788,,,
32350,-0.004626068,,,
32798.93521,0.013782031,,,
32384.63023,-0.012712117,,,
32424.84704,0.001241078,,,
32504.20867,0.002444565,,,
32522.25743,0.00055512,,,
32768.67,0.007548177,,,
32645.8467,-0.003755235,,,
32491.34611,-0.004743861,,,
32284.65941,-0.006381604,,,
32316.96765,0.00100023,,,
32460.25962,0.004424154,,,
31883.8639,-0.017916512,,,
31716.70644,-0.005256489,,,
31192.605,-0.016662512,,,
30700,-0.015918393,,,
31265.52296,0.018253333,,,
31425.14746,0.005092459,,,
30892.77552,-0.017086092,,,
31088.65617,0.006320645,,,
30956.5098,-0.004259689,,,
30855.67957,-0.003262474,,,
30450.94109,-0.013203936,,,
30066.65441,-0.012700169,,,
30548.99719,0.015915129,,,
30952.14946,0.013110586,,,
31122.91536,0.00550193,,,
31120.24546,-8.57896E-05,,,
31095.70722,-0.000788808,,,
31077.92991,-0.00057186,,,
30805.56683,-0.008802503,,,
31348.1386,0.017459476,,,
31220.58903,-0.004077109,,,
31034.55182,-0.005976623,,,
31178.55466,0.004629349,,,
31335.70736,0.00502775,,,
31433.13571,0.003104356,,,
31778.40737,0.010924432,,,
31571.67146,-0.0065268,,,
31497.63928,-0.002347646,,,
31566.03837,0.002169208,,,
31248.43758,-0.01011243,,,
31331.36127,0.002650176,,,
31414.76434,0.002658431,,,
31400.97592,-0.000439012,,,
31667.53103,0.008452926,,,
31760.80541,0.002941097,,,
31830.48537,0.002191495,,,
31806.88839,-0.000741608,,,
31756.41227,-0.001588216,,,
31600,-0.004937546,,,
31829.19919,0.007226961,,,
31712.32157,-0.003678784,,,
31806.47991,0.002964741,,,
31479.4,-0.010336676,,,
31384.3949,-0.003022572,,,
31525,0.00447009,,,
31914.95429,0.012293805,,,
32285.93196,0.011556906,,,
32064.99596,-0.006866626,,,
32165.99463,0.003144861,,,
31956.57158,-0.006531984,,,
32096.99973,0.004384717,,,
32215.74602,0.00369278,,,
32504.96018,0.008937359,,,
32459.91383,-0.001386791,,,
32484.16825,0.000746933,,,
32426.98494,-0.001761895,,,
32323.67037,-0.003191154,,,
32429.27574,0.003261797,,,
32742.86443,0.009623471,,,
33137.56865,0.011982585,,,
33050,-0.002646077,,,
33312.28444,0.007904665,,,
33403.94109,0.002747659,,,
33496.10944,0.002755406,,,
33845.97346,0.010390744,,,
33702.13595,-0.004258823,,,
33717.64525,0.000460082,,,
33524.45568,-0.005746106,,,
33780.98155,0.007622776,,,
33850,0.002041031,,,
33989.45466,0.00411132,,,
33812.95377,-0.005206343,,,
33869.94426,0.001684045,,,
33805.97091,-0.00189058,,,
33711.94817,-0.002785121,,,
34042.91714,0.009769678,,,
34049.99,0.000207741,,,
34353.0096,0.008859892,,,
34181.64084,-0.005000948,,,
34049.64865,-0.003868969,,,
33833.3663,-0.00637223,,,
33896.58195,0.001866698,,,
33945.29023,0.001435936,,,
33785.29387,-0.004724502,,,
33627.98852,-0.004666903,,,
33813.31173,0.005495851,,,
33901.41131,0.002602082,,,
33835.23863,-0.001953823,,,
33730.97832,-0.003086169,,,
33665.28158,-0.001949567,,,
33796.08642,0.003877923,,,
34005.4243,0.006175041,,,
33928.46613,-0.002265679,,,
33969.2709,0.001201948,,,
33866.14906,-0.003040356,,,
33892.90724,0.000789804,,,
33742.41307,-0.004450173,,,
33757.38795,0.000443701,,,
34110.20811,0.010397402,,,
34595.67047,0.014131846,,,
35468.46495,0.024915447,,,
35213.2404,-0.007221831,,,
35268.9429,0.001580613,,,
35179.23075,-0.002546899,,,
35119,-0.001713579,,,
34659.14409,-0.013180705,,,
34958.80015,0.00860864,,,
35095.97381,0.003916188,,,
35126.91855,0.000881329,,,
34916.93658,-0.005995746,,,
35135.12531,0.006229351,,,
34993.99618,-0.004024842,,,
35030,0.001028328,,,
34826.18487,-0.005835295,,,
34663.97382,-0.004668614,,,
34680.1381,0.000466205,,,
34198.13574,-0.013996002,,,
34462.48223,0.007700128,,,
34592.24233,0.003758186,,,
34034.41757,-0.016257153,,,
33951.69772,-0.002433435,,,
34078.35108,0.003723458,,,
33912.86799,-0.004867788,,,
34301.71505,0.011400825,,,
34220.99642,-0.002355968,,,
34346.96686,0.003674328,,,
34435.70677,0.0025803,,,
34900.21078,0.013398855,,,
34665.23581,-0.006755534,,,
34768.27612,0.002968031,,,
34936,0.004812451,,,
34981.55816,0.001303197,,,
34868.74982,-0.003230006,,,
34592.02334,-0.007967891,,,
34921.05865,0.009466931,,,
34566.39741,-0.01020801,,,
34596.4603,0.000869336,,,
34480.0085,-0.003371681,,,
34536.57873,0.001639323,,,
34103.57815,-0.012616705,,,
34348.96756,0.007169652,,,
34516.2835,0.004859236,,,
34206.17872,-0.009024906,,,
34540,0.009711781,,,
34643.69597,0.002997702,,,
34718.70239,0.002162741,,,
34572.70183,-0.004214109,,,
34954,0.010968505,,,
34765.79,-0.005399054,,,
34679.58402,-0.0024827,,,
34609.03423,-0.002036404,,,
34792.90552,0.005298749,,,
34914.96146,0.003501931,,,
35040.78252,0.003597165,,,
34850.5684,-0.005443151,,,
35156,0.008725854,,,
34972.33403,-0.005238008,,,
35164.53252,0.005480683,,,
35213.94456,0.001404181,,,
35555.94586,0.009665239,,,
35644,0.002473434,,,
35621.49562,-0.000631565,,,
34867.75219,-0.021386869,,,
34346.90453,-0.015050497,,,
35209.20442,0.024795638,,,
35369.63067,0.004546024,,,
35948.22702,0.016226204,,,
36293.64436,0.009562874,,,
36038,-0.007068702,,,
35897.39875,-0.003909103,,,
35833.04174,-0.001794413,,,
36088.7914,0.007111908,,,
36287.8523,0.005500708,,,
36209.47407,-0.002162239,,,
35980.24439,-0.006350778,,,
36269.90688,0.008018365,,,
36239.04416,-0.00085128,,,
36697.91729,0.012582898,,,
36755.11736,0.00155746,,,
36621.11651,-0.003652436,,,
36957.34892,0.009139488,,,
37190.54004,0.006289913,,,
37115.98384,-0.002006721,,,
36894.06851,-0.005996915,,,
36910.9243,0.000456765,,,
36815.9685,-0.002575881,,,
36821.78245,0.000157907,,,
36768.04247,-0.001460528,,,
36604.78872,-0.004449986,,,
36810.73309,0.005610392,,,
36929.00001,0.003207688,,,
37020.3343,0.002470187,,,
37564.50826,0.014592338,,,
37612.20485,0.00126892,,,
37445.90467,-0.004431246,,,
37315.35906,-0.003492336,,,
37238.35005,-0.002065867,,,
37476.41063,0.00637254,,,
37416.38841,-0.001602884,,,
37339.18906,-0.002065381,,,
37479.72863,0.003756797,,,
37340.51656,-0.003721245,,,
37327.61388,-0.000345601,,,
37226.54014,-0.00271142,,,
36792.69229,-0.011722705,,,
37060.9623,0.00726494,,,
37126.45102,0.001765495,,,
37278.45411,0.004085841,,,
37116.42319,-0.004355977,,,
37072.90595,-0.00117314,,,
36831.76214,-0.00652583,,,
36850,0.000495044,,,
36868.64945,0.000505963,,,
37191.04578,0.008706446,,,
37188.92251,-5.70926E-05,,,
37036.36103,-0.004110774,,,
37090.78463,0.001468385,,,
37240,0.004014906,,,
37473.04088,0.006238312,,,
37241.78646,-0.006190342,,,
37129.86671,-0.003009744,,,
37043.80606,-0.002320518,,,
37024.88054,-0.000511026,,,
37238.99309,0.00576628,,,
37190.00072,-0.001316486,,,
37391.90327,0.005414263,,,
37820.09162,0.011386295,,,
37897.11043,0.002034381,,,
37938.76671,0.001098591,,,
37943.3487,0.000120766,,,
37964.35201,0.000553391,,,
38287.10302,0.008465489,,,
38344.83456,0.001506723,,,
38213.94398,-0.003419352,,,
38162.47095,-0.001347878,,,
38497.6199,0.008743822,,,
38487.52208,-0.000262332,,,
38377.09498,-0.00287329,,,
38442.39694,0.001700141,,,
38181.60832,-0.006806996,,,
38303.70875,0.003192784,,,
38583.62878,0.007281336,,,
38905.94623,0.008319037,,,
39043.21623,0.003522043,,,
39180.2,0.003502376,,,
39215.18772,0.000892596,,,
39122.19448,-0.002374174,,,
39364.27096,0.006168637,,,
39647.27683,0.007163689,,,
39640.25326,-0.000177167,,,
39718.57764,0.00197393,,,
40170.98357,0.011325904,,,
39079.41,-0.027549203,,,
37872.8987,-0.031359947,,,
38789.29677,0.02390857,,,
38162.18791,-0.016299172,,,
38683.95745,0.013579798,,,
39057.17554,0.009601634,,,
39019.51609,-0.000964678,,,
38825.45346,-0.004985885,,,
38400,-0.011018589,,,
38964.71044,0.014598916,,,
39105.35342,0.003602998,,,
39391.99753,0.007303314,,,
39426.56608,0.000877168,,,
39741.62951,0.007959386,,,
39672.36619,-0.001744361,,,
39603.45399,-0.001738543,,,
39712.18894,0.00274183,,,
39700,-0.000306979,,,
39571.59673,-0.003239581,,,
38938.58996,-0.016125818,,,
38879.22068,-0.001525854,,,
38917.52487,0.000984725,,,
39430.3895,0.013092166,,,
39627.34505,0.004982585,,,
39447.44198,-0.004550208,,,
39188.62209,-0.006582751,,,
38802,-0.00991466,,,
38762.0064,-0.001031241,,,
38520.52733,-0.006249274,,,
38189.6011,-0.008628021,,,
38679.11315,0.012736486,,,
38170.50301,-0.013236698,,,
37851.79787,-0.008384566,,,
36771.85823,-0.028945648,,,
37175.18382,0.010908607,,,
37979.95067,0.02141697,,,
38169.85028,0.004987538,,,
38100.31382,-0.001823425,,,
38354.56877,0.006651136,,,
38552.54035,0.005148341,,,
38719.21125,0.004313896,,,
38765.53027,0.001195565,,,
38699.57766,-0.00170277,,,
38427.48172,-0.007055814,,,
38376.56763,-0.001325818,,,
38409.36287,0.000854199,,,
37971.54808,-0.01146411,,,
38200.28141,0.006005738,,,
38549.21302,0.009092803,,,
38366.8143,-0.00474281,,,
38521.90174,0.004034081,,,
38363.50894,-0.004120236,,,
38871.42633,0.013152719,,,
38876.19246,0.000122605,,,
38906.70544,0.000784568,,,
38682.40287,-0.005781822,,,
38796.11313,0.002935274,,,
38512.72709,-0.007331304,,,
38633.14833,0.003121912,,,
38313.51212,-0.008308042,,,
38759.29505,0.011567968,,,
38827.96014,0.00177001,,,
39317.38761,0.012526245,,,
39607.58677,0.007353831,,,
39872.51827,0.006666637,,,
40611.4255,0.018362122,,,
40703.95745,0.002275879,,,
41317.27209,0.014955301,,,
41173.1731,-0.003493717,,,
41168.97055,-0.000102075,,,
41277.92421,0.002643004,,,
41612.89033,0.008082149,,,
41543.73836,-0.001663174,,,
41520,-0.00057157,,,
41261.97273,-0.00623392,,,
40981.40954,-0.006822781,,,
41355.30246,0.009082109,,,
41433.61635,0.001891893,,,
41308.90415,-0.003014467,,,
41316.46618,0.000183044,,,
41204.94891,-0.002702749,,,
41343.99451,0.003368807,,,
41384.05738,0.000968544,,,
41118.96611,-0.006426242,,,
40429.20511,-0.016917055,,,
40545.40103,0.002869937,,,
40778.67234,0.005736849,,,
40760.74953,-0.000439611,,,
41133.89143,0.009112794,,,
41458.92295,0.007870738,,,
41314.4473,-0.003490876,,,
41433.93223,0.002887912,,,
41267.42207,-0.004026787,,,
41089.43233,-0.004322409,,,
41019.93407,-0.001692822,,,
40665.29424,-0.008683138,,,
40239.54796,-0.010524715,,,
40364.5937,0.003102715,,,
39935.54345,-0.010686266,,,
40412.67035,0.011876618,,,
40198.17398,-0.005321787,,,
40274.54214,0.00189799,,,
40366.79388,0.002287953,,,
39960.17766,-0.010124114,,,
39673.92861,-0.007189138,,,
39157.29543,-0.013107511,,,
39044.56813,-0.002882984,,,
39504.3606,0.011707294,,,
39703.34255,0.005024319,,,
39742.8289,0.000994041,,,
40052.76785,0.007768361,,,
39955.78213,-0.002424385,,,
40079.18722,0.003083782,,,
40519.36917,0.010922933,,,
40672.72928,0.003777714,,,
40640.08294,-0.000802981,,,
40809.42184,0.004158138,,,
40727,-0.002021719,,,
40600,-0.003123197,,,
40731.50958,0.003233917,,,
40782.50619,0.001251236,,,
40310.15556,-0.011649783,,,
40310.76366,1.50852E-05,,,
40251.5485,-0.001470046,,,
40162.75644,-0.002208366,,,
39995.99991,-0.004160663,,,
40205.6033,0.005226925,,,
40400.64228,0.004839311,,,
40267.98666,-0.003288905,,,
39712.56345,-0.01388918,,,
39971.72454,0.00650472,,,
40032.06708,0.001508492,,,
40222.3,0.004740758,,,
40168.31937,-0.001342959,,,
40225.13136,0.001413349,,,
39960.23581,-0.006607104,,,
40190.48261,0.005745362,,,
40320.89603,0.00323963,,,
40239.57315,-0.002018928,,,
39959.33429,-0.006988624,,,
39711.17611,-0.006229632,,,
39837.96351,0.003187652,,,
39317.81291,-0.013142644,,,
39438.70637,0.003070058,,,
39164.65227,-0.006973117,,,
39080.12508,-0.002160584,,,
38959.12333,-0.003101051,,,
39110.99529,0.00389066,,,
39424.07773,0.007973103,,,
39548.32976,0.003146723,,,
39636.86912,0.002236261,,,
39767.16005,0.003281724,,,
39546.06384,-0.005575281,,,
40041.74825,0.01245645,,,
40167.73646,0.003141482,,,
40624.56882,0.011308929,,,
40556.34302,-0.001680834,,,
40374.68948,-0.004489102,,,
40328.49396,-0.001144825,,,
40215.06798,-0.002816514,,,
40596.97711,0.009451857,,,
40467.07245,-0.003204991,,,
40377.70038,-0.002210956,,,
40433.77016,0.001387669,,,
41034,0.01473566,,,
40960.11776,-0.001802136,,,
40543.14493,-0.010232142,,,
40762.54541,0.005396941,,,
40675.85654,-0.002128944,,,
40618.26968,-0.001416753,,,
40869.75248,0.006172284,,,
40817.07743,-0.001289683,,,
40865.2,0.001178287,,,
41038.11125,0.004222333,,,
41041.98948,9.44986E-05,,,
41309.49745,0.00649676,,,
41077.9465,-0.00562104,,,
40956.91886,-0.002950641,,,
40827.48056,-0.003165357,,,
40343.10399,-0.011934923,,,
40543.33273,0.004950871,,,
40721.24958,0.004378713,,,
40547.51506,-0.004275561,,,
40349.73865,-0.00488958,,,
40125.93855,-0.005561946,,,
40224.40796,0.002451003,,,
40021.24316,-0.005063582,,,
40387.97162,0.009121616,,,
40452.3954,0.001593852,,,
40554.56681,0.002522535,,,
40419.57584,-0.003334178,,,
40667,0.006102735,,,
40672.7537,0.000141473,,,
40681.26101,0.000209143,,,
40653.26839,-0.000688333,,,
40763.93451,0.002718497,,,
40812.93447,0.00120132,,,
40663.62969,-0.003664979,,,
40673.47568,0.000242103,,,
40267.01326,-0.010043573,,,
40494.34338,0.005629691,,,
40437.72009,-0.00139928,,,
40610.56831,0.004265321,,,
40648.27837,0.000928147,,,
40685.39587,0.000912722,,,
40575.32835,-0.002708998,,,
40662.03375,0.00213462,,,
40450.75594,-0.005209494,,,
39997.90003,-0.011258378,,,
40199.16685,0.005019317,,,
40228.2732,0.000723792,,,
40124.18562,-0.002590777,,,
40242.7897,0.002951565,,,
40258.32783,0.000386035,,,
40091.10956,-0.004162282,,,
40399.38055,0.007659849,,,
40493.71904,0.002332425,,,
40660.12578,0.004101025,,,
40567.44956,-0.002281892,,,
40582.9,0.000380786,,,
41062.02199,0.011736859,,,
41227.13739,0.004013059,,,
41117.94416,-0.00265209,,,
41041.28166,-0.001866194,,,
40855.6257,-0.004533902,,,
41040.2022,0.0045076,,,
40936.29505,-0.002535049,,,
40701.59833,-0.005749716,,,
40446.59738,-0.006284842,,,
40497.61109,0.001260466,,,
40346.12555,-0.003747618,,,
40595.6404,0.006165312,,,
40373.11851,-0.005496502,,,
40206.51308,-0.004135181,,,
40357.14769,0.003739522,,,
40444.4781,0.002161601,,,
40582.36323,0.003403446,,,
40476.8544,-0.002603254,,,
40461.44682,-0.000380724,,,
40705.6,0.006016085,,,
40661.36978,-0.001087179,,,
40973.87512,0.007656175,,,
40924,-0.001217983,,,
41035.887,0.002730289,,,
40897.87519,-0.003368866,,,
40769.18478,-0.003151589,,,
40973.75813,0.005005295,,,
40739.89325,-0.005724026,,,
40664.94094,-0.001841471,,,
40729.41747,0.0015843,,,
40806.30593,0.001886007,,,
41015.46751,0.005112625,,,
40927.895,-0.002137392,,,
40818.82196,-0.002668562,,,
40732.42833,-0.002118757,,,
40757.96212,0.00062667,,,
40391.42226,-0.009033768,,,
40454.9832,0.001572388,,,
40428.6051,-0.000652249,,,
40180.42172,-0.006157726,,,
39298.08147,-0.022204155,,,
39295.81573,-5.76571E-05,,,
39172.8147,-0.003135039,,,
39510.10618,0.008573488,,,
39629.6,0.003019822,,,
39552.77987,-0.001940334,,,
39518.28676,-0.000872458,,,
39878.75185,0.009080126,,,
39901.05768,0.000559185,,,
39824.30685,-0.001925381,,,
39775.58019,-0.00122429,,,
39661.93662,-0.002861208,,,
39748.47628,0.002179555,,,
39521.45889,-0.00572772,,,
39378.98625,-0.003611457,,,
39464.79331,0.002176636,,,
39734.3,0.006805829,,,
39783.89554,0.001247401,,,
39672.70311,-0.002798824,,,
39633.63124,-0.000985341,,,
39388.6281,-0.006200884,,,
39360.72189,-0.000708735,,,
39230.05881,-0.003325153,,,
38974.89184,-0.00652562,,,
38169.85717,-0.020871515,,,
37750.69644,-0.0110422,,,
38576,0.021626397,,,
38558.2506,-0.000460221,,,
38037.54935,-0.013596288,,,
38049.80935,0.000322261,,,
38016.33912,-0.00088003,,,
38466.34955,0.011767777,,,
38221.88896,-0.00637546,,,
37825.68792,-0.010419915,,,
37438.34071,-0.010293114,,,
36811.15844,-0.016894314,,,
35964.46899,-0.023269539,,,
37305.40594,0.036606769,,,
37700.71748,0.010540878,,,
37960.77551,0.006874278,,,
37609.21152,-0.009304395,,,
37849.7049,0.006374176,,,
38077.56526,0.006002087,,,
38735.12201,0.017121463,,,
38846.98002,0.002883605,,,
38802.94596,-0.001134169,,,
38435.37822,-0.009517827,,,
38486.10796,0.001319001,,,
38280.16876,-0.005365369,,,
38456.52643,0.004596444,,,
38181.90417,-0.007166729,,,
37594.66566,-0.015499521,,,
37594.07378,-1.57439E-05,,,
37227.02042,-0.009811573,,,
37165.41881,-0.001656126,,,
37683.1956,0.013835528,,,
37745.64633,0.001655885,,,
37191.8,-0.014781833,,,
37260.81062,0.001853814,,,
36780.39845,-0.012977068,,,
36644.40016,-0.003704428,,,
37061.44143,0.01131649,,,
36364.46682,-0.018985003,,,
35740.24382,-0.01731478,,,
35361.10974,-0.01066471,,,
34123.80542,-0.035617374,,,
35410.56585,0.037014999,,,
35830.89406,0.011800238,,,
34735.88388,-0.031037214,,,
35161.91144,0.012190165,,,
35530.01921,0.010414515,,,
35693.69464,0.004596102,,,
35604.63199,-0.002498311,,,
34956.24708,-0.018378545,,,
34914.56739,-0.00119305,,,
33731.68853,-0.034466438,,,
34298.09286,0.016652043,,,
33560.38664,-0.021743349,,,
32828,-0.022064593,,,
33011.56747,0.00557622,,,
33673.1338,0.019842273,,,
34472.20715,0.023453107,,,
34373.05808,-0.002880347,,,
35339.44441,0.027726683,,,
35277.05156,-0.00176709,,,
35774.67292,0.014007528,,,
35440.37522,-0.00938847,,,
35128.37846,-0.008842406,,,
35548.223,0.011880862,,,
35171.42033,-0.010656339,,,
35753.4561,0.016413108,,,
36192.09912,0.0121939,,,
35679.19427,-0.014273113,,,
35416.10431,-0.007401085,,,
35375.3188,-0.001152273,,,
34715.42204,-0.018830341,,,
34600.65332,-0.003311463,,,
34919.00326,0.009158623,,,
34243.64173,-0.019530283,,,
33741.51822,-0.014771831,,,
34837.64478,0.031969475,,,
34658.96954,-0.005141995,,,
34262.4734,-0.011505868,,,
34002.30979,-0.007622228,,,
33382.67585,-0.018391379,,,
33622.74243,0.007165618,,,
32859.17952,-0.022971553,,,
31085.52962,-0.055488718,,,
33082.7987,0.062271045,,,
33384.91405,0.009090652,,,
33300,-0.002546726,,,
32781.41591,-0.01569563,,,
32654.27175,-0.003886085,,,
31987.15317,-0.020641323,,,
31601.38764,-0.012133326,,,
30829,-0.024745227,,,
31154.55793,0.010504751,,,
30524.88975,-0.020418148,,,
31713.66537,0.038205264,,,
31187.16491,-0.016741043,,,
32564.41634,0.04321354,,,
33063.72152,0.015216486,,,
32870.53649,-0.005859945,,,
32876.41327,0.00017877,,,
32990.8067,0.003473459,,,
33201.50057,0.006366135,,,
32565.70923,-0.019335202,,,
31834.08988,-0.022722146,,,
31387.79861,-0.014118486,,,
32176.1025,0.024804781,,,
32259.75566,0.00259648,,,
31640.98547,-0.01936721,,,
31797.1041,0.004921931,,,
32209.92293,0.012899351,,,
33370,0.035382722,,,
33913.12394,0.016144784,,,
34366.65016,0.013284546,,,
34168.38631,-0.005785782,,,
33959.74817,-0.006124894,,,
34280,0.009386148,,,
34600,0.009291588,,,
34499.35722,-0.002912989,,,
34376.50292,-0.003567416,,,
34882.80701,0.014620796,,,
35075.45979,0.005507663,,,
35352.3836,0.007864084,,,
35438.70366,0.002438728,,,
34778.00983,-0.018819261,,,
34577.8296,-0.005772572,,,
35091.29676,0.01474043,,,
34950.56374,-0.004018546,,,
35362.24613,0.011710159,,,
34957.64395,-0.011507602,,,
34389.15658,-0.016395857,,,
34260.01424,-0.00376239,,,
33795.50582,-0.013651079,,,
33882.37046,0.002567004,,,
34316.21128,0.012723041,,,
34324.5772,0.00024376,,,
34240.65825,-0.002447858,,,
34920.50115,0.019660306,,,
34804.41761,-0.003329761,,,
34983.572,0.005134258,,,
34948.82202,-0.000993817,,,
34913.1053,-0.001022495,,,
34783.42988,-0.003721148,,,
35271.68987,0.013939535,,,
35349.29282,0.002197732,,,
35071.71666,-0.007883375,,,
35294.47723,0.006331487,,,
35837.14144,0.015258327,,,
35755.21679,-0.002288643,,,
36211.70155,0.012686131,,,
36086.11438,-0.003474166,,,
36005.95862,-0.002223706,,,
35753.4039,-0.007038963,,,
35814.93089,0.001719392,,,
36561.5613,0.02063258,,,
36424.95539,-0.003743324,,,
36111.03858,-0.008655531,,,
36093.98094,-0.000472478,,,
36161.23956,0.001861696,,,
35781.26572,-0.010563362,,,
35955.01364,0.004844083,,,
35844.48747,-0.003078747,,,
36028.24244,0.005113354,,,
35924,-0.002897547,,,
35373.71815,-0.015436477,,,
34876,-0.014170206,,,
35122.32127,0.007037948,,,
35069.81133,-0.001496178,,,
35450.99624,0.010810671,,,
35606.06293,0.004364575,,,
35300.70633,-0.008612957,,,
35381.13788,0.002275877,,,
35660.31328,0.007859548,,,
35327.67305,-0.009371802,,,
34998.49209,-0.009361618,,,
35033.54484,0.001001049,,,
35286.55081,0.007195868,,,
34580.38032,-0.020215416,,,
33939.15398,-0.018717146,,,
33297.25761,-0.019094293,,,
33802.22102,0.015051471,,,
32930.55187,-0.026125656,,,
33217.17677,0.008666259,,,
33420.0783,0.006089751,,,
33718.96797,0.008903661,,,
34071.16588,0.010390924,,,
33833.73284,-0.006993134,,,
33826.07258,-0.000226435,,,
34419,0.017376854,,,
34581.81298,0.00471917,,,
34639.56065,0.001668493,,,
34956.26357,0.009101267,,,
35052.61394,0.002752521,,,
34616.98796,-0.012505645,,,
34663.72628,0.001349245,,,
34989.15215,0.009344287,,,
35372.04799,0.010883829,,,
35292.00731,-0.002265387,,,
35068.9495,-0.006340407,,,
35016.3746,-0.001500311,,,
34858.32077,-0.00452393,,,
34564.11457,-0.008475875,,,
34267.56705,-0.008616653,,,
34680.18935,0.011969272,,,
34310.99625,-0.010702719,,,
34218.19709,-0.002708312,,,
33935.48401,-0.008296388,,,
34290.63145,0.010410988,,,
34339.70562,0.001430102,,,
34106.15696,-0.006824359,,,
34269.76227,0.004785475,,,
34709.10847,0.012738745,,,
34783.98162,0.002154838,,,
34403.98065,-0.010984708,,,
34205.57503,-0.005783631,,,
33714.55132,-0.014459109,,,
33989.69584,0.008127881,,,
33423.73686,-0.016791083,,,
33823.71936,0.011895981,,,
34063.08865,0.007052041,,,
33784.90669,-0.008200198,,,
33112.22556,-0.020111589,,,
33170.43007,0.001756252,,,
32635.9,-0.016245909,,,
33131.34115,0.015066788,,,
32588.95079,-0.016506399,,,
32690.95981,0.003125283,,,
33135.01234,0.013491917,,,
33200.34422,0.001969746,,,
32833.42044,-0.011113332,,,
32824.66733,-0.000266627,,,
33021.61097,0.00598194,,,
34063.93807,0.031077065,,,
33922.26653,-0.004167661,,,
33854.56608,-0.001997747,,,
33801.16428,-0.001578634,,,
33677.80952,-0.003656099,,,
33712.67744,0.001034802,,,
33239.69565,-0.014129138,,,
33168.95509,-0.002130463,,,
33459.12248,0.008710118,,,
33044.63667,-0.012465195,,,
33094.06474,0.00149468,,,
33296.3868,0.006094933,,,
33507.60031,0.006323401,,,
33785.6047,0.008262527,,,
33962.2204,0.005213927,,,
33781.70693,-0.005329301,,,
33943.8277,0.004787591,,,
34615.95416,0.019607647,,,
34835.13201,0.006311739,,,
34955.55519,0.003450985,,,
34698.97052,-0.007367384,,,
34645.99764,-0.001527808,,,
34600,-0.001328529,,,
34517.87601,-0.002376347,,,
34753.16799,0.006793398,,,
34734.91191,-0.000525445,,,
34293.23792,-0.012797098,,,
34351.11347,0.001686244,,,
34795.99883,0.01286797,,,
34735.86577,-0.001729655,,,
34649.28398,-0.002495688,,,
34918.56966,0.007741709,,,
34690.95147,-0.006539882,,,
34851.84578,0.004627211,,,
34620.20935,-0.006668503,,,
34389.21364,-0.006694639,,,
34241.09486,-0.004316432,,,
34182.62908,-0.001708933,,,
34350,0.004884425,,,
34274.32446,-0.002205503,,,
34509.92429,0.006850427,,,
34548.86886,0.001127867,,,
34635.58702,0.00250687,,,
34571.75205,-0.001844746,,,
34589.1526,0.00050319,,,
34885.889,0.008542297,,,
34684.65118,-0.005785161,,,
34223.5165,-0.013384235,,,
34406.28405,0.005326199,,,
34624.40032,0.006319421,,,
34670.33339,0.001325731,,,
34672.9504,7.548E-05,,,
34551.20327,-0.003517479,,,
34453.68351,-0.002826461,,,
34558.62708,0.003041302,,,
34759.47721,0.005795043,,,
34910.31884,0.004330194,,,
34850.5,-0.00171497,,,
34877.98832,0.000788439,,,
34806.59904,-0.002048927,,,
34780.28744,-0.000756223,,,
35100,0.009150357,,,
35692.47846,0.016738849,,,
35778.63776,0.002411025,,,
35841.80052,0.00176382,,,
35816.94568,-0.0006937,,,
36029.98993,0.005930521,,,
35988.99254,-0.001138516,,,
36290.62927,0.008346432,,,
35927.23629,-0.010063882,,,
35955.9732,0.000799544,,,
36191.57762,0.006531206,,,
36298.66798,0.002954617,,,
36207,-0.002528576,,,
36409.89897,0.005588217,,,
37249.54794,0.022799122,,,
37210,-0.001062267,,,
37355.16795,0.003893725,,,
37088.55209,-0.007162915,,,
37149.67096,0.001646561,,,
37320.01958,0.004574987,,,
37265.50934,-0.001461685,,,
37094,-0.004612985,,,
37369.23926,0.007392655,,,
37932.30817,0.014955321,,,
37854.86055,-0.00204382,,,
37787.79575,-0.001773201,,,
37768.65252,-0.000506727,,,
37508.77224,-0.006904628,,,
37750,0.006410644,,,
37507.89695,-0.00643398,,,
37438.68501,-0.001846968,,,
37248.50155,-0.005092811,,,
37258.9561,0.000280631,,,
37581.73004,0.008625681,,,
37431.98371,-0.003992511,,,
37369.46909,-0.001671482,,,
37343.54265,-0.000694028,,,
37424.45338,0.002164315,,,
37035.34344,-0.01045164,,,
36871.11997,-0.004444097,,,
37223.97829,0.009524543,,,
37345.85198,0.003268716,,,
37490,0.003852383,,,
37350.94703,-0.003715964,,,
37435.34788,0.002257122,,,
37570.76932,0.003610948,,,
37543,-0.000739394,,,
37700,0.004173152,,,
37994.6607,0.007785548,,,
37871.90904,-0.003235991,,,
37817.9243,-0.001426473,,,
38324.63936,0.013309837,,,
38550.11077,0.005865959,,,
38377.44102,-0.00448916,,,
38244.98789,-0.003457298,,,
38667.22296,0.010979773,,,
38382.57708,-0.007388654,,,
38487.88615,0.002739912,,,
38406.64085,-0.002113163,,,
38222.8506,-0.004796863,,,
38072.63357,-0.003937775,,,
38347.2,0.007185768,,,
37930,-0.010939158,,,
38237.00233,0.008061338,,,
38184.99622,-0.001361025,,,
38023.09928,-0.004248819,,,
38477.0563,0.011868273,,,
38375,-0.002655917,,,
38170,-0.005356339,,,
38147.8466,-0.000580556,,,
38368.84897,0.005776595,,,
38023.09901,-0.009052062,,,
37896.13958,-0.003344595,,,
38150.82235,0.006698064,,,
38256.05317,0.002754487,,,
38412.26207,0.004074933,,,
38618.55065,0.005356014,,,
38678.10072,0.001540819,,,
38979.63588,0.007765786,,,
39230.40669,0.006412774,,,
39329.01735,0.002510474,,,
39568.77614,0.006077725,,,
39580.16722,0.000287839,,,
39502.74155,-0.001958089,,,
39821,0.008024336,,,
39601.27775,-0.005533027,,,
39503.39836,-0.002474682,,,
39936.87712,0.010913433,,,
39682.42098,-0.006391842,,,
39809.62425,0.003200405,,,
39242.28322,-0.014353879,,,
39576.39742,0.008478097,,,
39787.09955,0.005309812,,,
39550,-0.005977034,,,
39434.26318,-0.002930632,,,
39560.05057,0.003184723,,,
39377,-0.004637896,,,
39285.11302,-0.002336246,,,
39323.6323,0.000980025,,,
39503.15218,0.004554802,,,
39640.95695,0.003482379,,,
39572.25921,-0.001734502,,,
39865.20443,0.007375526,,,
39713.15905,-0.003821279,,,
39543.41685,-0.004283366,,,
39703.37547,0.004036979,,,
39335.40522,-0.009311199,,,
39017.38624,-0.008117662,,,
38477.30548,-0.013938748,,,
38467.76298,-0.000248034,,,
38791.38042,0.008377503,,,
38776.51084,-0.000383395,,,
38529.72873,-0.006384554,,,
38534.4212,0.000121781,,,
38972.5621,0.011305963,,,
39007.92025,0.000906846,,,
38875.87075,-0.00339094,,,
38953.62295,0.001998014,,,
39158.75643,0.005252278,,,
39468.12489,0.00786932,,,
39403.29687,-0.001643892,,,
39490.74721,0.002216907,,,
39464.84132,-0.000656214,,,
39570,0.002661073,,,
39454.90654,-0.002912842,,,
39438.20246,-0.000423461,,,
39166.35625,-0.006916833,,,
39351.30302,0.004710969,,,
39433.91743,0.002097206,,,
39269.14574,-0.00418718,,,
39270,2.17537E-05,,,
38961.36152,-0.007890444,,,
38787.97341,-0.00446019,,,
38662.7864,-0.003232689,,,
38706.97992,0.001142398,,,
38497.64281,-0.00542293,,,
38486.27948,-0.000295213,,,
38617.79445,0.003411366,,,
38431.16094,-0.004844553,,,
38721.63989,0.007530001,,,
38761.27042,0.001022949,,,
38463.27537,-0.007717663,,,
37822.4186,-0.016801888,,,
37822.3986,-5.29042E-07,,,
37955.89073,0.003523233,,,
37977.09,0.000558368,,,
38025,0.001260755,,,
38272.6692,0.006492205,,,
38405.52622,0.003465318,,,
38324.00155,-0.002124989,,,
38460,0.003542368,,,
38294.11466,-0.00432252,,,
38437.66553,0.003741632,,,
38496.07567,0.001518453,,,
38279.21625,-0.005649213,,,
38124.19721,-0.004057914,,,
38469.3844,0.009013537,,,
38604.69546,0.003511199,,,
38662.7947,0.001503847,,,
38625.0651,-0.00097634,,,
38580.20255,-0.001162163,,,
38460.73421,-0.003101427,,,
38441.53842,-0.000499226,,,
38142.74493,-0.007803037,,,
38146.65767,0.000102576,,,
38276.86404,0.003407498,,,
38112.53164,-0.004302499,,,
38058.75745,-0.001411928,,,
37437.16902,-0.016467179,,,
37560.97869,0.003301676,,,
37780.98195,0.005840142,,,
37640.79644,-0.003717379,,,
37458.16974,-0.004863637,,,
37721.04277,0.006993266,,,
37681.27733,-0.001054754,,,
37468.07862,-0.005674015,,,
37201.41582,-0.007142513,,,
36942.31183,-0.006989264,,,
36914.89772,-0.000742354,,,
36383.50945,-0.014499567,,,
36778.93922,0.010809743,,,
36321.0274,-0.012528537,,,
35626.13287,-0.019317403,,,
35413.2053,-0.005994656,,,
35965.34263,0.015470988,,,
36160.0206,0.005398335,,,
36177.89008,0.000494056,,,
35588.53403,-0.016424653,,,
36001.13846,0.011527054,,,
35741.43441,-0.007239918,,,
35994.35371,0.007051441,,,
36048.16787,0.001493956,,,
35900,-0.004118745,,,
35331,-0.01597653,,,
35413.12421,0.002321726,,,
35777.47813,0.010236101,,,
35800,0.000629301,,,
35627.11849,-0.00484079,,,
35257.09179,-0.010440409,,,
35352.02575,0.002689002,,,
35276.14158,-0.002148837,,,
35405.38246,0.003656996,,,
35610.30959,0.005771336,,,
35736.66447,0.003541986,,,
35906.23545,0.004733792,,,
36256.41706,0.009705418,,,
36252.69347,-0.000102707,,,
36214.18056,-0.001062911,,,
36280.31281,0.001824477,,,
36744.76306,0.012720466,,,
36607.49899,-0.003742604,,,
36479.55031,-0.003501272,,,
36630.71648,0.004135298,,,
36869.75754,0.0065045,,,
36745.86292,-0.003365991,,,
37338.18061,0.015990766,,,
37206.07679,-0.003544309,,,
37157.02084,-0.001319363,,,
37160.46581,9.27097E-05,,,
37429.34214,0.007209497,,,
37398.24069,-0.000831283,,,
36948.1498,-0.01210809,,,
37003.49561,0.001496811,,,
37174.15445,0.004601363,,,
36661.03253,-0.01389934,,,
36493.32959,-0.004584914,,,
36232.11734,-0.007183548,,,
36389.70456,0.004339948,,,
36454.72431,0.001785168,,,
36219.96365,-0.006460612,,,
36557.34425,0.009271654,,,
36357,-0.005495345,,,
36266.18683,-0.002500943,,,
36362.09176,0.002640982,,,
36575.21307,0.005843976,,,
36360.10251,-0.005898684,,,
35854.49229,-0.014003222,,,
35756.35158,-0.002740947,,,
35858.15593,0.002843123,,,
36131.71038,0.007599841,,,
36179.83908,0.001331149,,,
36210.81282,0.000855739,,,
36114.85423,-0.002653516,,,
36748.58059,0.017395346,,,
36723.70078,-0.000677257,,,
36630.95,-0.002528833,,,
36584.21401,-0.001276675,,,
36757.07303,0.004713834,,,
36615.1736,-0.003867937,,,
37369.68089,0.020396971,,,
37465.42156,0.002558712,,,
37309.23255,-0.004177599,,,
37275,-0.000917957,,,
37312.72334,0.001011516,,,
37440.57183,0.003420548,,,
37850.63511,0.010892835,,,
37697.8,-0.004046022,,,
37403.7407,-0.007831019,,,
37432.33872,0.000764284,,,
37328.7723,-0.002770598,,,
37545,0.005775809,,,
37763.15691,0.005793729,,,
37660.54821,-0.002720862,,,
37757.53483,0.002571974,,,
36928.94999,-0.022189258,,,
37287.07029,0.009650829,,,
37379.32312,0.002471068,,,
37521.86834,0.003806225,,,
37655.03202,0.003542679,,,
37261.00393,-0.010519289,,,
37152.00048,-0.00292969,,,
37273.00441,0.003251704,,,
36760.69124,-0.013840221,,,
37061.98456,0.008162668,,,
37211.62473,0.004029436,,,
37179.77474,-0.000856282,,,
37165.73217,-0.000377765,,,
37514.24322,0.009333522,,,
37448.20977,-0.001761775,,,
37349.2358,-0.002646455,,,
37249.91178,-0.002662874,,,
37075,-0.004706688,,,
37178.75346,0.002794567,,,
36975.0132,-0.005495089,,,
36907.25112,-0.001834327,,,
37046.58481,0.00376813,,,
36876.77725,-0.004594159,,,
37031.9203,0.004198241,,,
37084.73964,0.001425303,,,
36964.69498,-0.003242287,,,
36498.66025,-0.012687713,,,
36461.82343,-0.001009775,,,
36321.21054,-0.003863897,,,
36338.54629,0.000477176,,,
36386,0.001305026,,,
36430.08257,0.001210792,,,
36682.29812,0.006899421,,,
36686.56084,0.0001162,,,
36692.55807,0.000163459,,,
36483.47316,-0.005714589,,,
36435.83561,-0.001306583,,,
35822.54007,-0.016975479,,,
35938.79562,0.003240064,,,
35699.68534,-0.006675495,,,
35819.34608,0.003346266,,,
35974.5041,0.004322327,,,
36122.16123,0.004096093,,,
36114.23146,-0.00021955,,,
36121.98185,0.000214585,,,
36257.40178,0.003741952,,,
36011.10867,-0.006816082,,,
35743.41733,-0.007461344,,,
35949.4493,0.005747644,,,
36209.43932,0.007206074,,,
36384.45835,0.004821876,,,
36347.50721,-0.001016091,,,
36442.35,0.002605936,,,
36318.30805,-0.003409592,,,
36700,0.010454787,,,
36498.0847,-0.00551697,,,
36439,-0.001620156,,,
36274.69661,-0.004519195,,,
36426.17173,0.004167085,,,
36523.91623,0.002679765,,,
36266.62179,-0.007069477,,,
36100.31903,-0.004596106,,,
36195.28709,0.002627217,,,
36299.28364,0.002869087,,,
36222.05409,-0.002129844,,,
36085.72178,-0.003770894,,,
35863.61206,-0.006174079,,,
35821.78426,-0.001166983,,,
35710.00682,-0.003125254,,,
35668.3219,-0.001167999,,,
35543.28468,-0.003511713,,,
35652.484,0.003067581,,,
35197.05155,-0.012856506,,,
35335.54358,0.003927041,,,
35376.6,0.001161227,,,
35444.44952,0.001916084,,,
35246.41986,-0.005602709,,,
34793.28992,-0.01293941,,,
34764.17902,-0.000837032,,,
34570.88469,-0.005575673,,,
34734.39704,0.00471862,,,
34451.57726,-0.008175685,,,
34718.45983,0.007716749,,,
34968.12283,0.007165341,,,
34896.30626,-0.002055884,,,
34484.5621,-0.011869237,,,
34143.39581,-0.009942569,,,
34483.90004,0.00992337,,,
34667.98254,0.005324018,,,
34711.74732,0.001261601,,,
34836.5326,0.003588454,,,
35009.806,0.00496157,,,
34916.23152,-0.002676386,,,
35283.74647,0.01047061,,,
35266.25121,-0.000495968,,,
35288.19637,0.000622077,,,
35383.02598,0.002683685,,,
35213.965,-0.004789476,,,
35107.89773,-0.003016625,,,
35315.71542,0.005901949,,,
35348.05588,0.000915334,,,
35128.01007,-0.006244575,,,
34841.95729,-0.00817649,,,
34851.81625,0.000282922,,,
34940.32095,0.002536238,,,
35073.28261,0.003798171,,,
34781.18269,-0.008363148,,,
35389.58308,0.017341,,,
35811.86994,0.011861887,,,
35909.86185,0.00273256,,,
35704.58445,-0.005732865,,,
35725.50236,0.000585689,,,
35833.18432,0.003009615,,,
35962.95306,0.003614927,,,
35892.27768,-0.001967161,,,
35882.46471,-0.000273438,,,
35878.0192,-0.000123898,,,
35674.21637,-0.005696632,,,
35840,0.004636391,,,
35731.70994,-0.00302606,,,
35849.63461,0.003294847,,,
35702.74244,-0.00410587,,,
35675.107,-0.000774342,,,
35920.56894,0.00685692,,,
35950.84447,0.000842492,,,
35791.86105,-0.004432052,,,
35615.88338,-0.004928822,,,
35706.12353,0.002530501,,,
35627.87294,-0.002193922,,,
35777,0.00417695,,,
36049.50266,0.007587839,,,
36498.64987,0.012382202,,,
36700.57599,0.005517179,,,
36616.01842,-0.002306643,,,
36535.84186,-0.002192059,,,
36570.45432,0.000946908,,,
36489.82335,-0.002207246,,,
36396.9,-0.002549803,,,
36187.98247,-0.005756518,,,
36107.33534,-0.002231048,,,
36372.2768,0.007310818,,,
36189.09622,-0.005048994,,,
35835.93158,-0.009806799,,,
35751.21716,-0.00236675,,,
35836.53706,0.002383646,,,
35841.35287,0.000134374,,,
35959.89852,0.003302053,,,
35700.05839,-0.007252063,,,
35767.6396,0.001891239,,,
35989.11635,0.006173006,,,
36135.06466,0.004047145,,,
36038.62227,-0.00267251,,,
36115.38867,0.002127849,,,
35915.40468,-0.00555275,,,
35770.84196,-0.004033212,,,
35784.2502,0.000374767,,,
35171.06819,-0.01728404,,,
35096.55777,-0.002120762,,,
35071.69874,-0.000708555,,,
35140.55012,0.001961236,,,
35245.92232,0.002994106,,,
35137.05369,-0.003093609,,,
35126.85426,-0.000290318,,,
35149.48273,0.000643986,,,
34852.38141,-0.008488434,,,
35276.61581,0.012098835,,,
35378.90259,0.002895368,,,
35269.12882,-0.003107627,,,
35253.41087,-0.000445757,,,
35106.63381,-0.004172177,,,
35166.31739,0.001698622,,,
35900,0.020648563,,,
36015.66637,0.003216725,,,
36082.73388,0.001860444,,,
36106.19117,0.000649886,,,
36189,0.002290854,,,
36249.66795,0.001675016,,,
36190,-0.001647384,,,
36246.65783,0.001564342,,,
36577.88671,0.00909669,,,
36373,-0.005617128,,,
36358.33985,-0.000403132,,,
36562.43804,0.005597821,,,
36320.06424,-0.006651108,,,
36269.24532,-0.001400177,,,
36299.77126,0.000841294,,,
36219.90558,-0.002202594,,,
35975.01287,-0.006784235,,,
36021.69007,0.001296648,,,
35955.86533,-0.001829035,,,
36419.49395,0.012811956,,,
37253.46317,0.022640732,,,
37046.17954,-0.005579682,,,
36999.77452,-0.001253411,,,
36996.85853,-7.88141E-05,,,
36892.19689,-0.002832942,,,
36809.33559,-0.002248565,,,
36837.04685,0.000752549,,,
36766.73924,-0.001910435,,,
36828.98813,0.001691645,,,
36826.6979,-6.21876E-05,,,
36358.21157,-0.012802987,,,
36428.04264,0.001918799,,,
36573.97274,0.00399798,,,
36276.62269,-0.008163329,,,
36353.08278,0.002105478,,,
36394.41759,0.001136391,,,
36100,-0.008122535,,,
36201.11827,0.002797145,,,
36195.14723,-0.000164954,,,
36194.8149,-9.18176E-06,,,
35905.45043,-0.008026767,,,
35551.78715,-0.00989868,,,
35648.12569,0.002706144,,,
35674.72931,0.000746006,,,
35716.81341,0.001178966,,,
35845.57027,0.003598455,,,
35838.68782,-0.000192021,,,
35769.06312,-0.001944614,,,
35972.92612,0.005683242,,,
35865.24377,-0.002997917,,,
35878.93,0.000381529,,,
35974.113,0.002649381,,,
35876.17391,-0.002726201,,,
36008.98375,0.00369506,,,
36234.84808,0.006252854,,,
36102.01267,-0.003672694,,,
36158.77959,0.001571168,,,
36139,-0.00054717,,,
36162.02673,0.000636968,,,
36204.41024,0.001171358,,,
36318.03578,0.00313353,,,
36205,-0.00311724,,,
36410.41694,0.005657682,,,
36469.10363,0.001610513,,,
36303.73332,-0.004544844,,,
36426.44492,0.003374437,,,
36684.51513,0.007059715,,,
36610.62913,-0.002016123,,,
36723.97717,0.003091259,,,
36520.53131,-0.005555267,,,
36539.4473,0.000517821,,,
36673.29065,0.00365629,,,
36800,0.00344913,,,
36760.75078,-0.001067124,,,
36985.5812,0.006097418,,,
36894.21519,-0.002473371,,,
36906.30828,0.000327724,,,
36738.45924,-0.00455835,,,
36661.2524,-0.002103738,,,
36797.91061,0.003720662,,,
36675.95965,-0.003319577,,,
36605.8626,-0.001913082,,,
36656.65336,0.001386542,,,
36451.97824,-0.00559922,,,
36577.88876,0.003448196,,,
36527.09513,-0.001389608,,,
36541.53044,0.000395116,,,
36290.19779,-0.006901763,,,
36350.1459,0.001650546,,,
36474.91246,0.003426477,,,
36226.76059,-0.006826606,,,
36249.73295,0.000633926,,,
36478.71593,0.006296951,,,
36490.31516,0.000317922,,,
36612,0.003329168,,,
36601.3827,-0.000290037,,,
36576.29968,-0.000685537,,,
36657.67182,0.002222252,,,
36688.35857,0.000836767,,,
37157.75367,0.012712962,,,
37019.13736,-0.003737457,,,
37395.79381,0.010123228,,,
37232.55232,-0.004374792,,,
37171.21866,-0.001648671,,,
37173,4.79214E-05,,,
37298,0.003357015,,,
37337.41879,0.001056303,,,
37030.04439,-0.008266415,,,
37221.67506,0.005161661,,,
37169.14884,-0.001412169,,,
36898.15506,-0.007317534,,,
37080.36097,0.004925924,,,
36973.35087,-0.002890069,,,
37015.37989,0.001136093,,,
36884.58679,-0.003539737,,,
37250.76358,0.009878682,,,
37227.2,-0.000632766,,,
37135.98886,-0.002453127,,,
36786.04273,-0.00946805,,,
36767.87069,-0.000494115,,,
36857.98001,0.002447764,,,
36979.0444,0.003279236,,,
36963.41541,-0.000422734,,,
37100.21953,0.003694236,,,
37136.35346,0.000973481,,,
37180.17636,0.001179358,,,
37174.31946,-0.00015754,,,
36990,-0.00497058,,,
36996.56488,0.000177462,,,
37105.01071,0.002926953,,,
37105.99247,2.64586E-05,,,
37305.93613,0.005373981,,,
37641.38747,0.008951716,,,
37576.40779,-0.001727774,,,
37481.24332,-0.002535771,,,
37377.40612,-0.002774222,,,
37194.18238,-0.004914046,,,
37020.44887,-0.004681929,,,
37243.17649,0.005998314,,,
37153.70092,-0.002405359,,,
36905.1509,-0.006712255,,,
37003.00268,0.002647931,,,
36906.44794,-0.002612786,,,
36514.53474,-0.010675883,,,
36655.46779,0.003852213,,,
36428.55217,-0.006209739,,,
36179.86095,-0.006850231,,,
36292.6207,0.003111798,,,
36437,0.003970308,,,
36342.46426,-0.00259787,,,
36435.24037,0.002549576,,,
36445.9289,0.000293314,,,
36536.03219,0.002469195,,,
36558.66903,0.000619384,,,
36602.76091,0.001205331,,,
36450.73591,-0.004162025,,,
36592.87406,0.003891876,,,
36506.9098,-0.002351971,,,
36573.42035,0.001820204,,,
36638.92637,0.001789481,,,
36398.16171,-0.006592966,,,
36317.462,-0.002219599,,,
36232.24539,-0.002349193,,,
35894.65613,-0.009361049,,,
35962.36868,0.001884647,,,
36140.06173,0.004928916,,,
36311.71749,0.004738492,,,
36341.95853,0.000832471,,,
36305.26391,-0.001010214,,,
36154.75593,-0.004154241,,,
36132.11581,-0.000626397,,,
36120.25492,-0.000328318,,,
35893.75435,-0.006290479,,,
35877.99879,-0.000439046,,,
36031.19242,0.004260759,,,
36070.0549,0.001077997,,,
35921.01557,-0.004140501,,,
35562.90345,-0.01001946,,,
35343,-0.006202704,,,
35074.17628,-0.007635212,,,
35001.75024,-0.002067074,,,
35265.59851,0.007509875,,,
35151.09623,-0.003252137,,,
35274.77881,0.003512422,,,
35277.21261,6.89931E-05,,,
35462.68741,0.005243865,,,
35340.68598,-0.003446208,,,
35473.415,0.003748665,,,
35443.50419,-0.000843545,,,
35519.53454,0.002142816,,,
35513.14615,-0.000179872,,,
35246.38884,-0.007539862,,,
35576.61476,0.009325453,,,
35785.9249,0.005866124,,,
35743.747,-0.001179312,,,
35683.2501,-0.001693951,,,
35524.24883,-0.004465865,,,
35846.12959,0.009020071,,,
35580.8047,-0.007429301,,,
35458.08543,-0.003454992,,,
35321.46074,-0.003860575,,,
35312.42992,-0.000255708,,,
34841.26546,-0.013432551,,,
34818.18162,-0.000662763,,,
34710.87229,-0.00308675,,,
34739.44945,0.000822953,,,
34827.08527,0.002519483,,,
34750.70709,-0.002195476,,,
34571.34369,-0.005174798,,,
34423.55077,-0.004284176,,,
34423.55077,0,,,
34423.55077,0,,,
34560.81438,0.003979562,,,
34718.67979,0.004557357,,,
34628.06766,-0.002613307,,,
34664.75123,0.001058799,,,
34411.82084,-0.007323222,,,
34473.95274,0.001803911,,,
34767.76807,0.008486707,,,
34960.16754,0.00551859,,,
34904.3941,-0.001596616,,,
35113.12308,0.005962211,,,
34912.56249,-0.005728216,,,
34854.48587,-0.001664873,,,
34957.13482,0.002940743,,,
34508.03323,-0.012930447,,,
34569.93439,0.001792212,,,
34206.48567,-0.010569091,,,
34172.8502,-0.00098379,,,
34312.35301,0.00407396,,,
34279.33951,-0.00096261,,,
34702.77325,0.012276779,,,
34732.87381,0.000867006,,,
34658.11556,-0.002154697,,,
34977.52236,0.009173723,,,
34843.14965,-0.003849086,,,
34841.32116,-5.24791E-05,,,
34936.94812,0.002740882,,,
34856.7162,-0.002299119,,,
35224.41017,0.010493477,,,
35091.29295,-0.003786277,,,
35009.22072,-0.00234156,,,
35238.37293,0.006524153,,,
35193.29629,-0.001280011,,,
35015.90115,-0.005053341,,,
34955.77395,-0.001718616,,,
34935.93752,-0.000567633,,,
34959.65458,0.000678643,,,
34702.24373,-0.007390325,,,
34686.89283,-0.000442458,,,
34732.89787,0.001325416,,,
34886.48182,0.004412111,,,
34786.65253,-0.002865649,,,
34989.08369,0.005802353,,,
35014.15569,0.00071631,,,
34955.638,-0.001672656,,,
35023.60392,0.00194246,,,
35635.36351,0.01731627,,,
35619.45559,-0.000446508,,,
35482.96897,-0.00383916,,,
35346.93878,-0.003841043,,,
35271.89252,-0.00212539,,,
35218,-0.001529085,,,
35310.60882,0.002626136,,,
34955.69671,-0.010102001,,,
34938.27503,-0.000498517,,,
34772.1237,-0.004766911,,,
34795.13132,0.00066145,,,
34739.1967,-0.001608835,,,
34667.50069,-0.002065969,,,
34550.5667,-0.003378716,,,
34572.32525,0.000629561,,,
34646.67426,0.002148226,,,
34487.85843,-0.004594408,,,
34424.03389,-0.001852352,,,
34582.56926,0.004594796,,,
34702.61756,0.003465342,,,
34682.17667,-0.000589204,,,
34562.42889,-0.003458693,,,
34232.90198,-0.009579994,,,
34326.19379,0.002721502,,,
34187.465,-0.004049674,,,
34475.85933,0.008400293,,,
34573.23753,0.002820551,,,
34647.59834,0.00214851,,,
34622.16216,-0.000734409,,,
34695.82457,0.002125348,,,
34662.36791,-0.00096475,,,
34683.85361,0.000619665,,,
34900.766,0.006234513,,,
34835.34963,-0.001876112,,,
34630.61252,-0.005894619,,,
34380.55265,-0.007246971,,,
34282.64889,-0.002851712,,,
33728.25201,-0.016303538,,,
33286.1475,-0.013194505,,,
32897.74439,-0.011737223,,,
32777.18607,-0.003671369,,,
32989.5,0.006456602,,,
32915.60689,-0.00224241,,,
32469.19931,-0.013654992,,,
32508.74,0.00121705,,,
32837.80969,0.01007161,,,
32823.57713,-0.000433514,,,
32712.19496,-0.003399129,,,
32447.91582,-0.008111729,,,
32738.59227,0.00891836,,,
32194.99331,-0.01674362,,,
31369.9327,-0.025961076,,,
31725.67044,0.011276269,,,
32490.80918,0.023831109,,,
32498.37528,0.000232842,,,
32606.00703,0.00330644,,,
32632.44243,0.000810424,,,
32559.2673,-0.002244922,,,
32326.5719,-0.007172486,,,
31817.94651,-0.015859065,,,
31659.51141,-0.004991865,,,
31226.08315,-0.013784878,,,
31195.59501,-0.000976845,,,
31796.74474,0.019087019,,,
31435.56051,-0.011424166,,,
31586.99111,0.00480561,,,
31422.91624,-0.005207919,,,
32098.94182,0.021285621,,,
31936.26005,-0.005081022,,,
31459.64446,-0.015036447,,,
31095.2678,-0.011649949,,,
31471.44436,0.012024959,,,
31735.21286,0.008346274,,,
31875.97062,0.004425574,,,
31905.86095,0.000937268,,,
31630,-0.008683684,,,
31804.67198,0.005507159,,,
31814.69529,0.000315103,,,
31758.61434,-0.001764293,,,
31934.74706,0.00553066,,,
32548.22899,0.019028292,,,
32650,0.003121897,,,
32482.5858,-0.005140731,,,
32426.07454,-0.001741255,,,
32229.56852,-0.006078561,,,
32102.83957,-0.003939822,,,
31869.99076,-0.007279648,,,
31908.63734,0.001211898,,,
31946.38381,0.001182255,,,
31743.51346,-0.006370588,,,
31220,-0.016629489,,,
30615.37072,-0.019556721,,,
30400,-0.007059586,,,
30621.80307,0.007269665,,,
30900,0.00904391,,,
30849.75456,-0.001627389,,,
30947.70476,0.003170042,,,
31210.89951,0.00846854,,,
30841.82799,-0.011895557,,,
30506.96879,-0.010916678,,,
29699.67189,-0.026819144,,,
29787,0.002936059,,,
29523.13147,-0.008897983,,,
29120,-0.01374885,,,
29471.68893,0.012004882,,,
29939.91623,0.015762476,,,
30086.89602,0.004897148,,,
30483.9804,0.013111584,,,
30467.18348,-0.00055116,,,
30571.86106,0.00342986,,,
30716.14468,0.004708389,,,
30521.89263,-0.006344184,,,
30488.09502,-0.001107937,,,
30789.95293,0.009852153,,,
30959.70752,0.005498169,,,
31388.5669,0.013757113,,,
31126.25452,-0.008392055,,,
30890.14915,-0.007614324,,,
30924.36188,0.001106948,,,
30986.78575,0.002016564,,,
31471.76299,0.015529884,,,
31714.45292,0.007681774,,,
31821.6075,0.003373035,,,
31603.2603,-0.006885251,,,
31934.49734,0.010426558,,,
31672.36473,-0.008242321,,,
31544.89394,-0.00403279,,,
31803.68942,0.008170567,,,
31222.5276,-0.01844243,,,
30929.25989,-0.009437215,,,
30843.10511,-0.00278943,,,
30775,-0.002210556,,,
30909.31885,0.004355047,,,
30998.45005,0.002879486,,,
31526.42412,0.01688885,,,
31550,0.000747534,,,
31578.34184,0.000897912,,,
31436.30836,-0.004507959,,,
31436.59688,9.17794E-06,,,
31553.11313,0.003699537,,,
31159.60694,-0.01254965,,,
31236.91848,0.002478073,,,
31405.59571,0.005385405,,,
31819.13394,0.013081721,,,
31770.40177,-0.001532711,,,
31672.32752,-0.003091744,,,
31735.60868,0.001996002,,,
31645.27816,-0.002850404,,,
31600.80367,-0.001406395,,,
31382.66434,-0.006926904,,,
31550.66105,0.005338892,,,
31784,0.007368477,,,
32209.09411,0.01328582,,,
32241.77694,0.001014193,,,
32144.49814,-0.003021727,,,
32396.7662,0.007817304,,,
32419.82953,0.000711649,,,
32419.82953,0,,,
32419.82953,0,,,
32419.82953,0,,,
32419.82953,0,,,
32419.82953,0,,,
32441.05416,0.000654466,,,
32039.33792,-0.012460266,,,
32562.30516,0.016190878,,,
32506.00537,-0.001730483,,,
32387.94786,-0.003638479,,,
32444.18367,0.001734814,,,
32307.68927,-0.004215928,,,
32141.29683,-0.005163551,,,
32329.49186,0.005838165,,,
32402.63835,0.002259976,,,
32467.83874,0.002010172,,,
32930.16525,0.014139092,,,
33257.62759,0.009895027,,,
33251,-0.0001993,,,
33555.3,0.009109982,,,
33415.07323,-0.004187732,,,
33575.02097,0.004775274,,,
33484.97751,-0.002685461,,,
33787,0.008979207,,,
33617.4124,-0.005031954,,,
33500,-0.00349872,,,
33450.4389,-0.001480531,,,
33487.90863,0.00111953,,,
33510.04478,0.000660801,,,
33286.39183,-0.006696578,,,
33357.98652,0.00214856,,,
33510.93056,0.004574451,,,
33310.90706,-0.005986788,,,
32832.54295,-0.014464696,,,
32972.69775,0.004259692,,,
33096.00721,0.003732769,,,
32753.18193,-0.010412532,,,
32969.66672,0.006587833,,,
32437.12162,-0.016284452,,,
32633.26693,0.00602873,,,
32564.42674,-0.002111738,,,
32694.93036,0.003999543,,,
32291.13499,-0.012427297,,,
32515.57887,0.00692659,,,
32795.02517,0.008557508,,,
32669.17239,-0.003844939,,,
32609.70045,-0.001822089,,,
32268.98035,-0.010503396,,,
32074.70299,-0.006038757,,,
32235.27729,0.00499377,,,
32300,0.002005809,,,
32401.92709,0.003150669,,,
32510,0.003329835,,,
32370.64781,-0.004295654,,,
32572.14385,0.006205359,,,
32722.91087,0.004618031,,,
32572.06475,-0.004620459,,,
32574.53334,7.57857E-05,,,
32369,-0.006329622,,,
32403.36746,0.001061177,,,
32925.90841,0.015997486,,,
33349.37973,0.012779336,,,
33221.02126,-0.003856327,,,
33141.89422,-0.002384678,,,
33033.33698,-0.003280905,,,
32795,-0.007241198,,,
32860.62102,0.001998947,,,
33065,0.00620031,,,
32774.82922,-0.008814502,,,
32911.54165,0.004162587,,,
32767.03086,-0.004400553,,,
32902.20889,0.004116942,,,
32814.9463,-0.002655703,,,
32945.35276,0.00396612,,,
32840.83733,-0.00317743,,,
32505.97408,-0.010248891,,,
32602.68597,0.002970786,,,
32465.8211,-0.004206799,,,
32424.56316,-0.00127162,,,
32288.5794,-0.004202669,,,
32273.61226,-0.00046365,,,
32330.38577,0.001757586,,,
32247.03067,-0.002581557,,,
31735.01228,-0.016005407,,,
31780.72332,0.001439362,,,
31633.4381,-0.004645192,,,
31815.24598,0.005730879,,,
31709.38437,-0.003332934,,,
31794.94133,0.002694526,,,
31647.95877,-0.004633547,,,
31748.62851,0.003175875,,,
31947.28239,0.006237591,,,
32142.64475,0.006096526,,,
31879.64414,-0.008215954,,,
31767.64695,-0.003519311,,,
31878.45223,0.003481922,,,
31866.59926,-0.000371887,,,
31714.46095,-0.004785658,,,
32009.83515,0.009270446,,,
32076.58962,0.002083265,,,
31974.1871,-0.003197545,,,
31860.86041,-0.003550614,,,
31878.52424,0.000554252,,,
32130.23213,0.007864836,,,
32166.1479,0.001117194,,,
32115.2397,-0.001583918,,,
32147.27024,0.000996866,,,
32116.08591,-0.000970517,,,
32304.71428,0.005856149,,,
32199.19547,-0.003271706,,,
32135.43188,-0.001982248,,,
31948.3742,-0.005837924,,,
32100.86389,0.004761648,,,
32172.50551,0.002229279,,,
32313.334,0.004367741,,,
32309.87399,-0.000107083,,,
32350.37049,0.001252594,,,
32344.08145,-0.000194423,,,
32240.08247,-0.003220575,,,
32186.02556,-0.001678106,,,
32174.15929,-0.000368746,,,
32192.52052,0.00057052,,,
32175,-0.00054439,,,
32127,-0.001492955,,,
32254.27806,0.00395389,,,
32343.94402,0.002776114,,,
32361.41482,0.000540011,,,
32225.27719,-0.004215662,,,
32043.42472,-0.005659145,,,
32049.10862,0.000177366,,,
32001.78293,-0.001477753,,,
31948.00108,-0.001682003,,,
32014.98301,0.002094397,,,
32074.95376,0.001871457,,,
31834.86229,-0.007513481,,,
31867,0.001009004,,,
31940.13948,0.002292518,,,
31859.70471,-0.002521473,,,
31974.67177,0.003602046,,,
31991.2846,0.000519428,,,
32029.98173,0.001208884,,,
31899.4,-0.004085192,,,
31907.67178,0.000259275,,,
32154.03999,0.007691628,,,
32160.02707,0.000186183,,,
32100,-0.001868256,,,
32123.93967,0.000745506,,,
32100,-0.000745506,,,
32268.3671,0.005231373,,,
32469.33416,0.006208676,,,
32446.92973,-0.000690256,,,
32378.99138,-0.002096025,,,
32422,0.001327406,,,
32809.69553,0.011886862,,,
32870.36832,0.001847526,,,
32848.17836,-0.000675303,,,
32822.08447,-0.000794694,,,
32859.00943,0.001124371,,,
32689.11923,-0.00518369,,,
32715.55411,0.000808348,,,
32708.98145,-0.000200923,,,
32741.73565,0.001000881,,,
32657.57005,-0.0025739,,,
32649.92392,-0.000234158,,,
32692.71674,0.001309798,,,
32764.10524,0.00218124,,,
32781.09457,0.000518401,,,
32651.72191,-0.003954371,,,
32627.15444,-0.000752693,,,
32679.22562,0.001594674,,,
32587.74684,-0.00280322,,,
32736.33675,0.004549323,,,
32675.47706,-0.001860817,,,
32635.85496,-0.00121333,,,
32630.80924,-0.000154619,,,
32516.92545,-0.003496174,,,
32575.76845,0.001807976,,,
32676.82425,0.003097375,,,
32747.53776,0.002161688,,,
32773.47954,0.000791861,,,
32762.12862,-0.000346405,,,
32822.39235,0.001837743,,,
32602.92525,-0.00670896,,,
32582.31493,-0.000632362,,,
32387.19228,-0.00600661,,,
32364.43304,-0.000702971,,,
32338.06562,-0.000815036,,,
32293.28961,-0.001385582,,,
32321.85685,0.000884227,,,
32226.27953,-0.00296143,,,
32276.2465,0.001549303,,,
32248.707,-0.000853608,,,
32092.91144,-0.004842771,,,
32061.68354,-0.00097352,,,
32138.64876,0.002397659,,,
32137.56526,-3.37139E-05,,,
32121.85241,-0.000489044,,,
31931.15143,-0.005954492,,,
31806.32386,-0.003916934,,,
31679,-0.004011133,,,
31708.14643,0.000919632,,,
31754,0.001445069,,,
31841.00155,0.002736114,,,
31817.30127,-0.000744609,,,
31867.18738,0.001566665,,,
31880.45319,0.000416198,,,
31907.2884,0.000841391,,,
31822.77102,-0.002652357,,,
31870,0.001483025,,,
31820.68842,-0.001548471,,,
31475.42091,-0.010909705,,,
31152.93796,-0.010298395,,,
31172.99001,0.000643458,,,
31303.94953,0.004192258,,,
31365.43752,0.001962298,,,
31435.90014,0.002243986,,,
31677.26636,0.007648718,,,
31671.8991,-0.00016945,,,
31682.60467,0.000337958,,,
31707.9274,0.000798944,,,
31724.7597,0.000530714,,,
31900,0.005508571,,,
31817.67115,-0.002584178,,,
31903.34457,0.002689018,,,
32200.49873,0.009271091,,,
32140.96784,-0.001850468,,,
32091.22767,-0.001548762,,,
32075.95107,-0.00047615,,,
32210.3048,0.004179865,,,
32220.31924,0.00031086,,,
32408.14355,0.00581245,,,
32664.99231,0.007894197,,,
32595.66266,-0.0021247,,,
32553.23926,-0.001302352,,,
32595.07129,0.00128421,,,
32573.20349,-0.000671118,,,
32607.73068,0.001059426,,,
32819.91074,0.006485968,,,
32741.366,-0.002396072,,,
32800.72807,0.001811419,,,
32660.88257,-0.004272602,,,
32763.10256,0.00312485,,,
32602.01881,-0.004928747,,,
32738.71925,0.004184239,,,
33237.99589,0.015135224,,,
33550.15307,0.00934775,,,
33553.87387,0.000110896,,,
33425.04064,-0.003846984,,,
33356.01,-0.002067373,,,
33392.09427,0.001081207,,,
33257.66315,-0.004033962,,,
33367.51288,0.003297547,,,
33319.68871,-0.001434284,,,
33320.6263,2.81387E-05,,,
33380.64241,0.00179955,,,
33205.97933,-0.005246203,,,
33313.65555,0.003237429,,,
33480.86293,0.00500663,,,
33318.9521,-0.004847653,,,
33225.03789,-0.002822622,,,
33262.9773,0.001141241,,,
33354.98242,0.002762173,,,
33213.28512,-0.004257209,,,
33268.88906,0.001672748,,,
33400,0.003933202,,,
33432.35095,0.000968123,,,
33318.07352,-0.003424025,,,
33239.3,-0.002367087,,,
33029.22963,-0.006339995,,,
32981.66514,-0.001441111,,,
32931.93215,-0.001509036,,,
33035.89598,0.003151958,,,
33071,0.001062038,,,
33145,0.00223511,,,
33091.01225,-0.001630164,,,
33270.85051,0.005419941,,,
33163.51799,-0.003231237,,,
33166.90251,0.00010205,,,
33353.71869,0.005616805,,,
33557.27876,0.006084522,,,
33939.53628,0.011326804,,,
34188.1907,0.007299686,,,
34263.2406,0.002192794,,,
34606.2427,0.009961014,,,
34512.12084,-0.0027235,,,
34534.83107,0.00065782,,,
34769.36662,0.006768319,,,
34601.03173,-0.004853229,,,
34600.00086,-2.97935E-05,,,
34470.64716,-0.003745552,,,
34272.14804,-0.005775141,,,
34360.29301,0.002568611,,,
34380,0.000573375,,,
34436.30604,0.001636416,,,
34109.3052,-0.009541189,,,
33855.81349,-0.0074595,,,
33733.2833,-0.003625742,,,
33886.19166,0.004522621,,,
33926.79001,0.001197362,,,
33867.40318,-0.001751974,,,
33868.94698,4.55828E-05,,,
33789.56722,-0.002346484,,,
33901.62924,0.003310981,,,
33947.64367,0.001356372,,,
33737.00719,-0.006224075,,,
33702.19164,-0.001032502,,,
33746.24808,0.001306374,,,
33720.82726,-0.000753577,,,
33667.53931,-0.001581518,,,
33418.36331,-0.007428599,,,
33172.29061,-0.007390641,,,
33365.05116,0.005794073,,,
33340.85285,-0.000725523,,,
33450.11364,0.003271727,,,
32881.63591,-0.017140861,,,
32671.81616,-0.006401508,,,
32614.19477,-0.001765199,,,
32700,0.002627462,,,
32241.74237,-0.014113118,,,
32042.34791,-0.00620356,,,
32522.2623,0.014866448,,,
32480.47688,-0.001285651,,,
32593.4088,0.003470886,,,
32489.90203,-0.00318075,,,
32420.27186,-0.002145433,,,
32275.90007,-0.004463078,,,
32559.57488,0.00875066,,,
32534.5368,-0.000769289,,,
32634,0.003052494,,,
32488.6007,-0.00446541,,,
32414.59293,-0.002280559,,,
32283.63557,-0.004048257,,,
32702.56708,0.012893116,,,
32747.63655,0.001377214,,,
32572.96968,-0.005347999,,,
32485.95794,-0.002674861,,,
32327.00213,-0.004905072,,,
32324.61634,-7.38046E-05,,,
32269,-0.001722039,,,
31900,-0.011501007,,,
31633.14877,-0.008400427,,,
31527.07137,-0.003358997,,,
31748.16324,0.006988287,,,
31741.4354,-0.000211935,,,
31936.96768,0.006141263,,,
32017.64686,0.002523015,,,
31938.6159,-0.002471408,,,
31897.71882,-0.001281311,,,
32112.31043,0.006704962,,,
32066.98327,-0.001412517,,,
31843.27847,-0.007000619,,,
31800,-0.001360033,,,
31515.66667,-0.008981513,,,
31606.15086,0.002866972,,,
31474.74388,-0.004166306,,,
31269.19724,-0.006551943,,,
31346.23007,0.002460507,,,
31655.45003,0.009816324,,,
31615.68149,-0.001257083,,,
31701.33099,0.00270542,,,
31812.05439,0.00348662,,,
31887.5341,0.002369866,,,
31785.2532,-0.003212707,,,
31583.08894,-0.006380629,,,
31661.07424,0.002466167,,,
31799.17886,0.004352483,,,
32082.67342,0.008875648,,,
32296.73718,0.006650093,,,
32297.4134,2.09376E-05,,,
32223.66606,-0.002285993,,,
32166.69769,-0.001769469,,,
31969.22133,-0.006158078,,,
32052.73932,0.002609043,,,
31804.29882,-0.007781186,,,
31848.68556,0.001394648,,,
31619.88119,-0.007210037,,,
31614.53677,-0.000169035,,,
31329.34768,-0.009061755,,,
31500,0.005432262,,,
31427.44665,-0.002305938,,,
31575.14142,0.004688539,,,
31725.129,0.004738932,,,
31559.20237,-0.005243857,,,
31434.86217,-0.003947685,,,
31077.37525,-0.011437467,,,
31262.66573,0.005944527,,,
31512.73573,0.007967175,,,
31549.69613,0.001172184,,,
31755.66626,0.006507217,,,
31735.23851,-0.000643486,,,
31506.65742,-0.007228818,,,
31568.18764,0.001951023,,,
31916.58956,0.01097603,,,
31981.96469,0.002046217,,,
32057.89525,0.002371354,,,
32012.27954,-0.00142393,,,
32017.15806,0.000152384,,,
32146,0.004016078,,,
31994.12227,-0.004735819,,,
32157.27289,0.005086436,,,
32034.86648,-0.003813756,,,
32244.28454,0.006515917,,,
32234.20778,-0.000312562,,,
32092,-0.004421464,,,
32211.51112,0.003717099,,,
32205.41939,-0.000189134,,,
32330.64432,0.003880778,,,
32078.63092,-0.007825416,,,
31916.00868,-0.005082382,,,
31973.11512,0.001787674,,,
32052.05138,0.00246579,,,
32247.31095,0.006073471,,,
32158.47911,-0.002758507,,,
32008.31259,-0.004680514,,,
32050.03226,0.001302552,,,
32223.93021,0.005411161,,,
32302.00232,0.002419869,,,
32706.54328,0.012445938,,,
32634.99769,-0.002189897,,,
32713.19703,0.002393314,,,
32543.01704,-0.00521576,,,
32490.94849,-0.001601273,,,
32249.79579,-0.007449832,,,
32287.21437,0.001159601,,,
32079.30571,-0.006460171,,,
32333.2056,0.007883599,,,
32192.86154,-0.004350003,,,
32173.98226,-0.000586615,,,
32133.94519,-0.001245168,,,
32089.99206,-0.001368746,,,
32153.93937,0.001990767,,,
32137.94117,-0.000497674,,,
32120.97816,-0.000527958,,,
31800,-0.010043052,,,
31820.51604,0.00064495,,,
31757.07649,-0.001995658,,,
31781.78951,0.000777887,,,
31806.23584,0.000768898,,,
31577.24992,-0.007225444,,,
31857.72567,0.008842995,,,
31804.99294,-0.001656629,,,
31885.87689,0.002539893,,,
31680.14802,-0.006472942,,,
31541.36436,-0.004390401,,,
31494.19039,-0.001496742,,,
31502.61441,0.000267443,,,
31387.75106,-0.003652816,,,
31516.89385,0.004105991,,,
31628.72168,0.003541907,,,
31655.29572,0.000839834,,,
31660,0.000148598,,,
31770.05292,0.00347006,,,
31705.4,-0.002037101,,,
31776,0.002224274,,,
31607.89526,-0.005304348,,,
31673.46939,0.002072463,,,
31332.95541,-0.01080897,,,
31171.38247,-0.005169987,,,
30924.67044,-0.007946184,,,
30972.94956,0.001559967,,,
31230.52257,0.008281676,,,
31187.24136,-0.001386824,,,
31274.08294,0.002780653,,,
31368.80002,0.003024036,,,
31282.6578,-0.002749889,,,
31364.79359,0.002622161,,,
31561.23493,0.006243584,,,
31462.26557,-0.003140715,,,
31136.33725,-0.010413372,,,
30631.16324,-0.01635764,,,
30430.24027,-0.006581038,,,
30600.12073,0.005567094,,,
30742.00598,0.004626038,,,
30750,0.000260002,,,
30800,0.001624696,,,
30691.22423,-0.003537932,,,
30593.95628,-0.003174276,,,
30291.4542,-0.009936849,,,
30392.01245,0.003314192,,,
30191.50967,-0.006619077,,,
29564.61199,-0.020982643,,,
29577.05703,0.000420855,,,
29752.63527,0.005918748,,,
29801.88406,0.001653906,,,
30114.51932,0.01043581,,,
30323.43106,0.006913291,,,
30759.96383,0.014293253,,,
30900,0.004542215,,,
30642.25807,-0.008376145,,,
30516.75353,-0.00410421,,,
30683.63147,0.005453507,,,
30525.67838,-0.005161092,,,
30320,-0.006760683,,,
30515.15281,0.006415813,,,
30216.60933,-0.009831623,,,
30097.77082,-0.003940641,,,
29690.076,-0.013638261,,,
29706.11498,0.000540068,,,
30627.39547,0.030541969,,,
30600,-0.000894876,,,
30681.89909,0.002672866,,,
30714,0.001045702,,,
30887.63526,0.005637374,,,
31408.70651,0.016729181,,,
31167.91089,-0.007696064,,,
31511.36473,0.010959197,,,
31299.71977,-0.006739122,,,
31222.11934,-0.002482348,,,
30985.88371,-0.00759506,,,
30963.10543,-0.000735388,,,
30919.29847,-0.001415813,,,
30961.25276,0.001355977,,,
30491.22214,-0.015297668,,,
30526.59378,0.001159387,,,
30265.47531,-0.008590597,,,
30213.50026,-0.001718781,,,
30126.42323,-0.002886218,,,
30363.055,0.007823939,,,
30089.64273,-0.009045556,,,
30207.12021,0.003896648,,,
30272.32724,0.002156337,,,
30666.30744,0.012930572,,,
30646.70121,-0.000639546,,,
30569.55782,-0.002520358,,,
30546.90533,-0.000741289,,,
30857.09103,0.010103197,,,
31040.97801,0.005941624,,,
30936.57706,-0.003368995,,,
31088.87856,0.004910945,,,
30991.63939,-0.003132681,,,
31095.8016,0.003355342,,,
31070.42929,-0.000816273,,,
31175.8297,0.003386565,,,
31424.31552,0.007938868,,,
31317.54588,-0.003403461,,,
31296.93474,-0.000658351,,,
31184.31792,-0.003604823,,,
31299.46417,0.003685641,,,
31203.04566,-0.003085271,,,
31111.04691,-0.002952745,,,
31448.57366,0.010790667,,,
31708.18705,0.008221285,,,
31856.63705,0.004670831,,,
31700,-0.004929064,,,
31664.92546,-0.001107065,,,
31545.36223,-0.003783035,,,
31255.0769,-0.009244757,,,
31253,-6.64522E-05,,,
31271.08092,0.000578366,,,
31159.5814,-0.003571951,,,
31233.90943,0.002382558,,,
31008,-0.007259109,,,
31158.64107,0.004846373,,,
31086.38973,-0.002321514,,,
30882.17212,-0.006591031,,,
31214.38905,0.010700112,,,
31153.08646,-0.001965852,,,
31459.11235,0.009775358,,,
31360.94988,-0.003125198,,,
31057.01597,-0.009738745,,,
31186.7,0.004166982,,,
31487.14851,0.009587757,,,
31516.30797,0.000925646,,,
31389.3339,-0.004036975,,,
31350.39737,-0.001241208,,,
31430.97649,0.002566977,,,
31546.49743,0.003668647,,,
31527.22408,-0.000611137,,,
31486.45473,-0.001293984,,,
31458.62067,-0.000884392,,,
31208,-0.007998581,,,
31271.10729,0.002020109,,,
31591.91091,0.010206523,,,
31763.25278,0.005408944,,,
31942.08883,0.005614491,,,
31805.40623,-0.004288256,,,
31762.54077,-0.00134865,,,
31850.31637,0.002759683,,,
31771.9024,-0.002464988,,,
32032.29635,0.008162328,,,
31957.03909,-0.002352183,,,
31915.63244,-0.001296537,,,
31819.00919,-0.00303205,,,
31846.31415,0.000857766,,,
32105.21542,0.008096841,,,
32418.05053,0.009696892,,,
32291.35003,-0.003915989,,,
32206.68975,-0.002625206,,,
32213.21794,0.000202676,,,
32270.72377,0.001783571,,,
32232.33391,-0.001190327,,,
32197.05899,-0.001094995,,,
32421.56778,0.006948761,,,
32628.86303,0.006373392,,,
32488.48063,-0.004311681,,,
32547.96286,0.001829197,,,
32588.71199,0.001251189,,,
32574.30109,-0.000442303,,,
32848.36307,0.008378246,,,
32661.77882,-0.005696362,,,
32512.93032,-0.004567685,,,
32582.29151,0.002131069,,,
32856.85458,0.008391451,,,
32894.65244,0.001149718,,,
32887.97914,-0.000202889,,,
33174.6433,0.008678613,,,
33385.42618,0.006333634,,,
33274.99998,-0.003313099,,,
33357.49566,0.002476141,,,
33465.91621,0.00324499,,,
33498,0.000958241,,,
33550,0.001551128,,,
33345.21928,-0.006122451,,,
33350.57651,0.000160647,,,
33831.96764,0.014331085,,,
34200,0.0108195,,,
33823.44523,-0.011071436,,,
34144.0012,0.009432702,,,
34127.23461,-0.000491176,,,
33913.5939,-0.006279801,,,
33815.99223,-0.002882101,,,
33907.77202,0.002710418,,,
33924.74623,0.000500474,,,
34047.72857,0.003618596,,,
33844.47639,-0.005987515,,,
33948.2262,0.003060798,,,
33961.74524,0.000398146,,,
33964.34199,7.64581E-05,,,
33623.54952,-0.010084509,,,
33748.78459,0.003717705,,,
33303.91021,-0.013269591,,,
33009.28422,-0.008885952,,,
32985.02996,-0.000735041,,,
33053.75511,0.002081358,,,
33087.0681,0.001007335,,,
32897.94706,-0.005732258,,,
33055.17317,0.004767823,,,
32983.80128,-0.002161509,,,
32752.77332,-0.007028931,,,
32809.58832,0.001733159,,,
32484.18159,-0.009967549,,,
32479.47161,-0.000145004,,,
32358.7952,-0.003722387,,,
32166.97784,-0.005945467,,,
32043.8353,-0.003835575,,,
32266.36119,0.00692042,,,
32457.2951,0.00589999,,,
32026.59042,-0.01335872,,,
33281.58821,0.038437829,,,
35703.67627,0.070249323,,,
35811.50975,0.003015683,,,
37313.66925,0.041090384,,,
36204.08163,-0.030187863,,,
36856.0499,0.017847917,,,
36553.65197,-0.008238683,,,
35600,-0.02643546,,,
36281.90409,0.018973469,,,
36602.1123,0.008786845,,,
36818.95737,0.005906907,,,
36973.81803,0.004197183,,,
36928.94581,-0.001214359,,,
37008.07303,0.002140396,,,
36757.97639,-0.006780832,,,
36965.39072,0.005626842,,,
37458.7254,0.013257582,,,
37807.07783,0.009256659,,,
37268.99427,-0.014334601,,,
37380.52348,0.002988078,,,
37636.66742,0.006828967,,,
38078.83646,0.011679882,,,
38038.91454,-0.001048952,,,
38078.09649,0.001029519,,,
36650.18721,-0.038220685,,,
37074.98434,0.011523929,,,
37438.67628,0.009761829,,,
37180.85952,-0.006910195,,,
37100.61059,-0.002160672,,,
37075.94687,-0.000665,,,
37347.41081,0.00729516,,,
37007.60832,-0.009140065,,,
36627.6623,-0.010319766,,,
36000,-0.017284817,,,
35977.89296,-0.000614273,,,
36100.25948,0.003395388,,,
35997.83416,-0.002841279,,,
35712,-0.007972008,,,
35290.70038,-0.011867283,,,
35038.94083,-0.007159446,,,
34947,-0.00262741,,,
35203.24153,0.007305539,,,
35076.70862,-0.003600829,,,
34490.51375,-0.016853016,,,
34063.4553,-0.012459205,,,
34291.49429,0.006672226,,,
34070.99849,-0.006450805,,,
34595.03569,0.015263656,,,
34659.99168,0.00187585,,,
34565.39301,-0.002733065,,,
34195.96325,-0.010745376,,,
34715.99875,0.015093036,,,
34447.75651,-0.007756767,,,
34613.71418,0.004806095,,,
35288.22865,0.019299475,,,
34954.91153,-0.009490453,,,
34800,-0.004441602,,,
34462.33585,-0.009750374,,,
34158.19501,-0.008864485,,,
34090,-0.001998442,,,
34005,-0.002496514,,,
34258.12206,0.007416104,,,
34720.34397,0.01340212,,,
34722.86698,7.2664E-05,,,
34451.01828,-0.007859906,,,
34276.4996,-0.005078579,,,
34701.6562,0.012327438,,,
34759.87859,0.001676393,,,
34293.54666,-0.013506615,,,
34100,-0.005659808,,,
34026.95451,-0.002144394,,,
34350,0.009449028,,,
34197.37644,-0.00445309,,,
33852.01044,-0.010150538,,,
33675.14591,-0.005238335,,,
33398.33007,-0.008254154,,,
33261.29666,-0.004111442,,,
33278.19587,0.000507945,,,
33390,0.00335405,,,
33479.36353,0.002672781,,,
33600,0.003596832,,,
33501.1829,-0.002945318,,,
33488.39354,-0.000381831,,,
33552.06064,0.001899364,,,
33796.85734,0.007269539,,,
33524,-0.00810622,,,
33169.2774,-0.010637532,,,
33468.55093,0.008982152,,,
33325.74755,-0.004275922,,,
33818.41299,0.014675119,,,
33683.73035,-0.003990475,,,
33803.87574,0.003560521,,,
33509.95175,-0.008733001,,,
34061.67025,0.016330251,,,
34232.6517,0.005007204,,,
34230.5625,-6.10313E-05,,,
34036.60258,-0.005682393,,,
33884.5028,-0.004478727,,,
34291.43671,0.011937899,,,
34123.44767,-0.004910901,,,
34188.73932,0.001911567,,,
34265,0.002228095,,,
33982.97133,-0.008264869,,,
34031.7167,0.001433378,,,
34258.35305,0.006637486,,,
34306.57474,0.0014066,,,
34100.44297,-0.006026645,,,
34184.36904,0.002458119,,,
33809.16284,-0.011036638,,,
33630.867,-0.00528755,,,
33748.03908,0.003478008,,,
33505.02634,-0.007226847,,,
33671.08379,0.004943954,,,
33759.4662,0.002621437,,,
33766.26562,0.000201387,,,
33911.46543,0.004290925,,,
33814.97435,-0.002849438,,,
34227.10804,0.012114231,,,
34212.17907,-0.000436269,,,
34140.69016,-0.002091761,,,
34097.36861,-0.001269718,,,
34234.62215,0.004017261,,,
34082.08083,-0.004465718,,,
34222.67486,0.004116675,,,
34324.53017,0.002971832,,,
34230.72405,-0.002736659,,,
33735.59905,-0.014569973,,,
33550.72272,-0.005495227,,,
33860.97202,0.009204678,,,
33950.05009,0.002627246,,,
34095.70506,0.004281096,,,
34172.91794,0.002262032,,,
34113.16892,-0.001749962,,,
34248.49909,0.003959247,,,
34218.39713,-0.000879314,,,
34263.06896,0.00130464,,,
34183.33867,-0.002329715,,,
34338.30457,0.00452313,,,
34347.04046,0.000254374,,,
34125.53801,-0.006469838,,,
34238.82908,0.003314334,,,
34322.99026,0.002455047,,,
34348.99692,0.000757417,,,
34412.84135,0.001856973,,,
34270.9779,-0.004130919,,,
34132.91315,-0.004036757,,,
34157.71822,0.000726456,,,
34230.4712,0.002127648,,,
34349.18456,0.003462061,,,
34667.1687,0.009214813,,,
34689,0.000629542,,,
34574.4608,-0.003307351,,,
34615.56407,0.001188127,,,
34549.62146,-0.001906816,,,
34388.79814,-0.004665718,,,
34318.76314,-0.002038641,,,
34329.05835,0.000299943,,,
34291.45732,-0.001095912,,,
34235.67876,-0.001627927,,,
34105.42799,-0.003811789,,,
33957.52587,-0.004346046,,,
34077.24144,0.00351925,,,
34055.11732,-0.000649445,,,
34102.07716,0.001377986,,,
34112.04659,0.000292298,,,
34193.62957,0.002388762,,,
34086.16371,-0.003147811,,,
33881.3532,-0.006026735,,,
33757.7625,-0.003654419,,,
33764.48919,0.000199244,,,
33933.75687,0.005000662,,,
33969.69619,0.001058542,,,
34028.13647,0.001718887,,,
33935.10609,-0.002737669,,,
34033.0899,0.002883227,,,
33936.65863,-0.002837478,,,
33887.13724,-0.001460295,,,
34027.30146,0.004127677,,,
33936.02653,-0.002686007,,,
33824.69138,-0.00328613,,,
33692.16957,-0.003925597,,,
33755.70454,0.001883973,,,
33831.89933,0.002254698,,,
33800.37131,-0.000932337,,,
33754.33526,-0.001362927,,,
33665.22586,-0.00264343,,,
33772.297,0.00317542,,,
33789.46467,0.000508207,,,
33718.19051,-0.002111588,,,
33577.367,-0.004185231,,,
33761.61653,0.005472313,,,
33739.69316,-0.000649569,,,
33666.99293,-0.002157064,,,
33580.85761,-0.002561729,,,
33652.4644,0.002130099,,,
33529.7,-0.003654676,,,
33472.27403,-0.001714158,,,
33320.51549,-0.004544167,,,
33585.09018,0.007908936,,,
33600,0.000443843,,,
33618.11688,0.000539047,,,
33654.36687,0.001077707,,,
33628.33746,-0.000773733,,,
33654.83181,0.000787548,,,
33589.83743,-0.001933072,,,
33564.3497,-0.000759081,,,
33421.03042,-0.004279128,,,
33931.7764,0.015166577,,,
34144.82954,0.006259238,,,
33960.65395,-0.005408552,,,
33818.3144,-0.004200116,,,
33823.3583,0.000149136,,,
33678.87534,-0.004280841,,,
33689.30419,0.000309608,,,
33589.60999,-0.002963611,,,
33555.06621,-0.001028936,,,
33420.80401,-0.004009276,,,
33348.17087,-0.002175656,,,
33200,-0.004453049,,,
33069.90373,-0.00392626,,,
32779.37125,-0.008824224,,,
32899.45153,0.003656595,,,
32934.78986,0.001073555,,,
32934.1806,-1.84993E-05,,,
32968.9934,0.001056483,,,
32904.64,-0.001953845,,,
32877.36028,-0.000829398,,,
32933.29803,0.001699961,,,
32791.04796,-0.004328694,,,
32317.80878,-0.014537116,,,
32466.0771,0.004577329,,,
32549.04494,0.002552264,,,
32669.19252,0.003684482,,,
32480.06797,-0.005805901,,,
32802.60277,0.009881257,,,
32645,-0.00481616,,,
32770.65807,0.003841839,,,
32807.57305,0.00112583,,,
32564.29675,-0.007442878,,,
32793.30798,0.007007973,,,
32887.77607,0.002876571,,,
32852.44782,-0.001074784,,,
32771.31072,-0.002472798,,,
32759.9697,-0.000346125,,,
32613.2834,-0.004487663,,,
32575.65461,-0.001154453,,,
32723.8864,0.004540064,,,
32886.62278,0.00496069,,,
33040.97144,0.004682377,,,
32965.4581,-0.002288061,,,
33034.31941,0.002086714,,,
33138.85323,0.003159404,,,
33090.2131,-0.001468846,,,
33103.96424,0.000415479,,,
32574.32192,-0.016128734,,,
32413.59831,-0.004946271,,,
32579.44632,0.005103573,,,
32546.0729,-0.001024895,,,
32649.07519,0.003159817,,,
32922.24767,0.00833212,,,
33455.54136,0.016068784,,,
33409.24809,-0.001384683,,,
33424.09825,0.000444394,,,
33539.99662,0.003461511,,,
33502.93696,-0.00110555,,,
33670.97922,0.00500321,,,
33590.53644,-0.002391942,,,
33542.16524,-0.001441063,,,
33661.73018,0.003558278,,,
33564.97351,-0.002878521,,,
33689.2523,0.003695795,,,
33727.71269,0.001140971,,,
33618.13714,-0.003254117,,,
33548.94144,-0.002060406,,,
33569.98248,0.000626978,,,
33560.84562,-0.000272211,,,
33643.92095,0.002472306,,,
33766.06514,0.003623924,,,
33841.8495,0.002241879,,,
33877.46133,0.001051748,,,
33845.97449,-0.000929866,,,
33532.61273,-0.009301591,,,
33609.30211,0.002284398,,,
33622.62117,0.000396212,,,
33728.55035,0.003145581,,,
33795.34821,0.001978496,,,
33766.30249,-0.000859829,,,
33689.50415,-0.002276998,,,
33858.98957,0.005018196,,,
34468.84765,0.017851415,,,
34579.55594,0.003206689,,,
34370.90891,-0.006052103,,,
34355.87281,-0.000437561,,,
34355.28243,-1.71847E-05,,,
34226.28685,-0.003761819,,,
34425.96256,0.005817035,,,
34114.04676,-0.009101777,,,
34153.68992,0.001161403,,,
34074.32314,-0.002326517,,,
34093.36825,0.000558772,,,
34226.68001,0.003902571,,,
34178.17423,-0.001418197,,,
34298.39357,0.003511258,,,
34047.70496,-0.00733589,,,
33932.56113,-0.00338757,,,
33747.14888,-0.005479123,,,
33969.27174,0.006560408,,,
33811.59585,-0.004652528,,,
33927.30361,0.00341629,,,
33691.9137,-0.006962248,,,
33454.61364,-0.007068155,,,
33712.69379,0.007684733,,,
33732.67563,0.000592534,,,
33528.6452,-0.006066817,,,
33468.64594,-0.001791096,,,
33544.21975,0.002255503,,,
33570.40064,0.000780184,,,
33187.15235,-0.011481922,,,
33341.48607,0.004639626,,,
33395,0.001603739,,,
33499.69541,0.003130158,,,
33445.23674,-0.001626969,,,
33489.73081,0.001329472,,,
33565.67968,0.002265258,,,
33627.33996,0.001835318,,,
33998.69011,0.010982572,,,
33860.08584,-0.004085086,,,
33858.34954,-5.12801E-05,,,
33808.93645,-0.001460472,,,
33733.58953,-0.002231097,,,
33833.03552,0.002943645,,,
33854.4,0.000631269,,,
33950,0.002819878,,,
33832.43089,-0.003469018,,,
33934.13914,0.003001726,,,
33877.55102,-0.001668979,,,
33812.82816,-0.001912321,,,
33846.27644,0.00098873,,,
33833.50494,-0.00037741,,,
33810.73233,-0.000673305,,,
33645.28687,-0.004905294,,,
33659.68813,0.00042794,,,
33710.84443,0.001518655,,,
33693.63951,-0.000510498,,,
33594.9716,-0.00293268,,,
33536.26325,-0.001749063,,,
33695.6,0.004739927,,,
33663.31126,-0.000958707,,,
33455.21673,-0.006200827,,,
33537.99227,0.002471163,,,
33863.01229,0.009644442,,,
34004.74768,0.004176817,,,
33848.02537,-0.00461949,,,
33773.58177,-0.002201771,,,
33668.699,-0.0031103,,,
33597.46577,-0.002117952,,,
33565.52953,-0.000951007,,,
33753.51793,0.005585013,,,
33666.25698,-0.002588587,,,
33633.99375,-0.000958785,,,
33748.91196,0.003410904,,,
33648.47166,-0.002980542,,,
33637.66332,-0.000321265,,,
33666.19733,0.000847916,,,
33656.76528,-0.000280203,,,
33564.48652,-0.002745525,,,
33610.49971,0.00136995,,,
33886.28531,0.00817186,,,
33848.20148,-0.001124503,,,
33873.86182,0.000757813,,,
33838.18609,-0.001053748,,,
33832.15705,-0.000178189,,,
33937.01245,0.00309449,,,
33968.12291,0.000916292,,,
33987.60826,0.000573472,,,
33995.72079,0.000238662,,,
34181.73197,0.005456691,,,
34283.0578,0.002959942,,,
34195.62762,-0.002553502,,,
34162.75931,-0.000961647,,,
34275.96521,0.003308244,,,
34246,-0.000874616,,,
34393.72262,0.004304296,,,
34244.89796,-0.004336477,,,
34221,-0.000698098,,,
34653.26732,0.012552525,,,
35290.73481,0.018228443,,,
35216.5227,-0.002105092,,,
35281.72798,0.001849842,,,
35303.62065,0.000620318,,,
35168.13689,-0.003845056,,,
35238.97376,0.002012208,,,
35150,-0.002528061,,,
35155,0.000142237,,,
35218.02159,0.001791073,,,
34879.32674,-0.009663632,,,
34913.19519,0.000970547,,,
34674.798,-0.006851703,,,
34847.14339,0.004958024,,,
34894.13938,0.001347724,,,
34881.81233,-0.000353332,,,
34780.9404,-0.00289601,,,
34931.22472,0.004311573,,,
34975,0.0012524,,,
34824.17139,-0.004321795,,,
34837.15795,0.000372848,,,
34801.16502,-0.00103371,,,
34577.88186,-0.006436639,,,
34721.32784,0.004139908,,,
34789.4316,0.001959518,,,
34841.61277,0.001498791,,,
34750,-0.00263287,,,
34662.96186,-0.002507837,,,
34696.05901,0.000954372,,,
34751.49052,0.001596357,,,
34867.20203,0.003324154,,,
35018.92685,0.004342065,,,
34944.83933,-0.002117884,,,
34882.58859,-0.001782989,,,
34871.73691,-0.00031114,,,
34835.41546,-0.001042116,,,
34848.47357,0.000374781,,,
34874.33819,0.000741927,,,
34866.22643,-0.000232627,,,
34989.45758,0.003528168,,,
35293.97964,0.008665597,,,
35273.74948,-0.000573354,,,
35421.28561,0.004173881,,,
35417.60482,-0.00010392,,,
35742.3079,0.009126074,,,
35817.36051,0.002097624,,,
35628.43755,-0.00528858,,,
35581.89921,-0.001307067,,,
35790.36919,0.005841781,,,
35652.4829,-0.003860049,,,
35648.49993,-0.000111722,,,
35803.57995,0.004340819,,,
35655.77518,-0.004136757,,,
35627,-0.000807353,,,
35786.69397,0.00447237,,,
35568.85969,-0.00610562,,,
35591.83673,0.000645779,,,
35533.63256,-0.001636662,,,
35635.73455,0.00286927,,,
35657.6834,0.000615733,,,
35489.92213,-0.004715874,,,
35569.91189,0.002251336,,,
36195,0.017420879,,,
36188.37014,-0.000183187,,,
36144.71855,-0.001206961,,,
36131.63095,-0.000362154,,,
35986.09035,-0.004036201,,,
35947.31983,-0.001077956,,,
35879.62454,-0.001884956,,,
35900.34223,0.000577255,,,
35908.54031,0.000228331,,,
35967.74924,0.001647524,,,
35902.91157,-0.001804288,,,
36085.52102,0.005073311,,,
36144.68934,0.001638327,,,
36181.13104,0.001007709,,,
36405.69511,0.006187481,,,
36730.60192,0.008885026,,,
36659.54365,-0.001936453,,,
36608.06385,-0.001405254,,,
36578.65741,-0.0008036,,,
36565.39515,-0.000362634,,,
36463.55987,-0.002788903,,,
36415.87933,-0.001308477,,,
36453.64526,0.001036536,,,
36590.53814,0.003748226,,,
36608.97902,0.000503853,,,
36717.06195,0.002948012,,,
36511.54397,-0.005613067,,,
36495.55232,-0.000438085,,,
36513.94058,0.000503722,,,
36414.15814,-0.002736462,,,
36288.01018,-0.00347027,,,
35913.83931,-0.010364671,,,
36017.49407,0.00288205,,,
36036.09421,0.000516286,,,
36024.38218,-0.000325061,,,
35647.41259,-0.010519426,,,
35803.61632,0.004372337,,,
35819.9416,0.000455863,,,
35857,0.00103404,,,
35730.93939,-0.003521843,,,
35882.1086,0.004221841,,,
35864.30395,-0.000496322,,,
35982.51033,0.003290514,,,
36013.66434,0.000865435,,,
36044.3955,0.000852956,,,
36157.19434,0.003124555,,,
35965,-0.005329699,,,
36298.24915,0.009223264,,,
36171.38278,-0.003501232,,,
36202.56943,0.00086182,,,
36160.85334,-0.001152961,,,
36316.83017,0.00430414,,,
36622.1,0.008370609,,,
36614.1696,-0.00021657,,,
36533.27413,-0.002211848,,,
36601.55577,0.001867282,,,
36584.77973,-0.000458447,,,
36457.94613,-0.003472864,,,
36527.9303,0.001917746,,,
36587.82426,0.001638333,,,
36769.93094,0.004964902,,,
36792.90922,0.000624725,,,
36846.16925,0.001446516,,,
36851.6359,0.000148353,,,
36786.48342,-0.001769532,,,
36978.90275,0.005217075,,,
37159.51856,0.004872404,,,
37051.74823,-0.002904422,,,
37001,-0.001370597,,,
37005.7694,0.000128891,,,
37163.142,0.004243634,,,
36961.53315,-0.005439736,,,
37030.04941,0.001852002,,,
37061.22449,0.000841532,,,
37109.60274,0.001304509,,,
36919.35127,-0.005139932,,,
36895,-0.000659798,,,
36881.74786,-0.00035925,,,
36800,-0.002218946,,,
36773.81246,-0.000711871,,,
36816.26167,0.001153667,,,
36994.87521,0.004839754,,,
37056.9512,0.001676556,,,
37055.39278,-4.20556E-05,,,
37151.85764,0.002599878,,,
37387.38699,0.006319628,,,
37243.56728,-0.003854162,,,
37430.44476,0.005005165,,,
37376,-0.001455617,,,
37379.97965,0.00010647,,,
37276.60914,-0.002769229,,,
37466.32326,0.005076454,,,
37542.82978,0.002039926,,,
37478.74805,-0.001708355,,,
37633.95781,0.004132722,,,
37883.21671,0.006601407,,,
37995,0.002946389,,,
37818.92206,-0.004645011,,,
38041.50906,0.005868346,,,
38164.47302,0.00322715,,,
38036.07852,-0.003369913,,,
37959.43456,-0.002017066,,,
38134.61154,0.004604231,,,
37870.79601,-0.006942048,,,
37687.06898,-0.004863223,,,
37822.35762,0.003583361,,,
37882.50959,0.001589118,,,
37694.75889,-0.004968454,,,
37689.50222,-0.000139463,,,
37591.89601,-0.002593105,,,
37493.75654,-0.002614069,,,
37646.1296,0.004055723,,,
37638.31216,-0.000207677,,,
37662.26091,0.000636084,,,
37671.25073,0.000238667,,,
37674.91125,9.71656E-05,,,
37831.77618,0.004155,,,
37648.05414,-0.004868119,,,
37586.92768,-0.001624948,,,
37757.9336,0.004539293,,,
37995.95344,0.006284051,,,
38070.96938,0.001972367,,,
38089.44628,0.00048521,,,
37993.34507,-0.002526229,,,
37999.44551,0.000160553,,,
37870,-0.003412326,,,
37860.56055,-0.00024929,,,
38431.15997,0.014958637,,,
38668.93035,0.006167856,,,
38239.29231,-0.011172863,,,
37279.97346,-0.025407304,,,
37309.10962,0.000781244,,,
37198.14047,-0.00297875,,,
37148.50526,-0.001335238,,,
37493.04816,0.009231998,,,
37420.95539,-0.001924681,,,
37463.6584,0.001140502,,,
37723.78661,0.006919486,,,
37632.48715,-0.002423143,,,
37686.37514,0.00143093,,,
37805.9187,0.003167043,,,
37674.31447,-0.003487121,,,
37374.06588,-0.00800151,,,
37401.8706,0.000743681,,,
37525.1007,0.003289342,,,
37650,0.003322893,,,
37614.23259,-0.000950449,,,
37520.63192,-0.002491539,,,
37423.52073,-0.002591563,,,
37520.27317,0.002582001,,,
37570.52951,0.001338549,,,
37592.91119,0.000595547,,,
37508.817,-0.002239475,,,
37160.57928,-0.009327523,,,
36819.29176,-0.009226562,,,
36701.89792,-0.003193472,,,
36337.30036,-0.009983696,,,
36574.33025,0.006501863,,,
36566.26499,-0.000220541,,,
36644.49003,0.002136983,,,
36816.0451,0.004670681,,,
36748.44068,-0.001837964,,,
36949.92467,0.005467814,,,
36857.52296,-0.00250386,,,
36833.20066,-0.000660119,,,
36996.26984,0.004417462,,,
36897.94122,-0.002661337,,,
36944,0.001247497,,,
37364.29109,0.011312212,,,
37094.52696,-0.007246027,,,
37146.95463,0.001412355,,,
37081.58078,-0.001761421,,,
37207.3766,0.003386666,,,
37265.61216,0.001563938,,,
37471.88172,0.005519856,,,
37701.48129,0.006108554,,,
37490.93233,-0.005600286,,,
37435.81502,-0.001471232,,,
37604.92963,0.004507282,,,
37582.1,-0.000607276,,,
37327.33998,-0.00680184,,,
37546.41392,0.005851839,,,
37633.85729,0.002326233,,,
37351.70058,-0.007525663,,,
37190,-0.004338534,,,
37204.55877,0.000391394,,,
37238.02255,0.000899049,,,
37220.73441,-0.000464368,,,
37305.11438,0.002264449,,,
37079.53603,-0.006065204,,,
36971.58281,-0.002915643,,,
37003.46858,0.000862068,,,
37102.90308,0.002683563,,,
37139.86231,0.000995632,,,
36983.30048,-0.004224376,,,
37213.11114,0.006194677,,,
37169.88484,-0.001162263,,,
36983.77585,-0.00501956,,,
36617.65092,-0.009948936,,,
36811.18625,0.005271384,,,
36711.58664,-0.002709356,,,
36808.49788,0.002636322,,,
36960.49178,0.004120813,,,
37261.45218,0.008109786,,,
37237.87908,-0.000632841,,,
37328.65925,0.002434878,,,
37362.1,0.000895445,,,
37345.63354,-0.000440824,,,
37376.53054,0.000826984,,,
37312,-0.001727991,,,
37248.11285,-0.001713709,,,
37291.27728,0.001158164,,,
37122.77716,-0.004528725,,,
37202.14115,0.002135597,,,
37077.47313,-0.003356726,,,
37205.72535,0.003453065,,,
37480.8279,0.007366889,,,
37442.93132,-0.001011604,,,
37369.49509,-0.00196321,,,
37435.12235,0.001754632,,,
37663.50559,0.00608224,,,
37565.68508,-0.002600601,,,
37656.38112,0.002411422,,,
37742.03687,0.002272084,,,
37481.07976,-0.006938244,,,
37541.16896,0.001601904,,,
37708.98854,0.004460319,,,
37671.09931,-0.001005285,,,
37565.20048,-0.002815101,,,
37524.26998,-0.00109018,,,
37246.42133,-0.007432055,,,
37467.24067,0.0059111,,,
37511.85018,0.001189919,,,
37500.4915,-0.000302848,,,
37392.26416,-0.002890197,,,
37501,0.002903757,,,
37700.02009,0.005293028,,,
37566.21772,-0.003555446,,,
37719.99999,0.004085276,,,
37606,-0.003026845,,,
37939.99646,0.008842259,,,
38043.61603,0.002727421,,,
37873.03037,-0.004494033,,,
37963.43404,0.002384175,,,
37918.0776,-0.001195455,,,
37950.07684,0.000843549,,,
38251.91289,0.007922041,,,
38146.9029,-0.002748997,,,
38093.33497,-0.001405241,,,
38189.30185,0.002516088,,,
38082.06031,-0.002812107,,,
37958.34013,-0.003254067,,,
38020,0.001623091,,,
38125.03247,0.002758749,,,
37990.75864,-0.00352815,,,
37994.78771,0.000106048,,,
38030.49544,0.000939365,,,
37867.35422,-0.004298975,,,
37802.35055,-0.00171809,,,
37817.72622,0.000406656,,,
37851.90036,0.000903246,,,
37840.29764,-0.000306577,,,
37875.09025,0.000919037,,,
37794.78806,-0.002122436,,,
37748.09114,-0.001236302,,,
37636,-0.00297387,,,
37401.74495,-0.006243679,,,
37357.18313,-0.001192147,,,
37485.3225,0.003424244,,,
37603.27046,0.003141571,,,
37630.0284,0.000711332,,,
37669.95647,0.001060507,,,
37632.06788,-0.00100631,,,
37717.94672,0.002279465,,,
37727.92307,0.000264464,,,
37842.95111,0.003044245,,,
37752.50232,-0.00239297,,,
37807.67289,0.001460308,,,
37825.04898,0.000459486,,,
37708.78098,-0.00307857,,,
37946.49987,0.006284285,,,
37844.94939,-0.002679736,,,
37798.65092,-0.001224122,,,
37966.86524,0.0044404,,,
37932.75257,-0.000898889,,,
37901.67185,-0.0008197,,,
38271.81086,0.009718393,,,
38435.57283,0.00426979,,,
38391.0106,-0.001160073,,,
38629.93468,0.006204153,,,
38748.62432,0.003067768,,,
38918.27256,0.004368618,,,
39215.50563,0.007608348,,,
39216.82907,3.37472E-05,,,
38832.18529,-0.009856547,,,
38800.74366,-0.000810008,,,
38980.3992,0.004619522,,,
39469.92648,0.012480092,,,
39387.9109,-0.002080088,,,
39334.1752,-0.0013652,,,
39350,0.000402236,,,
39289.51993,-0.00153816,,,
39397.43006,0.002742772,,,
39093.84697,-0.007735499,,,
39237.89479,0.003677896,,,
39251.76958,0.000353544,,,
39184.35428,-0.001718987,,,
38857.88027,-0.008366647,,,
39063.1344,0.005268274,,,
38929.96322,-0.003414951,,,
39000,0.001797429,,,
39100,0.002560821,,,
39382.70988,0.007204417,,,
39352.1122,-0.000777234,,,
39260.49383,-0.002330883,,,
39363.2719,0.002614429,,,
39305.44218,-0.001470209,,,
39264.57737,-0.001040214,,,
39369.42111,0.002666628,,,
39558.2226,0.004784176,,,
39601.02005,0.0010813,,,
39500.57661,-0.002539607,,,
39419.01267,-0.002067015,,,
39725.94956,0.00775636,,,
39658.9049,-0.001689105,,,
39691.94848,0.000832848,,,
39886.63886,0.004893044,,,
39820.80801,-0.001651812,,,
39751.20946,-0.001749323,,,
39786.28521,0.000881993,,,
40014.16574,0.005711275,,,
40270.49198,0.006385457,,,
40338.17061,0.00167919,,,
40375.96536,0.000936509,,,
40177.03961,-0.004939013,,,
40050,-0.003167005,,,
40302.01506,0.006272796,,,
40254.12116,-0.001189081,,,
39923.4618,-0.008248222,,,
40080.18612,0.003917935,,,
40182.24889,0.002543228,,,
40185.28221,7.54862E-05,,,
40107.52122,-0.001936936,,,
40266.07194,0.003945349,,,
40289,0.000569252,,,
40483.74075,0.004821952,,,
40260.45497,-0.00553071,,,
40433.4,0.004286455,,,
40465.3854,0.000790751,,,
40576.83451,0.002750398,,,
40820.90491,0.005997,,,
40748.47164,-0.001775992,,,
40664.86657,-0.002053843,,,
40593.8358,-0.001748263,,,
40602.9978,0.000225674,,,
40532.70424,-0.001732741,,,
40470.13453,-0.001544877,,,
40578.68039,0.002678532,,,
40183.14554,-0.009795173,,,
40121.49863,-0.001535327,,,
40331.87862,0.005229873,,,
40374.10248,0.001046363,,,
40264.12374,-0.002727709,,,
40329.63124,0.001625623,,,
40248,-0.002026152,,,
40070.74601,-0.004413771,,,
40167.59741,0.002414094,,,
40003.16404,-0.004102084,,,
39822.44624,-0.004527823,,,
39779,-0.001091594,,,
40066.52622,0.007202093,,,
40087.84669,0.000531985,,,
40181.65787,0.002337406,,,
40104.70079,-0.001917066,,,
40038.28015,-0.001657554,,,
40379.34446,0.008482378,,,
40257.88983,-0.003012373,,,
40245.67122,-0.000303554,,,
39997.60956,-0.006182759,,,
39375.26352,-0.015681902,,,
39309.50925,-0.001671334,,,
39258.96785,-0.001286557,,,
39200,-0.001503152,,,
39227.78844,0.000708638,,,
39386.46817,0.004036925,,,
39507.40932,0.003065922,,,
39560.98698,0.001355223,,,
39361.2768,-0.005060945,,,
39315.20705,-0.001171119,,,
39253.92615,-0.001559923,,,
38647.91538,-0.015558631,,,
38684.78241,0.000953466,,,
38653.85059,-0.000799906,,,
38589.61811,-0.001663118,,,
38754.39539,0.004260899,,,
38865.50809,0.002862997,,,
38824.10928,-0.001065749,,,
38742.29458,-0.00210954,,,
38839.93786,0.002517157,,,
38760,-0.002060257,,,
38463.50721,-0.00767886,,,
38203.14837,-0.006791997,,,
38320.26567,0.003060956,,,
38449.24432,0.003360156,,,
38325,-0.003236617,,,
38603.28152,0.007234862,,,
38537.13849,-0.001714874,,,
38370.53234,-0.004332634,,,
38534.23103,0.004257186,,,
38658.74245,0.003225981,,,
38537.13063,-0.003150736,,,
38907.9583,0.009576605,,,
38823.22457,-0.002180174,,,
38800.27659,-0.000591264,,,
39035.29852,0.006038952,,,
39412.1687,0.009608292,,,
39368.42969,-0.001110401,,,
39356.55553,-0.000301662,,,
39493.38915,0.003470738,,,
39490.47212,-7.38641E-05,,,
39419.43477,-0.001800468,,,
39536.79254,0.002972732,,,
39517.01249,-0.00050042,,,
39390.88039,-0.003196948,,,
39411.72109,0.000528934,,,
39300.44716,-0.002827365,,,
39327.00355,0.000675499,,,
39132.60588,-0.004955367,,,
39097.94028,-0.000886242,,,
38833.05912,-0.006797864,,,
39043.42715,0.00540262,,,
39144.65197,0.002589266,,,
38665.6841,-0.012311319,,,
38626.8516,-0.001004819,,,
38791.49631,0.004253384,,,
39047.26901,0.006571883,,,
38950.70552,-0.002476052,,,
38500,-0.011638644,,,
38656.50962,0.004056944,,,
38322.39768,-0.008680665,,,
38567.85687,0.006384685,,,
38495.83242,-0.001869219,,,
38248.51556,-0.006445236,,,
38042.89171,-0.005390498,,,
37828.3866,-0.005654463,,,
38053.28718,0.005927683,,,
37925.70126,-0.003358456,,,
37600,-0.008624965,,,
37763.20795,0.004331243,,,
37872.5052,0.002890099,,,
38174.98069,0.007954953,,,
38079.21306,-0.002511801,,,
38035.93024,-0.001137299,,,
38029.3588,-0.000172784,,,
37898.00746,-0.003459924,,,
38065.84609,0.004418915,,,
38101.16992,0.000927536,,,
38173.46199,0.001895574,,,
38272.7948,0.002598763,,,
38362.11726,0.002331118,,,
38368.84417,0.000175338,,,
38305.90421,-0.001641739,,,
38074.66903,-0.006054835,,,
37971.26042,-0.002719637,,,
38085.24078,0.002997257,,,
38334.26445,0.006517304,,,
38473.63803,0.003629151,,,
38466.13487,-0.00019504,,,
38452.67751,-0.000349911,,,
38551.06167,0.00255531,,,
38542.80717,-0.000214141,,,
38564.6977,0.000567792,,,
38314.89929,-0.006498455,,,
38470.84814,0.004061927,,,
38784.54144,0.008120987,,,
38983.3184,0.00511207,,,
38981.61823,-4.36137E-05,,,
39009,0.000702181,,,
38814.4078,-0.005000876,,,
39094.65324,0.007194199,,,
38831.94165,-0.006742566,,,
38742.74324,-0.002299679,,,
38722.64099,-0.000519,,,
38876.94408,0.00397691,,,
38635.01036,-0.006242508,,,
38567.97442,-0.001736616,,,
38523.8531,-0.001144643,,,
38607.77044,0.002175953,,,
38540.5204,-0.001743397,,,
38394.17966,-0.003804289,,,
38252.97731,-0.003684481,,,
38364.7108,0.002916652,,,
38372.60765,0.000205815,,,
38435.19747,0.001629778,,,
38090.90027,-0.008998225,,,
38390.63678,0.007838181,,,
38633.30209,0.006301057,,,
38617.06808,-0.000420296,,,
38584.97713,-0.00083135,,,
38627.96883,0.001113588,,,
38671.27284,0.001120425,,,
38826.92175,0.004016845,,,
38689.75085,-0.003539136,,,
38993.394,0.007817518,,,
39149.1704,0.003986985,,,
39071.87258,-0.001976395,,,
39022.83815,-0.001255768,,,
38977.2059,-0.001170057,,,
39114.63269,0.003519623,,,
39274.12747,0.004069333,,,
39287.94984,0.000351884,,,
39248.03773,-0.001016403,,,
39202.0253,-0.001173038,,,
39081.19023,-0.003087128,,,
39172.11715,0.002323914,,,
39269.4325,0.002481221,,,
39040.45968,-0.005847881,,,
38987.6372,-0.001353935,,,
38954.27121,-0.000856176,,,
38994.34015,0.001028086,,,
39071.1514,0.001967868,,,
39283.15036,0.005411304,,,
39415.49904,0.003363433,,,
39418,6.34492E-05,,,
39400.84531,-0.000435294,,,
39401.25188,1.03187E-05,,,
39413.47822,0.000310255,,,
39204.81988,-0.005308149,,,
39230.77063,0.000661709,,,
40321.41704,0.027421364,,,
43069.3,0.065927678,,,
42467.81112,-0.014064043,,,
44002.20101,0.035493252,,,
43742.99842,-0.005908092,,,
43010.64652,-0.016883885,,,
43457.63305,0.010338832,,,
43658.92211,0.004621152,,,
43081.70101,-0.013309326,,,
43555.17539,0.010930198,,,
43422.16472,-0.003058516,,,
43637.60219,0.004949196,,,
43619.4879,-0.000415194,,,
43681,0.001409204,,,
44120,0.009999969,,,
43439.147,-0.015552155,,,
43273.26218,-0.003826096,,,
43174.22093,-0.002291363,,,
42719.4617,-0.010588986,,,
42938.74048,0.005119866,,,
43101.19963,0.003776371,,,
43077.49793,-0.000550059,,,
42840.05332,-0.005527281,,,
43209.46173,0.008586002,,,
42778.0685,-0.01003394,,,
42645.86806,-0.003095164,,,
42879.14415,0.005455168,,,
42922.05526,0.001000245,,,
42904.75476,-0.000403149,,,
43018.34622,0.002644028,,,
43146.59261,0.002976767,,,
43067.04258,-0.001845417,,,
43453.27342,0.008928155,,,
44124.29415,0.015324332,,,
43979.19245,-0.003293895,,,
44376.93095,0.009003138,,,
44349.62319,-0.000615549,,,
44576.02446,0.005091934,,,
44549.93954,-0.000585349,,,
44400,-0.003371327,,,
44725.15162,0.00729655,,,
44688.8036,-0.000813028,,,
45184.5777,0.011032836,,,
46126.8221,0.020638778,,,
46023.79513,-0.002236057,,,
46359.36505,0.007264774,,,
46761,0.0086262,,,
46641.41971,-0.002560541,,,
47107.20067,0.009936889,,,
46746.29874,-0.007690789,,,
46529,-0.004659307,,,
46073.7556,-0.009832279,,,
46276.68966,0.004394876,,,
46145.38959,-0.002841316,,,
45827.16223,-0.006920078,,,
46050.21895,0.00485554,,,
46144.51978,0.002045689,,,
45693.99384,-0.009811343,,,
45936.18899,0.005286374,,,
46230,0.006375701,,,
46610.67738,0.008200705,,,
46594.27792,-0.000351901,,,
46329.81143,-0.005692113,,,
46417.66515,0.001894472,,,
46557.65241,0.00301128,,,
46814.98056,0.005511868,,,
46823.48248,0.00018159,,,
46783.73978,-0.000849138,,,
46568.03504,-0.00462134,,,
46883.55543,0.006752621,,,
46827.0992,-0.001204905,,,
47059.40857,0.004948738,,,
47645.27405,0.012372629,,,
48099,0.009477942,,,
47914.40788,-0.003845137,,,
47650,-0.00553362,,,
47544.88682,-0.00220838,,,
47522.3799,-0.000473495,,,
47492.11616,-0.000637034,,,
46981.49811,-0.010809855,,,
46803.46414,-0.003796647,,,
47110.74174,0.006543817,,,
46713.14354,-0.008475466,,,
46728.41667,0.000326902,,,
46002.3005,-0.015661068,,,
46413.70086,0.008903287,,,
46228.3972,-0.004000426,,,
46304.83918,0.001652206,,,
46323.40012,0.000400762,,,
45647.2783,-0.014703251,,,
45762.11558,0.002512594,,,
46257.892,0.010775509,,,
46436.22896,0.003847864,,,
46394.68042,-0.000895144,,,
46712.39521,0.006824745,,,
46428.97812,-0.006085759,,,
45795,-0.013748878,,,
45315.4573,-0.01052672,,,
45480.9232,0.003644773,,,
45226.15849,-0.005617321,,,
45664.50106,0.009645567,,,
46297.68531,0.013770753,,,
46210.46448,-0.00188569,,,
46311.3678,0.002181179,,,
46280.44015,-0.000668043,,,
46629.66873,0.007517594,,,
46451.47507,-0.003828786,,,
47021.476,0.012196213,,,
47056.11809,0.000736458,,,
46785.61932,-0.005765015,,,
46458.32337,-0.007020237,,,
46336.5814,-0.002623895,,,
46817.63476,0.010328199,,,
46498,-0.006850642,,,
46745.6258,0.005311385,,,
46428.3411,-0.006810613,,,
46369.1694,-0.001275287,,,
46490.81938,0.002620075,,,
46711,0.004724822,,,
46964.46806,0.005411634,,,
47299.82315,0.00711524,,,
47014.46562,-0.006051223,,,
46856.73132,-0.003360657,,,
46854.74785,-4.23314E-05,,,
46855.51563,1.63863E-05,,,
47129.83648,0.00583754,,,
47129.83648,0,,,
46894.19664,-0.005012343,,,
47299.50707,0.008605945,,,
47111.86165,-0.003975065,,,
47142.35261,0.000646994,,,
47406.44491,0.005586385,,,
47106.05372,-0.006356666,,,
47269,0.003453168,,,
46713.05644,-0.011830983,,,
46897.33993,0.003937249,,,
46727.17358,-0.003635085,,,
46839.62239,0.002403606,,,
46351.86331,-0.010467985,,,
46494.79133,0.0030788,,,
46454.64343,-0.000863865,,,
46453.22694,-3.04924E-05,,,
46549.20141,0.002063914,,,
46809.28194,0.005571667,,,
46689.28105,-0.002566905,,,
46533.8501,-0.003334604,,,
46296.78855,-0.00510741,,,
46140.76094,-0.003375852,,,
46288.82541,0.003203836,,,
46268.4111,-0.000441118,,,
46431.87347,0.003526689,,,
46566.54141,0.002896136,,,
46480.4063,-0.001851434,,,
46290.21806,-0.004100188,,,
46664.01138,0.008042567,,,
46443.71257,-0.004732136,,,
46270.56425,-0.003735099,,,
46230.31166,-0.000870318,,,
45628.98056,-0.013092626,,,
45861,0.00507203,,,
45891.64441,0.000667979,,,
46025.52243,0.002913017,,,
46171.62486,0.003169351,,,
46187.12971,0.000335753,,,
46345.41669,0.003421221,,,
46137.09281,-0.00450516,,,
46454.565,0.006857495,,,
46491.7029,0.000799126,,,
46506.91897,0.000327232,,,
46495.19311,-0.000252163,,,
46518.67431,0.000504897,,,
46568.01915,0.001060191,,,
46900,0.007103654,,,
46551.7481,-0.007453119,,,
46533,-0.000402818,,,
46412.02658,-0.002603119,,,
46435.05362,0.000496021,,,
46665.9999,0.004961206,,,
46704.80156,0.000831131,,,
46789.10145,0.001803324,,,
46687.27191,-0.002178723,,,
46559.50454,-0.002740415,,,
47115.88796,0.011879106,,,
46945.39658,-0.003625117,,,
46739.09122,-0.004404266,,,
46640.55893,-0.00211036,,,
46468.41141,-0.003697769,,,
46489.2231,0.000447767,,,
46496.71222,0.000161081,,,
46587.91636,0.001959597,,,
46250.50913,-0.00726873,,,
46159.45964,-0.001970556,,,
45139.13714,-0.02235226,,,
45708.22729,0.012528654,,,
45851.70868,0.003134155,,,
45470.6689,-0.008344986,,,
45768.79304,0.006535006,,,
45639.96412,-0.002818745,,,
45866.49788,0.004951218,,,
45446.29198,-0.009203724,,,
45235.15923,-0.004656589,,,
44937.17529,-0.006609234,,,
45006.16672,0.001534109,,,
44499.86517,-0.011313359,,,
44017.97864,-0.010888003,,,
44344.35598,0.007387284,,,
44548.91996,0.00460247,,,
44664.35677,0.002587886,,,
44631.54102,-0.000734989,,,
44773.22596,0.003169519,,,
44564.6349,-0.004669721,,,
44790.42742,0.005053838,,,
45007,0.00482359,,,
44984.50607,-0.000499912,,,
44919.11571,-0.001454677,,,
45050,0.00290954,,,
44913.09973,-0.003043478,,,
45105.43256,0.004273189,,,
44777.23392,-0.007302856,,,
44684.10569,-0.002081978,,,
45183.0521,0.011104202,,,
45199.27672,0.000359022,,,
45057.38443,-0.003144198,,,
44896.62826,-0.003574189,,,
44659.49298,-0.005295804,,,
44587.2377,-0.001619226,,,
44555.09911,-0.000721062,,,
44641.23223,0.001931316,,,
44806.59682,0.003697458,,,
45003.95401,0.004394974,,,
45067,0.001399919,,,
45156.93747,0.00199365,,,
45205.29158,0.001070229,,,
45193.34428,-0.000264325,,,
45154.68029,-0.00085589,,,
45133.11004,-0.000477811,,,
45182.90862,0.001102763,,,
44816.95704,-0.008132314,,,
44472.2757,-0.007720596,,,
44818.71933,0.007759917,,,
44659.33196,-0.003562606,,,
44272.8785,-0.008691022,,,
44209.57458,-0.001430881,,,
44393.03354,0.00414117,,,
44485.6823,0.002084837,,,
44203.8758,-0.006354918,,,
44681.7005,0.01075156,,,
44539.10838,-0.00319639,,,
44663.32536,0.00278506,,,
44767.52594,0.002330306,,,
44933.32621,0.003696742,,,
44856.63351,-0.001708269,,,
44747.46209,-0.002436752,,,
45421.00865,0.014940013,,,
45075.50177,-0.007635843,,,
44937.99245,-0.003055307,,,
44734.83956,-0.004530987,,,
44756.84462,0.000491779,,,
44706.22684,-0.001131591,,,
44614.00944,-0.002064872,,,
44864.75101,0.005604508,,,
44669.29732,-0.004366026,,,
44758.54139,0.001995891,,,
44739.6211,-0.000422808,,,
44494.50352,-0.005493822,,,
44574.07895,0.001786835,,,
45085.85319,0.01141602,,,
44954.11265,-0.00292627,,,
44881.17161,-0.001623885,,,
44720.01965,-0.003597098,,,
44564.75713,-0.00347792,,,
44710,0.003253842,,,
45056.50654,0.007720213,,,
45008.8995,-0.001057166,,,
44911.0618,-0.002176107,,,
45030.9891,0.00266677,,,
45150.8827,0.002658931,,,
45533.18867,0.008431651,,,
45444.7362,-0.001944483,,,
45409.24962,-0.000781178,,,
45914.6769,0.011069004,,,
46322.6298,0.008845782,,,
46244.23336,-0.001693834,,,
46248.16014,8.49104E-05,,,
46228.09687,-0.000433912,,,
46049.30276,-0.003875149,,,
46386.5993,0.007297988,,,
46328.31639,-0.00125725,,,
46447.01157,0.002558767,,,
46507.32441,0.001297688,,,
47300,0.016900481,,,
48058.92579,0.015917583,,,
47802.39085,-0.005352223,,,
47498,-0.006388051,,,
47402.35584,-0.002015676,,,
47675.89201,0.005753933,,,
47902.39569,0.004739656,,,
47893.68604,-0.000181837,,,
47683.6723,-0.004394641,,,
47827.5183,0.003012131,,,
47778.6839,-0.001021574,,,
47969.6539,0.003989004,,,
47834.00744,-0.002831761,,,
47774.65295,-0.001241613,,,
47556,-0.004587262,,,
47605.27414,0.001035592,,,
47090.3304,-0.010875876,,,
47302.64602,0.004498554,,,
47291.37077,-0.000238392,,,
47359.01315,0.001429311,,,
47595.38069,0.004978559,,,
47895.4,0.006283754,,,
47737.3808,-0.003304711,,,
47640.67612,-0.002027819,,,
47836.97108,0.004111857,,,
47963.1613,0.002634449,,,
48015.95116,0.001100028,,,
47802.8135,-0.004448774,,,
47951.38766,0.003103243,,,
48617.8084,0.013802151,,,
48397.58084,-0.004540062,,,
47057.22736,-0.028085365,,,
47257.35708,0.004243883,,,
46949,-0.006546441,,,
46807.41281,-0.003020323,,,
46885.43217,0.001665429,,,
47162.58919,0.005893964,,,
47260,0.002063295,,,
47476.47769,0.00457011,,,
47704.70965,0.004795746,,,
47809.17281,0.002187393,,,
47727.01223,-0.001719989,,,
47781.36855,0.001138252,,,
47974.24888,0.004028601,,,
48415.17541,0.009148921,,,
48460.26562,0.00093089,,,
48603,0.002941061,,,
47967.98199,-0.013151511,,,
48180.7641,0.00442611,,,
48062.92884,-0.002448687,,,
48365.5423,0.006276455,,,
48464.69597,0.002047991,,,
48198.1536,-0.005514902,,,
48053.07814,-0.003014519,,,
47931.43237,-0.002534697,,,
47918.39305,-0.000272078,,,
47860.6405,-0.001205954,,,
47847.6327,-0.000271822,,,
47566.89411,-0.005884626,,,
47566.44945,-9.348E-06,,,
47370.46354,-0.004128767,,,
47260.9116,-0.002315342,,,
47221.77892,-0.000828357,,,
47320.9937,0.002098835,,,
47390.93762,0.001476982,,,
47358.24446,-0.000690099,,,
47428.32076,0.001478613,,,
47278.4054,-0.003165889,,,
46861.8927,-0.008848823,,,
47394.91661,0.011310156,,,
47451.79679,0.001199413,,,
47384.72606,-0.00141445,,,
47168.8222,-0.004566814,,,
47061.98575,-0.002267549,,,
47383.91136,0.00681717,,,
47326.96544,-0.001202521,,,
47289.5514,-0.000790857,,,
47644.64069,0.007480781,,,
47470.9777,-0.003651623,,,
47136.2664,-0.007075837,,,
47201.41565,0.001381193,,,
47254.7543,0.001129384,,,
47322.7335,0.001437535,,,
47355.35637,0.000689132,,,
47373.6445,0.000386115,,,
47600,0.00476671,,,
47559.00006,-0.000861715,,,
47379.82668,-0.003774506,,,
47423.75688,0.000926762,,,
47833.5319,0.008603595,,,
47727.51505,-0.002218831,,,
47591.36768,-0.002856673,,,
47506.16483,-0.001791905,,,
47714.86044,0.004383401,,,
47805.22171,0.001891985,,,
47695.0001,-0.002308302,,,
48071.85368,0.007870271,,,
47839.58171,-0.004843477,,,
47837.99157,-3.32396E-05,,,
47850.50691,0.000261585,,,
47728.65713,-0.002549716,,,
47386.88657,-0.00718646,,,
46681.61438,-0.014995145,,,
46584.12275,-0.002090621,,,
46880.30983,0.006337985,,,
46964.73778,0.001799306,,,
47075.95364,0.002365272,,,
47012.02336,-0.001358947,,,
47232.29013,0.004674387,,,
47785.34062,0.011641139,,,
47534.27428,-0.005267896,,,
47612.6557,0.001647587,,,
47585.05551,-0.00057985,,,
47720.30631,0.002838264,,,
47682.04574,-0.000802089,,,
47732.18612,0.001051004,,,
47720.38612,-0.000247243,,,
47335.48413,-0.008098481,,,
47267.05906,-0.00144658,,,
47247.61509,-0.000411449,,,
47183.6612,-0.001354507,,,
47281.62791,0.002074132,,,
47265.71258,-0.000336664,,,
47256.85455,-0.000187427,,,
47312.14827,0.001169384,,,
47315.9124,7.95564E-05,,,
47498.54897,0.003852509,,,
47588.0897,0.001883351,,,
47623.99244,0.000754164,,,
47637.69326,0.000287646,,,
47820.088,0.003821479,,,
47846.73609,0.000557102,,,
47760.95552,-0.001794429,,,
47716.61906,-0.00092873,,,
47750,0.000699322,,,
47841.44963,0.001913344,,,
47712.38591,-0.002701384,,,
47523,-0.003977223,,,
47347.5471,-0.00369879,,,
47340.41891,-0.000150562,,,
47423.01773,0.001743264,,,
47287.63563,-0.002858859,,,
47435.5677,0.003123463,,,
47443,0.00015667,,,
47660.91883,0.00458276,,,
47649.14251,-0.000247116,,,
47638.5162,-0.000223036,,,
47625.63164,-0.000270502,,,
47586.73162,-0.000817121,,,
47564.08423,-0.000476031,,,
47768.16416,0.004281452,,,
47818,0.001042742,,,
47914.30788,0.002012025,,,
47831,-0.001740198,,,
47766.78659,-0.001343408,,,
47817.06051,0.001051933,,,
47686.31455,-0.00273804,,,
47678.5672,-0.000162478,,,
47755.81187,0.001618802,,,
47892.19219,0.002851715,,,
47728.69234,-0.003419755,,,
47481.14175,-0.005200117,,,
47748.25017,0.005609804,,,
47879.53908,0.002745833,,,
47681.14444,-0.004152229,,,
47640.98199,-0.000842668,,,
47622.70967,-0.000383616,,,
47720,0.002040856,,,
47495.6,-0.004713522,,,
47542.37714,0.000984389,,,
47333.79876,-0.004396862,,,
47011.52272,-0.006831866,,,
47233.53202,0.004711329,,,
47373.96433,0.002968737,,,
47490.71621,0.002461442,,,
47415.07637,-0.001593999,,,
47401.40212,-0.000288436,,,
47401.5375,2.85593E-06,,,
47209.63733,-0.004056612,,,
47204.86231,-0.00010115,,,
47133.92794,-0.001503822,,,
47094,-0.000847476,,,
47000,-0.001998003,,,
46698.12864,-0.00644351,,,
46583.37577,-0.002460358,,,
46722.08265,0.00297318,,,
46733.75566,0.000249808,,,
46592.87814,-0.003019023,,,
46780.25019,0.004013409,,,
47210.99807,0.009165766,,,
46911.52644,-0.006363464,,,
46936.20419,0.00052591,,,
46762.35598,-0.003710802,,,
46884.69292,0.002612726,,,
47047.5939,0.00346848,,,
46984,-0.001352607,,,
46800,-0.003923915,,,
46827.26778,0.000582475,,,
46780.3446,-0.001002551,,,
46978.49705,0.00422686,,,
47125,0.003113658,,,
47005.98288,-0.002528757,,,
47171.44055,0.003513747,,,
47100.86486,-0.001497273,,,
47185.42287,0.001793644,,,
47047.08225,-0.002936157,,,
47082.48333,0.000752178,,,
47151.1,0.001456311,,,
46974.51004,-0.003752223,,,
47070.97755,0.002051508,,,
46895.02277,-0.003745078,,,
46831.81751,-0.001348712,,,
46828.0688,-8.00494E-05,,,
46906.37921,0.0016709,,,
46848.42697,-0.001236251,,,
46774.85626,-0.001571633,,,
46877.76489,0.002197668,,,
47015.584,0.002935654,,,
46892.01913,-0.002631628,,,
46864.83219,-0.000579946,,,
46727.91195,-0.002925875,,,
46757.86212,0.000640743,,,
46789.28451,0.000671798,,,
46921.04379,0.002812056,,,
46872.81206,-0.001028462,,,
46767.06284,-0.002258638,,,
46914.94381,0.003157086,,,
47128.77114,0.004547411,,,
47111.73358,-0.000361576,,,
46950,-0.003438885,,,
46970,0.000425894,,,
47048.58,0.001671585,,,
47247.59508,0.00422107,,,
47165.18126,-0.00174582,,,
47138.04591,-0.000575491,,,
47150.79697,0.000270468,,,
47520.24293,0.007804875,,,
47477.53395,-0.000899158,,,
47588.11499,0.002326415,,,
47568.00001,-0.000422779,,,
47507.8387,-0.001265544,,,
47529.34035,0.000452489,,,
47490.39546,-0.000819722,,,
47434,-0.001188219,,,
47577.01985,0.003010597,,,
47333.61464,-0.005129156,,,
47416.73171,0.001754444,,,
47361.7834,-0.00115951,,,
47377.5322,0.000332466,,,
47442.95401,0.001379909,,,
47417.60017,-0.00053455,,,
47245.97744,-0.003625955,,,
47399.84877,0.003251521,,,
47300.23742,-0.002103723,,,
47593.61972,0.006183398,,,
47525.89615,-0.001423968,,,
47582.56354,0.001191637,,,
47950,0.007692419,,,
48005.02585,0.001146909,,,
48858.99021,0.017632688,,,
49145.10986,0.005838949,,,
48805.2156,-0.006940163,,,
48599,-0.00423423,,,
48722.58025,0.002539628,,,
48684.94387,-0.000772761,,,
48737.27109,0.001074236,,,
48779.90859,0.000874461,,,
48689.29701,-0.001859287,,,
48842.83873,0.003148539,,,
48783.21353,-0.001221502,,,
48608.21495,-0.00359372,,,
48668.72815,0.001244143,,,
48846.096,0.003637766,,,
48887,0.000837055,,,
48889.81035,5.7485E-05,,,
49127.94497,0.004859019,,,
49096.54519,-0.000639347,,,
49277.69651,0.003682905,,,
49118.93396,-0.003226994,,,
49002.45007,-0.002374282,,,
48854.67981,-0.003020125,,,
48921.60749,0.001368996,,,
48959.87524,0.00078192,,,
49050.18986,0.001842967,,,
49550,0.010138204,,,
49357.15773,-0.003899465,,,
49300,-0.001158714,,,
49389.8499,0.001820854,,,
49370,-0.000401983,,,
49253.60732,-0.002360342,,,
49023.96628,-0.004673324,,,
48760.48672,-0.005389,,,
48841.582,0.001661754,,,
48981.40335,0.002858662,,,
48929,-0.001070435,,,
48740.821,-0.003853375,,,
48670.133,-0.001451336,,,
48286.14493,-0.007920892,,,
48512.89874,0.004685051,,,
48537.89219,0.000515059,,,
48615.41532,0.001595893,,,
48728.74144,0.002328361,,,
48810.18178,0.001669905,,,
49019,0.004269044,,,
48870.89598,-0.003025933,,,
48912.30169,0.000846888,,,
48897.46224,-0.000303435,,,
48633.47701,-0.005413377,,,
48763,0.002659707,,,
48729.8604,-0.000679836,,,
48500.30279,-0.004721951,,,
48738.31445,0.004895424,,,
48794.48451,0.001151819,,,
48550.4278,-0.005014278,,,
48685.18987,0.002771868,,,
48714,0.000591589,,,
48853.12354,0.002851855,,,
48800.58942,-0.001075927,,,
48959.11096,0.003243088,,,
48917.2412,-0.000855564,,,
48882.49452,-0.000710568,,,
48950.66556,0.001393618,,,
48916,-0.000708424,,,
48830.89966,-0.001741239,,,
48882.55613,0.001057305,,,
49174.30335,0.00595059,,,
49096.27836,-0.001587963,,,
49032.1699,-0.001306623,,,
48950.07804,-0.001675648,,,
48945,-0.000103745,,,
48764.67293,-0.003691083,,,
48577.40656,-0.003847598,,,
48665.21069,0.001805878,,,
48651.0001,-0.00029205,,,
48862.81047,0.00434422,,,
48756.65988,-0.002174784,,,
48423.661,-0.006853243,,,
48247.20928,-0.003650571,,,
47991.1434,-0.005321506,,,
48028.698,0.000782226,,,
47628.17771,-0.008374152,,,
46381.89217,-0.026515427,,,
46872.36613,0.010519165,,,
46896.10964,0.000506428,,,
47040.9546,0.003083875,,,
47260.8849,0.004664399,,,
46851.23149,-0.008705701,,,
47125.8959,0.005845363,,,
46494.5548,-0.013487452,,,
46676.97451,0.003915787,,,
46575.90007,-0.00216775,,,
46861.75742,0.006118694,,,
46879.259,0.000373403,,,
46614,-0.005674414,,,
46660.4535,0.000996061,,,
46760.90036,0.002150405,,,
47000,0.00510021,,,
47027.17782,0.000578084,,,
46910.25474,-0.002489383,,,
46912.28677,4.33165E-05,,,
47297.67161,0.008181449,,,
47275,-0.000479454,,,
47330.36376,0.001170415,,,
47270,-0.001276185,,,
47333.15037,0.001335059,,,
47424.38507,0.001925646,,,
47452.01522,0.000582445,,,
47622.62816,0.003589035,,,
47690,0.001413703,,,
47577.66432,-0.002358318,,,
47322.29544,-0.005381867,,,
47486.33746,0.003460491,,,
47366.31062,-0.002530808,,,
47577.94134,0.004458007,,,
47497.91214,-0.001683481,,,
47844.60775,0.007272666,,,
47736.85001,-0.002254784,,,
47955.54494,0.004570798,,,
47886.41739,-0.001442532,,,
47768.14929,-0.002472818,,,
47625.04098,-0.003000391,,,
47654.23757,0.000612863,,,
47592.11914,-0.001304374,,,
47941.01216,0.007304159,,,
48197.59034,0.005337685,,,
48023.30245,-0.003622666,,,
48031.87163,0.000178422,,,
47956.24083,-0.001575837,,,
47935.25336,-0.000437734,,,
47826.25105,-0.002276538,,,
47737.04363,-0.001866981,,,
47583.7275,-0.003216849,,,
47726.37025,0.002993237,,,
47786,0.001248629,,,
47902.71635,0.002439502,,,
47959.74765,0.001189857,,,
48135.87344,0.00366564,,,
48469.47411,0.006906491,,,
48398.49404,-0.001465502,,,
48514.63397,0.002396785,,,
48581.43493,0.001375977,,,
48680.71844,0.002041566,,,
48573.69372,-0.002200924,,,
48541.84483,-0.000655897,,,
48523.30976,-0.00038191,,,
48428.5309,-0.001955175,,,
48491.41253,0.0012976,,,
48395.58552,-0.00197812,,,
48608.4594,0.004388976,,,
48505.02592,-0.002130158,,,
48551.53319,0.000958354,,,
48656.22713,0.002154025,,,
48599,-0.001176844,,,
48717.59005,0.002437202,,,
48655.75769,-0.001270006,,,
48570.69332,-0.00174982,,,
48600,0.0006032,,,
48399.89552,-0.004125876,,,
48433.16423,0.000687135,,,
48196,-0.00490876,,,
48112.8393,-0.001726959,,,
47881.1852,-0.004826437,,,
48090.6529,0.004365198,,,
48322.37652,0.004806903,,,
48392.50726,0.001450258,,,
48314.36294,-0.001616107,,,
48054.9489,-0.005383761,,,
47925.742,-0.002692353,,,
47627.20762,-0.006248585,,,
47638.62464,0.000239688,,,
47583.23817,-0.001163314,,,
47703.74881,0.002529426,,,
47676.28809,-0.000575817,,,
48192.7715,0.010774872,,,
48143.60268,-0.001020774,,,
48304.28774,0.003332063,,,
48445.80155,0.002925349,,,
48500,0.001118119,,,
48415.94562,-0.001734584,,,
48449.20178,0.000686649,,,
48594,0.002984203,,,
49306.44354,0.014554707,,,
49353.29194,0.000949697,,,
49604.90298,0.00508521,,,
49594,-0.000219821,,,
49501.28245,-0.001871281,,,
49377.69798,-0.002499713,,,
49357.85721,-0.000401897,,,
49384.30563,0.000535707,,,
49240.95415,-0.002906995,,,
49272.33774,0.000637144,,,
49172.48169,-0.002028671,,,
49148.38131,-0.000490239,,,
48741.13702,-0.008320536,,,
48881.62349,0.002878152,,,
49022.09096,0.002869504,,,
49024.62537,5.16979E-05,,,
48756.71929,-0.005479711,,,
48991,0.004793588,,,
49176.35852,0.003776382,,,
48982.56667,-0.003948538,,,
49133.78113,0.003082352,,,
49118.20696,-0.000317025,,,
49286.83368,0.0034272,,,
49092.67,-0.003947244,,,
49052.25706,-0.000823536,,,
49092.41952,0.000818434,,,
49291.06497,0.004038192,,,
49285.4618,-0.000113682,,,
49143.75193,-0.002879429,,,
48930.81356,-0.004342384,,,
49024.80888,0.001919141,,,
48882.40229,-0.002909013,,,
48943.9147,0.001257584,,,
48994.44157,0.00103181,,,
48923.45394,-0.001449942,,,
49431.55913,0.010332157,,,
49945.63699,0.010346085,,,
49549.03022,-0.007972465,,,
49647,0.001975277,,,
49410.97328,-0.004765435,,,
49441.69897,0.000621646,,,
49072.51727,-0.007495028,,,
48897.88178,-0.00356507,,,
48824.04778,-0.001511104,,,
49296.19398,0.009623903,,,
49379.1736,0.001681871,,,
49284.30716,-0.001923031,,,
49354.96984,0.001432749,,,
49281.21859,-0.00149542,,,
49238.45828,-0.000868056,,,
48953.82338,-0.005797517,,,
49118.47252,0.003357713,,,
48670.01373,-0.009172081,,,
48793.60421,0.002536137,,,
48172.3837,-0.012813338,,,
48458,0.005911539,,,
48398,-0.001238953,,,
48364.00971,-0.000702554,,,
48219.73245,-0.002987612,,,
47828.4231,-0.008148236,,,
48428.02248,0.012458535,,,
48525.64522,0.002013803,,,
48625.96198,0.00206516,,,
48613.07099,-0.00026514,,,
48587.83488,-0.000519257,,,
48581,-0.000140681,,,
48552,-0.000597119,,,
48339.86693,-0.004378766,,,
48292.93792,-0.000971285,,,
48540.72151,0.005117727,,,
48740.81541,0.004113713,,,
48613.12005,-0.002623323,,,
48457.42299,-0.003207919,,,
48455,-5.00036E-05,,,
48564.28722,0.002252898,,,
48618.6453,0.001118676,,,
48577,-0.000856938,,,
48861.13549,0.005832137,,,
49102.35409,0.004924673,,,
49064.08556,-0.000779666,,,
49078.52833,0.000294322,,,
49150.73529,0.001470172,,,
49171.45502,0.000421466,,,
49409.56685,0.004830794,,,
49410.09227,1.06338E-05,,,
49421.36276,0.000228075,,,
49061.02293,-0.007317886,,,
49269.75478,0.00424551,,,
49130.82728,-0.002823715,,,
49370.88131,0.004874119,,,
49291.35544,-0.001612084,,,
49772.37273,0.009711346,,,
49985.263,0.004268156,,,
49951.78949,-0.000669892,,,
49673.86303,-0.00557943,,,
49504.77673,-0.003409736,,,
49410.99162,-0.001896263,,,
49424.14955,0.00026626,,,
49642.99894,0.00441821,,,
49633,-0.000201437,,,
49407.97855,-0.004544015,,,
49120,-0.005845636,,,
49350.6423,0.004684497,,,
49379.655,0.000587716,,,
49376.99,-5.3971E-05,,,
49507.78644,0.002645433,,,
49692.64393,0.003726953,,,
49979.22549,0.005750516,,,
49971.85603,-0.000147461,,,
50132.00833,0.003199725,,,
50533.01139,0.007967121,,,
50497.47684,-0.000703442,,,
50538.22092,0.000806528,,,
50723.20971,0.003653691,,,
51080.79192,0.007024944,,,
50797.91792,-0.005553167,,,
50878.60393,0.001587112,,,
51006.53168,0.002511217,,,
51032.57736,0.000510504,,,
51297.47063,0.005177245,,,
51340.01022,0.000828929,,,
51465.46021,0.002440532,,,
51445,-0.000397631,,,
51216.36527,-0.004454161,,,
51550,0.006493095,,,
51355.95345,-0.003771342,,,
51200,-0.003041336,,,
51480.82603,0.005469896,,,
51411.95201,-0.001338754,,,
51486.00036,0.001439258,,,
51276.96272,-0.004068351,,,
51257.22877,-0.000384924,,,
51299.12234,0.000816986,,,
51284.13857,-0.000292129,,,
51024.64782,-0.005072708,,,
50965.04549,-0.001168791,,,
50712.28021,-0.004971921,,,
50918.1687,0.004051714,,,
50877.63838,-0.000796306,,,
50877.63838,0,,,
50877.63838,0,,,
50877.63838,0,,,
51200,0.00631603,,,
51406.66292,0.004028261,,,
51218,-0.00367676,,,
51126.41516,-0.001789738,,,
51150,0.000461198,,,
50947.94768,-0.003958015,,,
50986.77667,0.00076184,,,
51142.71225,0.003053686,,,
51213.79269,0.00138888,,,
51272.56952,0.001147018,,,
51200.34637,-0.001409605,,,
51211.22217,0.000212394,,,
51350,0.002706245,,,
51471.21519,0.002357787,,,
51501.62911,0.000590717,,,
51464.87286,-0.000713946,,,
51427.73651,-0.000721847,,,
51534.59965,0.002075772,,,
51777,0.004692615,,,
52247.93491,0.009054332,,,
52100,-0.002835418,,,
52186.35123,0.001656041,,,
52318.90097,0.002536711,,,
52377.62387,0.001121774,,,
52241.31322,-0.002605852,,,
52366.10607,0.002385928,,,
52415.8439,0.000949359,,,
52379.33397,-0.000696786,,,
52335.22002,-0.000842556,,,
52146.76432,-0.003607434,,,
52157.93463,0.000214186,,,
51985.62199,-0.00330914,,,
52093.19762,0.002067196,,,
52200.8302,0.002064023,,,
52340,0.002662498,,,
52209,-0.002506003,,,
52098.25632,-0.002123414,,,
52425.17911,0.006255513,,,
52465.99024,0.000778161,,,
52343.55622,-0.002336315,,,
52280.48084,-0.001205753,,,
52133.65325,-0.00281241,,,
52148.10554,0.000277178,,,
52213.45715,0.001252408,,,
52129.23838,-0.001614273,,,
52024.79055,-0.002005642,,,
52130.53096,0.002030438,,,
52281.695,0.002895526,,,
52299,0.000330941,,,
52374.10807,0.001435098,,,
52091.51331,-0.005410305,,,
52069,-0.000432281,,,
51985.26157,-0.001609515,,,
51881.835,-0.001991518,,,
51891.96403,0.000195214,,,
52095.94413,0.003923155,,,
52147.19059,0.00098321,,,
52116,-0.000598305,,,
52227.78321,0.002142595,,,
52180,-0.000915319,,,
52167.55481,-0.000238533,,,
52067.10336,-0.00192741,,,
51981.19129,-0.001651389,,,
52023.38237,0.000811331,,,
51904.12459,-0.00229502,,,
51857.56138,-0.000897503,,,
51353.56931,-0.009766312,,,
51496.01036,0.002769892,,,
51905.32341,0.00791702,,,
51877.40613,-0.000537995,,,
51769.22991,-0.002087405,,,
51801.1389,0.00061618,,,
51716.06021,-0.00164376,,,
51588.39552,-0.002471621,,,
51640.96621,0.001018522,,,
51757.81702,0.002260198,,,
51782.25597,0.000472067,,,
51931,0.002868373,,,
51833.43662,-0.001880479,,,
51632.4354,-0.003885368,,,
51665.96586,0.000649196,,,
51562.87806,-0.001997268,,,
51451.6936,-0.002158617,,,
51400,-0.001005207,,,
51367.92272,-0.000624266,,,
50946.1396,-0.008244918,,,
51291.66051,0.006759187,,,
51561.3,0.005243215,,,
51497.42529,-0.001239579,,,
51436.22447,-0.001189132,,,
51634.86675,0.003854476,,,
51816.95304,0.003520218,,,
51833.88344,0.000326681,,,
51732.11698,-0.001965249,,,
51873.42111,0.002727735,,,
52168.19368,0.005666451,,,
52252.5943,0.001616549,,,
52035.29604,-0.004167283,,,
51724.9382,-0.005982229,,,
51648.29057,-0.00148293,,,
51563.96441,-0.001634034,,,
51807.52653,0.004712374,,,
51929.82713,0.00235789,,,
51829.34032,-0.001936925,,,
52086.50595,0.004949508,,,
51879.31995,-0.003985661,,,
51998.67978,0.002298078,,,
51889.72006,-0.002097631,,,
51844.02462,-0.000881014,,,
51997.65864,0.002959007,,,
52154.8628,0.003018732,,,
51989.34848,-0.003178563,,,
51850.13741,-0.002681276,,,
51937.68268,0.001687005,,,
51968.64583,0.000595982,,,
52010.26926,0.000800613,,,
51786.73267,-0.004307195,,,
51885.07104,0.00189711,,,
52045.21531,0.003081766,,,
51918.1121,-0.002445156,,,
52108.81081,0.003666338,,,
52048.00018,-0.001167675,,,
52021.35612,-0.000512044,,,
52153.80715,0.002542854,,,
52040.51651,-0.002174604,,,
51932.15758,-0.002084374,,,
51893.54888,-0.000743721,,,
51737.47463,-0.003012117,,,
51856.88517,0.002305349,,,
51666.30973,-0.003681796,,,
51628.90253,-0.000724278,,,
51577.95467,-0.000987296,,,
51586.06325,0.000157198,,,
51584.17743,-3.65576E-05,,,
51830.38153,0.004761507,,,
51815.64785,-0.000284308,,,
51507.66718,-0.005961512,,,
51564.91336,0.001110794,,,
51613.8857,0.000949271,,,
51403.65019,-0.004081554,,,
51312.82798,-0.001768406,,,
51176.84013,-0.002653691,,,
51044.24932,-0.002594198,,,
51216.26334,0.003364235,,,
51261.06999,0.00087447,,,
51278.38058,0.000337638,,,
51300,0.00042152,,,
51364.92508,0.001264796,,,
51247.85149,-0.002281853,,,
51435.01034,0.003645381,,,
51212,-0.004345196,,,
50950,-0.00512912,,,
51143.98166,0.003800065,,,
51314.03928,0.00331956,,,
51363,0.000953684,,,
51369.72945,0.000131009,,,
51528.19564,0.003080068,,,
51658.90213,0.00253339,,,
51666.56441,0.000148314,,,
51687.00001,0.00039545,,,
51717.01937,0.000580623,,,
51759.2496,0.00081623,,,
51718.86616,-0.000780521,,,
51808.415,0.001729957,,,
51764.28099,-0.000852232,,,
51778.2942,0.000270675,,,
51790.45178,0.000234773,,,
51824.93051,0.000665514,,,
52228.73358,0.007761478,,,
52664.93941,0.008317152,,,
52707.34589,0.000804889,,,
52705.94583,-2.65633E-05,,,
52653.42205,-0.000997041,,,
52853,0.003783243,,,
52837.95528,-0.000284693,,,
52936.32737,0.001860039,,,
52692.99299,-0.004607335,,,
52632.06886,-0.001156878,,,
52767.5727,0.00257124,,,
52747.2004,-0.000386151,,,
52692.85168,-0.001030894,,,
52669.11537,-0.000450567,,,
52569.43812,-0.001894311,,,
52635.63208,0.00125838,,,
52514.29191,-0.002307947,,,
52439.97916,-0.001416098,,,
52530.68686,0.001728249,,,
52624.87309,0.00179137,,,
52781.56691,0.002973138,,,
52817.10824,0.00067314,,,
52717.54673,-0.001886803,,,
52870,0.002887715,,,
53161.58004,0.005499886,,,
53161.58004,0,,,
53161.58004,0,,,
53717.5731,0.010404238,,,
53844.25828,0.00235558,,,
53738.44524,-0.001967102,,,
54324,0.010837447,,,
54760,0.007993882,,,
54285.79901,-0.008697336,,,
54446.15681,0.0029496,,,
54428.8169,-0.000318529,,,
54555.24218,0.00232007,,,
54712.93661,0.002886376,,,
54580.76857,-0.002418586,,,
54800,0.004008597,,,
54768.14096,-0.000581538,,,
55316.63979,0.009965108,,,
55225.89169,-0.001641868,,,
55000,-0.00409871,,,
54801.84816,-0.003609266,,,
54973.20503,0.003121966,,,
55050,0.001395978,,,
54956.62001,-0.001697716,,,
55318.32586,0.006560096,,,
55358.02015,0.000717304,,,
56047.28987,0.012374249,,,
56155.55983,0.001929897,,,
56028.56725,-0.002264004,,,
55626.07522,-0.00720962,,,
55235.7623,-0.007041459,,,
55560,0.005852907,,,
55742.15386,0.003273145,,,
55454.33935,-0.005176695,,,
55783.30359,0.005914638,,,
55711.77621,-0.001283059,,,
55720.70332,0.000160225,,,
55878.33097,0.002824895,,,
55663.48375,-0.003852322,,,
55831.94218,0.003021802,,,
55752.82746,-0.00141802,,,
56218.08813,0.008310432,,,
56299.59074,0.001448708,,,
56143,-0.002785259,,,
56272.84844,0.002310146,,,
56161.78606,-0.001975591,,,
56289.37544,0.002269242,,,
56347.1815,0.001026417,,,
56287.89611,-0.001052699,,,
56162.39838,-0.002232058,,,
56061.12936,-0.001804774,,,
55931.84782,-0.002308745,,,
55695.34048,-0.004237457,,,
55638.79929,-0.001015703,,,
55801.84116,0.002926078,,,
55925.95795,0.002221772,,,
55939.90592,0.00024937,,,
55825.89141,-0.00204024,,,
55812.09209,-0.000247216,,,
55680,-0.002369534,,,
55660.3374,-0.000353198,,,
55667.84524,0.000134878,,,
55826.16093,0.002839898,,,
55704.19815,-0.002187079,,,
55779.84744,0.001357132,,,
55937.67256,0.002825434,,,
55614.86343,-0.005787587,,,
55683.9859,0.001242106,,,
55316.36983,-0.006623716,,,
55181.96557,-0.002432694,,,
55490.25196,0.005571176,,,
55545.86485,0.001001708,,,
55402.30434,-0.002587886,,,
55253.18224,-0.002695252,,,
55170.49855,-0.001497572,,,
55358.36752,0.003399459,,,
55404.20967,0.000827755,,,
55268.44751,-0.002453401,,,
55422.2257,0.002778523,,,
55559,0.00246482,,,
55811.85,0.004540693,,,
55893.17693,0.001456102,,,
55803.4823,-0.00160604,,,
55876.58134,0.00130908,,,
55823.70083,-0.000946829,,,
56316.56904,0.008790266,,,
56999,0.012044933,,,
57167.22371,0.002946998,,,
57529.56364,0.006318244,,,
57300.07498,-0.003997034,,,
57048.44433,-0.004401125,,,
57290,0.004225281,,,
57369,0.001377999,,,
57281.16397,-0.001532245,,,
57378.60695,0.001699689,,,
57076.7318,-0.005274998,,,
57191.58474,0.002010233,,,
56312.55929,-0.015489179,,,
56675.10239,0.006417415,,,
56082.38896,-0.010513162,,,
55988.07199,-0.001683173,,,
56102.90108,0.002048856,,,
56572.6952,0.008338928,,,
56357.90798,-0.003803885,,,
56855.25586,0.0087861,,,
56739.96227,-0.002029903,,,
57372.64856,0.011088919,,,
57135.78245,-0.0041371,,,
57143.19386,0.000129707,,,
57050,-0.001632214,,,
57014.99484,-0.000613776,,,
57013.46571,-2.68203E-05,,,
56896.68173,-0.002050459,,,
57082.21107,0.003255506,,,
56966.46428,-0.00202978,,,
56980.45063,0.000245489,,,
56993.00704,0.000220339,,,
56949.53029,-0.000763135,,,
56647.9431,-0.005309764,,,
56876.21143,0.004021499,,,
56824.78542,-0.000904583,,,
56726.79727,-0.00172588,,,
56465.93524,-0.004609174,,,
56552.91954,0.001539289,,,
56802,0.004394708,,,
56490.41989,-0.005500472,,,
56154,-0.005973148,,,
56022,-0.002353446,,,
54805.97718,-0.02194521,,,
55468.14854,0.012009695,,,
55857.0138,0.006986145,,,
55628.3279,-0.004102534,,,
55689.965,0.001107403,,,
55872.9188,0.003279836,,,
55506.27797,-0.006583674,,,
55748.49914,0.004354358,,,
55897.07563,0.002661576,,,
55816.54159,-0.001441795,,,
56056.50026,0.004289846,,,
55895.35319,-0.002878866,,,
55931.15119,0.000640242,,,
56339.17524,0.007268632,,,
56463.48717,0.002204061,,,
56443.61019,-0.000352094,,,
56458.96679,0.000272033,,,
56356.60804,-0.001814621,,,
56783.41637,0.007544816,,,
56595.09273,-0.003322037,,,
56556.3163,-0.00068539,,,
56501.06009,-0.00097749,,,
56297.68818,-0.003605929,,,
56436.05115,0.002454687,,,
56577.37663,0.00250104,,,
56698.87763,0.002145217,,,
56791.0749,0.001624766,,,
56851.96197,0.00107155,,,
56654.90345,-0.00347219,,,
56542.09745,-0.001993092,,,
56510.22547,-0.000563845,,,
56515.69737,9.68255E-05,,,
56330.32712,-0.003285369,,,
56502.42533,0.003050503,,,
56443.80528,-0.001038017,,,
56056.98286,-0.006876822,,,
56312.08141,0.004540378,,,
56092.89478,-0.00389995,,,
56273.8553,0.003220894,,,
56094.3813,-0.003194393,,,
56364.77007,0.004808667,,,
56522.43014,0.002793234,,,
56410.9826,-0.001973687,,,
56453,0.000744567,,,
56427.40362,-0.000453513,,,
56825.86016,0.007036586,,,
57309.90076,0.00848189,,,
57506.85253,0.003430718,,,
57642.84206,0.002361962,,,
57548.1,-0.001644957,,,
57402.12998,-0.00253971,,,
57396.30329,-0.000101512,,,
57308.65209,-0.00152829,,,
57279.97817,-0.000500467,,,
57123.85627,-0.002729314,,,
57337.53575,0.003733656,,,
57049.74471,-0.005031882,,,
56890.29646,-0.002798812,,,
57052.8538,0.002853308,,,
57157.34874,0.001829871,,,
57044.06297,-0.001983965,,,
57144.86514,0.001765534,,,
57035.48876,-0.001915854,,,
57185.85924,0.002632968,,,
57252.32081,0.001161528,,,
57391.64674,0.002430586,,,
57472.01319,0.001399337,,,
57281.36783,-0.0033227,,,
57335.40102,0.00094285,,,
57303.87402,-0.000550021,,,
57105.95933,-0.003459753,,,
57434.79051,0.005741748,,,
57478.36899,0.000758459,,,
57726.13656,0.004301359,,,
57656.42965,-0.001208275,,,
57602.29542,-0.000939352,,,
57516.44587,-0.001491496,,,
57498.52837,-0.000311568,,,
57411.78593,-0.001509742,,,
57473.20989,0.001069312,,,
57794.22155,0.005569873,,,
58174.81703,0.006563766,,,
58254.9867,0.001377133,,,
58181.54524,-0.001261485,,,
58000.09563,-0.003123553,,,
58046.04531,0.000791921,,,
58100.58947,0.000939229,,,
58151.45577,0.000875104,,,
57907,-0.004212638,,,
57665,-0.004187872,,,
57695.11517,0.000522107,,,
57685.37,-0.000168922,,,
57698.48387,0.000227309,,,
57333,-0.006354523,,,
57510.57978,0.003092553,,,
57216.01934,-0.005135009,,,
57141.93268,-0.001295698,,,
57320.1221,0.003113513,,,
57469.20446,0.002597497,,,
57469.99666,1.37847E-05,,,
57441.12502,-0.000502504,,,
57415.48135,-0.000446534,,,
56727.70026,-0.012051345,,,
56763.03604,0.000622708,,,
56712.37305,-0.000892933,,,
56258.81307,-0.008029701,,,
56545.02356,0.005074492,,,
56697.60339,0.002694744,,,
56902.22869,0.003602567,,,
56853.15489,-0.000862795,,,
56724.23816,-0.002270114,,,
57055,0.005814115,,,
57015.80758,-0.00068716,,,
56891.67358,-0.002179559,,,
56832.04298,-0.001048693,,,
56475.22286,-0.006298295,,,
56290.0705,-0.003283856,,,
55855.32284,-0.007753325,,,
56118.76294,0.004705385,,,
55576.88123,-0.009702902,,,
55321.87437,-0.004598921,,,
55807.84531,0.008746068,,,
56065,0.004597275,,,
56139.02063,0.001319394,,,
56094.17196,-0.000799205,,,
55868.0604,-0.004039074,,,
56272,0.007204229,,,
56272.79713,1.41656E-05,,,
56228.04819,-0.000795531,,,
56014.18171,-0.003810807,,,
56054.43661,0.000718397,,,
56300,0.004371234,,,
56518.52075,0.00387385,,,
56474.65596,-0.000776415,,,
56216.33506,-0.004584596,,,
56200,-0.000290617,,,
55859.30196,-0.006080693,,,
55468.8649,-0.007014194,,,
55577.78011,0.001961613,,,
55745.36625,0.003010807,,,
55430.28528,-0.00566818,,,
54554.36508,-0.015928381,,,
54243.42621,-0.00571592,,,
54492.36347,0.004578763,,,
54884.65541,0.007173237,,,
54866.27648,-0.000334921,,,
54910.48019,0.000805338,,,
54776.55881,-0.002441883,,,
54967.51827,0.00348009,,,
54522.72679,-0.008124814,,,
53540.54366,-0.018178428,,,
53618.84096,0.001461324,,,
53586.3412,-0.000606309,,,
53772.59517,0.003469747,,,
53485.14252,-0.005360048,,,
53047.34812,-0.00821903,,,
53193.99177,0.002760578,,,
52133.92,-0.020129661,,,
50499.60361,-0.031850306,,,
51435.32171,0.018359642,,,
52395.41802,0.018494016,,,
53630,0.023289468,,,
53406.88561,-0.004168931,,,
52936.65693,-0.008843635,,,
53618.79684,0.012803647,,,
53273.54287,-0.006459867,,,
53570.83466,0.005564964,,,
53564.29897,-0.000122008,,,
53565.52432,2.2876E-05,,,
53166.56212,-0.007475991,,,
52440.93346,-0.013742208,,,
52991.10335,0.010436579,,,
52620.09333,-0.007025989,,,
52153.2273,-0.008911985,,,
51888.5586,-0.005087749,,,
52875.27229,0.018837472,,,
53397.78824,0.009833539,,,
53240.68372,-0.002946491,,,
53555,0.005886328,,,
53425.06887,-0.002429073,,,
53414,-0.000207206,,,
53609.02873,0.003644616,,,
54231.33549,0.011541387,,,
54140,-0.001685603,,,
54137.27762,-5.02853E-05,,,
53806.8289,-0.006122608,,,
54065.19626,0.004790266,,,
54423.67152,0.006608541,,,
54511.12863,0.001605678,,,
54899.99998,0.007108472,,,
54571,-0.006010742,,,
54333.24061,-0.004366401,,,
54172.25641,-0.002967302,,,
54095.22543,-0.001422976,,,
53777.91207,-0.005883101,,,
53576.62579,-0.00374994,,,
53911.2007,0.006225375,,,
54115.72652,0.003786576,,,
53187.00487,-0.01731074,,,
53334.87626,0.002776359,,,
53586.65517,0.00470961,,,
53433.10568,-0.002869556,,,
53281.78652,-0.002835954,,,
52773.6,-0.009583491,,,
52976.5121,0.003837582,,,
52511.02161,-0.008825564,,,
52775.18459,0.005018008,,,
52009.9042,-0.014606925,,,
51580.33978,-0.008293578,,,
51205.75874,-0.007288587,,,
52263,0.020436663,,,
51805.5,-0.008792342,,,
51566.76075,-0.004619028,,,
51919.8301,0.006823507,,,
52046.35139,0.002433895,,,
51544.45313,-0.009690092,,,
50749.94154,-0.015534137,,,
50724.37546,-0.000503893,,,
49448.02817,-0.025484391,,,
49394.39045,-0.001085318,,,
49955.93416,0.011304436,,,
50000,0.000881705,,,
50856.60625,0.016987025,,,
50690.7788,-0.003266014,,,
50010.54161,-0.013510201,,,
49553.46851,-0.009181557,,,
49797.32138,0.004908937,,,
49955.90476,0.003179516,,,
50458.56786,0.01001185,,,
49643.89847,-0.016277069,,,
48439.51724,-0.02455954,,,
47684.3367,-0.01571298,,,
47963.05317,0.005828016,,,
46773.3222,-0.025117987,,,
47002.35024,0.004884604,,,
48424.9743,0.029818073,,,
48000,-0.008814668,,,
48080.73305,0.001680526,,,
48502.42545,0.008732269,,,
47937.76229,-0.011710255,,,
47182.82943,-0.015873508,,,
47472,0.00611002,,,
47946.80921,0.009952191,,,
46844.57637,-0.023257019,,,
45311.63707,-0.033271348,,,
46470.58162,0.025255571,,,
46569.77815,0.002132334,,,
46500.89366,-0.001480262,,,
47547.99113,0.02226801,,,
48686.76285,0.023667643,,,
49254.52834,0.011594126,,,
48698.87645,-0.01134535,,,
48105,-0.012269837,,,
48784.76219,0.014031892,,,
48970.46032,0.003799252,,,
48537.09398,-0.008888936,,,
46673.65248,-0.039148511,,,
46975.97248,0.006456428,,,
47949.25987,0.020507119,,,
48642.48171,0.014353893,,,
48952.48598,0.006352895,,,
48610.05673,-0.007019716,,,
48475.36611,-0.002774684,,,
48206.92726,-0.005553024,,,
47431.81843,-0.016209451,,,
47374.27387,-0.001213942,,,
46943.11913,-0.009142699,,,
47851.65436,0.019169054,,,
47364.65592,-0.010229396,,,
47144.64377,-0.004655892,,,
46552.499,-0.012639716,,,
47298.74514,0.015903079,,,
47419.94025,0.002559055,,,
46868.04085,-0.011706809,,,
47100.90414,0.004956186,,,
46866.88676,-0.00498081,,,
45685.95962,-0.025520366,,,
45510.85982,-0.003840046,,,
45862.6735,0.007700598,,,
46776.84463,0.019736735,,,
47285.92081,0.010824286,,,
47779.1319,0.010376379,,,
47934.4844,0.003246197,,,
48081.55154,0.003063389,,,
48415.31997,0.006917732,,,
47948.13412,-0.009696405,,,
48272.28449,0.006737688,,,
48135,-0.002848013,,,
48192.11661,0.001185889,,,
48602.49208,0.008479355,,,
48733.37968,0.002689403,,,
48396.24422,-0.006941998,,,
48283.37519,-0.00233491,,,
48893.56663,0.012558524,,,
48125,-0.015844033,,,
47249.33525,-0.018363207,,,
47726.51351,0.010048497,,,
48512.4643,0.016333679,,,
48743.65878,0.004754352,,,
49188.38688,0.009082444,,,
49719.73855,0.010744452,,,
50158.58423,0.008787663,,,
50304.07042,0.002896326,,,
50019.12987,-0.005680467,,,
50095.48247,0.001525304,,,
50155.66297,0.001200595,,,
50309.1342,0.003055226,,,
50246.8241,-0.001239312,,,
50405,0.003143033,,,
50882.94961,0.009437513,,,
51244.77285,0.00708573,,,
50698.03829,-0.010726402,,,
50351.111,-0.006866533,,,
50627.40019,0.005472251,,,
50655,0.000545007,,,
50405.27344,-0.004942141,,,
50333.72895,-0.001420393,,,
50216.16703,-0.002338381,,,
49740.12603,-0.009525055,,,
49630.27545,-0.002210933,,,
50039.85738,0.008218796,,,
50106.0155,0.001321235,,,
49575.03585,-0.010653673,,,
49699.56123,0.002508707,,,
50094.12351,0.007907601,,,
50087.55999,-0.000131033,,,
50504.53763,0.008290513,,,
50656.62799,0.003006894,,,
50402.03572,-0.005038515,,,
50667.72678,0.00525759,,,
50556.87379,-0.002190239,,,
50736.48358,0.003546333,,,
51258.83379,0.010242721,,,
50852.10247,-0.007966502,,,
50626.20955,-0.004452051,,,
50424.21843,-0.003997834,,,
50498.10581,0.001464243,,,
50087.17224,-0.008170895,,,
50350.60429,0.005245689,,,
50706.50308,0.007043547,,,
50350,-0.007055549,,,
50345.14558,-9.64182E-05,,,
50800,0.008994154,,,
51092.30859,0.005737615,,,
50888.47321,-0.003997531,,,
50722.49371,-0.003266963,,,
50449.05809,-0.005405399,,,
49610.15631,-0.016768499,,,
49467.1951,-0.002885852,,,
49438.80863,-0.000574009,,,
49430.61632,-0.00016572,,,
49500.77476,0.001418325,,,
48776,-0.014749933,,,
49432.51833,0.013370085,,,
48937.63561,-0.010061729,,,
49138.89062,0.004104046,,,
49242.10983,0.002098357,,,
49809.61905,0.011458971,,,
49790.1972,-0.000389998,,,
49475.64527,-0.006337588,,,
49609.86939,0.00270926,,,
49365.8414,-0.004931078,,,
49747.44048,0.007700299,,,
49689.22205,-0.001170965,,,
49863.90124,0.00350927,,,
50050,0.003725187,,,
49659.92561,-0.007824224,,,
49660.28045,7.14546E-06,,,
49869.34164,0.00420099,,,
49565.65217,-0.006108321,,,
49333.16256,-0.004701574,,,
49365.49334,0.000655141,,,
48969.58802,-0.008052212,,,
48970.00581,8.53158E-06,,,
49187.78139,0.004437263,,,
48871.13276,-0.006458357,,,
48665.52943,-0.004215925,,,
49155.75214,0.010022907,,,
48519.47843,-0.013028538,,,
48163.87603,-0.007356054,,,
48459.90769,0.006127531,,,
48774.1623,0.006463901,,,
48135.83808,-0.013173737,,,
48682.74717,0.011297726,,,
48583.43747,-0.00204202,,,
48829.9573,0.005061324,,,
49347,0.01053297,,,
49275.07135,-0.001458673,,,
49565.35485,0.005873798,,,
49694.85028,0.002609213,,,
49568.69991,-0.002541727,,,
50279.70764,0.014241985,,,
50761.4343,0.00953533,,,
50486.97112,-0.005421593,,,
50852.27318,0.00720952,,,
50827.79739,-0.000481427,,,
50715.31976,-0.002215368,,,
50526.22266,-0.003735568,,,
50772.17439,0.004855994,,,
50501.58009,-0.005343832,,,
50792.82917,0.005750562,,,
50678.74246,-0.002248645,,,
50501.42484,-0.003504991,,,
50096.93934,-0.008041635,,,
50333.16801,0.004704348,,,
50218.53867,-0.002280009,,,
50031.2737,-0.003735971,,,
50325.73888,0.00586837,,,
50039.32023,-0.005707553,,,
49608.48473,-0.008647219,,,
49779.77887,0.003446973,,,
49685.44239,-0.001896874,,,
49976.66725,0.005844261,,,
50381.1948,0.008061745,,,
50437.33584,0.001113705,,,
50312.19262,-0.002484246,,,
50428.79731,0.002314941,,,
50449.46002,0.000409656,,,
50332.28444,-0.002325334,,,
50487.25906,0.003074299,,,
50442.83988,-0.000880197,,,
50392.00346,-0.001008311,,,
50143.52419,-0.004943124,,,
50060.41984,-0.001658704,,,
50016.5977,-0.000875768,,,
49712.30318,-0.006102453,,,
49275.67299,-0.008821941,,,
48944.91357,-0.006735058,,,
48831.84148,-0.002312863,,,
48960.96711,0.002640802,,,
49261.82926,0.006126136,,,
49104.8305,-0.003192116,,,
49214.00647,0.002220857,,,
49535.82446,0.006517867,,,
49789.79409,0.005113891,,,
49618.22859,-0.003451747,,,
49760.83127,0.002869876,,,
50279.06362,0.010360606,,,
50305.4193,0.000524051,,,
50349.8342,0.000882515,,,
50538.36055,0.003737337,,,
51465.92638,0.018187302,,,
51739.02447,0.005292357,,,
51444.30123,-0.005712629,,,
51435.0362,-0.000180115,,,
51351.96916,-0.001616295,,,
51417.21556,0.001269766,,,
50849.25017,-0.011107673,,,
50747.75759,-0.001997945,,,
50866.11058,0.002329466,,,
51045,0.003510699,,,
50933,-0.002196553,,,
50881.02153,-0.001021048,,,
50840.90794,-0.000788691,,,
51046.45852,0.004034864,,,
51099,0.001028758,,,
50999,-0.001958903,,,
50620.90543,-0.007441383,,,
50120.46686,-0.009935197,,,
49752.44881,-0.00736976,,,
49637.96308,-0.002303759,,,
49550,-0.001773665,,,
49812.91904,0.005292108,,,
49759,-0.001083017,,,
49680.37913,-0.001581283,,,
49565.5221,-0.002314596,,,
49462.50168,-0.002080632,,,
49590.03384,0.002575042,,,
49630.73868,0.00082049,,,
49452.53547,-0.003597043,,,
48866,-0.011931472,,,
49115.91203,0.005101198,,,
48816.71241,-0.006110335,,,
49167.72796,0.007164751,,,
48991.98225,-0.003580815,,,
48899.66299,-0.001886152,,,
48659.38491,-0.004925808,,,
48057.2869,-0.01245092,,,
47927.32478,-0.00270798,,,
48671.1854,0.015401383,,,
48314,-0.007365806,,,
48243.5585,-0.001459057,,,
47910.10737,-0.006935824,,,
48256.37633,0.007201479,,,
47353.99106,-0.018876866,,,
47071.98876,-0.005972999,,,
47483,0.008693647,,,
46775.25147,-0.015017504,,,
46193.51505,-0.012514827,,,
46806.66823,0.013186255,,,
46940.4704,0.002854535,,,
47194.10584,0.005388797,,,
47093.20659,-0.002140252,,,
46477.30925,-0.013164537,,,
46845.0942,0.00788207,,,
47298.20375,0.009626029,,,
47769.29407,0.00991073,,,
47411.88754,-0.00751006,,,
46746.0308,-0.01414364,,,
47368.20337,0.013221839,,,
47182.3716,-0.003930849,,,
47324.1255,0.002999879,,,
47417.59335,0.001973109,,,
47499.78296,0.001731814,,,
47068.5206,-0.009120717,,,
47010.13951,-0.001241113,,,
46701.85975,-0.006579325,,,
46639.96986,-0.001326091,,,
46218.30543,-0.009081955,,,
45523.76964,-0.015141342,,,
46107.4704,0.012740385,,,
45808.06331,-0.006514854,,,
46038.28278,0.005013154,,,
46066.22239,0.000606694,,,
46051.70874,-0.00031511,,,
45348.15736,-0.015395324,,,
44345.68963,-0.02235403,,,
44792.95589,0.010035378,,,
45440.71751,0.014357672,,,
45678.86008,0.005227046,,,
45724.42295,0.000996964,,,
45707.30324,-0.000374481,,,
46322.48543,0.013369396,,,
45928.55905,-0.008540365,,,
46105.83672,0.003852427,,,
46455,0.00754455,,,
46418.625,-0.000783323,,,
46610.88903,0.004133404,,,
46538.81523,-0.001547484,,,
46701.41562,0.003487777,,,
46398.7396,-0.006502182,,,
46191.94698,-0.00446682,,,
45761.57926,-0.009360617,,,
46390.41671,0.013648043,,,
46442.31146,0.001118027,,,
47070.63597,0.013438438,,,
47057.14688,-0.000286612,,,
46815.58179,-0.005146662,,,
46514.48424,-0.006452339,,,
46185.82507,-0.007090819,,,
46158.40861,-0.000593788,,,
45970.46618,-0.004079996,,,
46099.38129,0.002800378,,,
46800.73119,0.015099298,,,
47382.04946,0.012344627,,,
46890.4813,-0.010428756,,,
46523.83179,-0.007850005,,,
46355,-0.003635532,,,
47483.69064,0.024057136,,,
47609.99319,0.002656383,,,
47740.91872,0.002746185,,,
47880.77012,0.0029251,,,
47743.33251,-0.002874541,,,
48099,0.007421963,,,
48036.18258,-0.001306856,,,
47817.24919,-0.004568095,,,
47745.27839,-0.001506256,,,
47665.6337,-0.001669509,,,
47765.21834,0.002087054,,,
47388.9802,-0.007908008,,,
47718.70849,0.006933816,,,
47312.46048,-0.008549837,,,
47234.31147,-0.001653129,,,
47190.84371,-0.000920682,,,
46629.98874,-0.011956015,,,
46896.24864,0.005693817,,,
46831,-0.001392309,,,
46170.27786,-0.014209122,,,
46579.10019,0.008815692,,,
46303.28033,-0.005939139,,,
46371.51804,0.001472627,,,
46778.56952,0.008739746,,,
46496.27803,-0.006052915,,,
45661.9087,-0.018107824,,,
45138.86673,-0.011520777,,,
45736.33297,0.013149349,,,
45848.48862,0.002449221,,,
45498.99999,-0.007651887,,,
46011.31774,0.011197057,,,
46238.87406,0.00493347,,,
46255.36775,0.000356642,,,
46310,0.001180404,,,
46686.36045,0.008094134,,,
46750,0.001362201,,,
47161.29716,0.008759325,,,
47566.58643,0.008556968,,,
47465.8802,-0.002119408,,,
47566.84116,0.002124763,,,
47735.31333,0.003535541,,,
47694.57066,-0.000853876,,,
47673.11594,-0.000449937,,,
47694.68261,0.000452284,,,
47495.07655,-0.004193862,,,
47372.32095,-0.002587942,,,
47664.2835,0.006144232,,,
47492.91277,-0.003601849,,,
47566.28743,0.001543768,,,
47428.3069,-0.002905021,,,
47373.99307,-0.001145834,,,
47728.14919,0.007447945,,,
47780.56641,0.001097643,,,
47682.44646,-0.002055665,,,
47693.96657,0.000241571,,,
47566.21492,-0.002682164,,,
47746.77828,0.003788856,,,
47801.51628,0.001145766,,,
47658.08446,-0.003005081,,,
47698.23581,0.000842133,,,
48322.84314,0.01300998,,,
47561.88086,-0.015872774,,,
47181.86485,-0.008022019,,,
47349.96036,0.003556383,,,
47049.13652,-0.006373469,,,
47144.24276,0.002019383,,,
47173.56042,0.000621678,,,
46579.89547,-0.012664555,,,
46734.23767,0.003308016,,,
46617.64475,-0.002497925,,,
46473.0155,-0.00310728,,,
46578.19851,0.002260756,,,
46403.97065,-0.003747559,,,
46668.43119,0.005682914,,,
46734.80034,0.001421132,,,
46842.10798,0.002293465,,,
46923.74075,0.001741205,,,
46799.99999,-0.002640544,,,
46806.53895,0.000139712,,,
47282.97863,0.010127457,,,
47466.21931,0.003867915,,,
47276.57299,-0.004003398,,,
47368.21013,0.001936444,,,
46985.65427,-0.008109005,,,
47574.97254,0.012464509,,,
47422.74806,-0.003204806,,,
47395.86988,-0.000566939,,,
47560.34826,0.003464303,,,
47512.02371,-0.001016585,,,
47447.66026,-0.001355596,,,
47460.87285,0.000278428,,,
47262.922,-0.004179544,,,
46880.0004,-0.008134944,,,
47078.16134,0.004218074,,,
47208.12543,0.002756799,,,
47054.3,-0.003263773,,,
46535.80348,-0.01108027,,,
46523.46157,-0.000265248,,,
46752.86027,0.004918701,,,
46939.12407,0.003976093,,,
46826.40789,-0.002404215,,,
46889.94835,0.001356017,,,
46874.77151,-0.000323722,,,
46990.25811,0.002460696,,,
46900,-0.001922631,,,
47045.52185,0.003098007,,,
46960.508,-0.00180869,,,
47028.88332,0.001454959,,,
47228.36136,0.004232637,,,
47135.3069,-0.001972252,,,
47383.60257,0.005253896,,,
47216.66861,-0.003529253,,,
47229.5933,0.000273694,,,
47429.91336,0.00423244,,,
47281.36369,-0.003136898,,,
47310.09943,0.000607576,,,
46990.91275,-0.006769554,,,
47060.92356,0.001488771,,,
47091.67933,0.000653318,,,
47050.51017,-0.000874617,,,
46708.21313,-0.00730169,,,
46818.90254,0.002367003,,,
46599.60561,-0.004694944,,,
46372,-0.004896249,,,
46560,0.004045975,,,
45820.33539,-0.016013807,,,
45458.42524,-0.007929819,,,
45152.61438,-0.006749995,,,
45730.72472,0.012722203,,,
46121.94833,0.008518554,,,
46143.66181,0.000470673,,,
46258.86154,0.002493434,,,
46151.30333,-0.002327845,,,
46349.1,0.004276673,,,
46447.20931,0.00211451,,,
46463.73174,0.000355662,,,
46285.62783,-0.003840547,,,
46441.55361,0.003363111,,,
46176.99609,-0.005712856,,,
45834.50115,-0.007444646,,,
45534.17433,-0.00657398,,,
45358.92414,-0.003856187,,,
45428.88452,0.001541185,,,
45382.22422,-0.001027634,,,
44648.94131,-0.016289895,,,
44616.92058,-0.000717424,,,
44624.31524,0.000165723,,,
44643.17307,0.000422502,,,
44849.24108,0.00460527,,,
44391.62421,-0.010255859,,,
44880.45485,0.010951588,,,
45050,0.003770588,,,
44881,-0.003758441,,,
44768.08782,-0.002518982,,,
43932.39124,-0.018843671,,,
44846.62926,0.020596541,,,
44598.23161,-0.005554222,,,
44360.91653,-0.005335385,,,
44382.14333,0.000478388,,,
44543.53602,0.003629837,,,
44313.40763,-0.005179762,,,
44447,0.003010182,,,
44687.22031,0.005390094,,,
45071.50661,0.008562703,,,
44928,-0.003189056,,,
44857.05305,-0.001580374,,,
45282.23929,0.009434052,,,
45102,-0.003988296,,,
45196.10195,0.002084252,,,
45090.99999,-0.002328173,,,
45161.21727,0.001556024,,,
45348.35271,0.004135159,,,
45151.89225,-0.004341663,,,
45188.90017,0.000819296,,,
45348.36603,0.003522661,,,
45363.03582,0.000323439,,,
45399.21797,0.000797295,,,
45257.40826,-0.003128504,,,
45294.9606,0.000829406,,,
45038.13681,-0.005686166,,,
44650.77207,-0.008638017,,,
44759.6178,0.002434746,,,
44681.14282,-0.001754793,,,
44433.06199,-0.00556772,,,
44602.8205,0.003813265,,,
44145.6634,-0.010302399,,,
43722.58857,-0.009629828,,,
44187.58647,0.010579031,,,
44376.13656,0.00425796,,,
44583.05224,0.004651932,,,
44362.05426,-0.004969322,,,
43750,-0.013892857,,,
43311.91185,-0.010063915,,,
43407.68864,0.002208885,,,
43408.74494,2.43341E-05,,,
43327.11606,-0.001882241,,,
43631.36505,0.006997598,,,
43533.80584,-0.002238492,,,
43592.75161,0.001353107,,,
43557.68757,-0.000804679,,,
43504.94005,-0.001211715,,,
43140,-0.008423855,,,
43484.83557,0.007961629,,,
43564.90712,0.001839674,,,
43480.75671,-0.001933478,,,
43682.63444,0.004632176,,,
43691.60319,0.000205295,,,
43502.6179,-0.004334819,,,
43758.65538,0.005868313,,,
44407.08535,0.014709606,,,
44315.25977,-0.002069955,,,
44266,-0.001112194,,,
44217.71702,-0.001091342,,,
44855.65677,0.01432416,,,
45193.65325,0.007506955,,,
45060,-0.002961727,,,
45289.19548,0.005073559,,,
45129.02098,-0.003542973,,,
45230.65159,0.002249469,,,
45215,-0.000346099,,,
45064.84668,-0.0033264,,,
45150,0.00188779,,,
45653.03666,0.011079845,,,
45513.60544,-0.003058823,,,
45289.15004,-0.004943812,,,
45170.08741,-0.002632406,,,
45446.77452,0.006106766,,,
46145,0.015246762,,,
46246.75608,0.00220271,,,
46217.93155,-0.000623471,,,
46052.15128,-0.003593374,,,
46140.22652,0.001910684,,,
46227.30766,0.001885536,,,
46154.93919,-0.001566718,,,
46388.25722,0.00504237,,,
46649.0963,0.005607205,,,
46582.55798,-0.001427376,,,
46473.40598,-0.002345944,,,
46381.90042,-0.001970929,,,
46501.29254,0.002570803,,,
46352.7533,-0.003199416,,,
46331.52202,-0.000458142,,,
46334.38003,6.16841E-05,,,
46168.48269,-0.003586862,,,
46262.78674,0.002040523,,,
46459.89237,0.004251515,,,
46339.9,-0.00258605,,,
46019.94091,-0.00692856,,,
46110.38937,0.00196349,,,
46187.59923,0.001673057,,,
46231,0.000939222,,,
46210.06162,-0.00045301,,,
45781.13628,-0.009325424,,,
45868,0.001895571,,,
46166.3636,0.006483766,,,
46136.95373,-0.000637244,,,
46074.65734,-0.001351162,,,
46279.70929,0.004440554,,,
46518.22824,0.00514062,,,
46890.03393,0.007960916,,,
47073.91003,0.003913764,,,
47018.40948,-0.001179704,,,
47254.01393,0.004998385,,,
47148.06556,-0.00224462,,,
47447.13482,0.006323159,,,
47323.12686,-0.002617024,,,
47246.02535,-0.001630585,,,
47160.209,-0.001818023,,,
47585.22032,0.008971708,,,
47631.07595,0.000963189,,,
47778.67782,0.003094065,,,
47684.32044,-0.001976837,,,
47746.83755,0.001310203,,,
47767.63986,0.000435584,,,
47785.34229,0.000370526,,,
47495.57856,-0.006082322,,,
47834.94307,0.007119775,,,
47927.31532,0.0019292,,,
48270,0.007124651,,,
48126,-0.002987678,,,
48147.70687,0.000450941,,,
47826.73474,-0.006688725,,,
48087.8602,0.005444971,,,
48212.7758,0.002594286,,,
48335.91543,0.002550831,,,
48089.57908,-0.005109372,,,
48429.22637,0.007037979,,,
48764.32112,0.006895439,,,
49163.18113,0.008146071,,,
49200,0.000748631,,,
48881.79721,-0.006488542,,,
49090.95714,0.004269764,,,
48896.82828,-0.003962313,,,
49053.10555,0.003190965,,,
48874.92259,-0.003639064,,,
49012.92855,0.002819677,,,
48714.87651,-0.006099655,,,
48567.03065,-0.003039537,,,
48626.43119,0.001222316,,,
48400,-0.004667421,,,
48433.52477,0.000692421,,,
48443.90899,0.000214379,,,
48557.37608,0.002339498,,,
48285,-0.005625157,,,
48045.01163,-0.00498264,,,
48243.23291,0.004117254,,,
48592.85874,0.007221013,,,
48366.91691,-0.004660535,,,
48158.60435,-0.004316224,,,
48499.90442,0.007062006,,,
48486.09204,-0.000284832,,,
48531.79526,0.000942161,,,
48729.83459,0.004072307,,,
48785.49064,0.001141483,,,
48663.13634,-0.002511156,,,
48953.54345,0.005949966,,,
49174.26492,0.00449866,,,
49137.52577,-0.000747401,,,
49277.34341,0.002841395,,,
49628.8297,0.007107499,,,
49646.60717,0.000358144,,,
49601.29372,-0.000913137,,,
49867.63097,0.005355198,,,
50194.41289,0.006531609,,,
49634.73534,-0.011212826,,,
49369.79321,-0.005352134,,,
49010.71085,-0.007299901,,,
48915.43763,-0.001945818,,,
49111.26886,0.003995472,,,
49366.00376,0.005173488,,,
49424,0.001174132,,,
49404,-0.000404744,,,
49660,0.005168388,,,
49223.21682,-0.008834381,,,
49376.63734,0.003111985,,,
48942.94465,-0.008822159,,,
48885.89174,-0.001166383,,,
48960,0.001514796,,,
48867,-0.001901316,,,
48781,-0.001761429,,,
48980.10661,0.004073335,,,
49150.16891,0.003466055,,,
49334.46829,0.003742708,,,
48887.15727,-0.009108261,,,
48999.47585,0.002294872,,,
48682,-0.006500249,,,
48553.64071,-0.002640171,,,
48682.56591,0.002651796,,,
48824.11097,0.002903292,,,
48618.47124,-0.004220743,,,
48406.18136,-0.004376006,,,
48614.14902,0.004287101,,,
48674.93672,0.001249631,,,
48385.96304,-0.005954499,,,
48550.36199,0.003391899,,,
48950,0.008197718,,,
48950.9188,1.877E-05,,,
48850,-0.002063761,,,
48908.32428,0.001193234,,,
49014.9,0.002176721,,,
49226.82453,0.004314355,,,
49138.05938,-0.001804814,,,
49012.66344,-0.002555172,,,
48988.01147,-0.000503098,,,
49095.35719,0.002188868,,,
48728.30574,-0.007504384,,,
48800,0.001470225,,,
48851.62308,0.001057291,,,
48993,0.002889827,,,
48832.29741,-0.003285505,,,
48781.87887,-0.001033017,,,
48591.89961,-0.003902067,,,
48728.67766,0.002810878,,,
48823.81612,0.001950508,,,
48848.4429,0.000504274,,,
49048.05752,0.00407808,,,
48842.51765,-0.004199386,,,
48980.36367,0.00281828,,,
49298.84996,0.006481277,,,
49567.65929,0.005437837,,,
49313.45635,-0.005141599,,,
48896.48542,-0.008491471,,,
48773.98259,-0.002508494,,,
48588.39723,-0.003812265,,,
48560.32187,-0.000577987,,,
48668.4534,0.002224271,,,
48483.05238,-0.003816745,,,
48642.96634,0.00329292,,,
47677.19342,-0.020054063,,,
47543.00248,-0.002818541,,,
47385.98348,-0.003308139,,,
47845.52667,0.009651149,,,
47756,-0.001872914,,,
47868.34806,0.00234978,,,
47939.2609,0.001480318,,,
47814.12108,-0.002613796,,,
47604.94949,-0.004384279,,,
47680,0.001575286,,,
47291.20702,-0.008187643,,,
47600.62015,0.006521409,,,
47791.8923,0.004010219,,,
47436.53076,-0.007463385,,,
47412.21415,-0.000512745,,,
47516.96979,0.002207028,,,
47225.08686,-0.006161653,,,
47524.73331,0.006325024,,,
47734.17823,0.004397389,,,
47696.9011,-0.000781237,,,
47384.2091,-0.006577398,,,
47424,0.000839398,,,
47716.22583,0.006143075,,,
47604.91466,-0.002335499,,,
47825.92106,0.004631769,,,
47805.16197,-0.000434149,,,
48191.97468,0.008058882,,,
48073.08687,-0.002470011,,,
48383.46542,0.006435636,,,
48415.66421,0.00066527,,,
48338.50005,-0.001595056,,,
48668.24397,0.006798397,,,
48545.40293,-0.00252724,,,
48498.39714,-0.000968754,,,
48751.03768,0.005195734,,,
48535,-0.004441296,,,
48650.03941,0.002367431,,,
48842.37799,0.003945719,,,
48822.22999,-0.000412596,,,
48652.46976,-0.003483169,,,
48783,0.002679318,,,
48594.96697,-0.003861926,,,
48789.99745,0.004005356,,,
48634.4865,-0.003192443,,,
48541.61458,-0.001911415,,,
48701.39385,0.003286188,,,
49128.56232,0.008732932,,,
49136.04995,0.000152397,,,
49157.27392,0.00043185,,,
49120,-0.000758546,,,
49183.4918,0.001291751,,,
49405,0.004493599,,,
48933.39542,-0.009591537,,,
49061.84455,0.00262154,,,
49409.40179,0.00705909,,,
49295.52891,-0.00230734,,,
49427,0.002663448,,,
49531.22781,0.002106502,,,
49506.00104,-0.00050944,,,
49720.58025,0.004325042,,,
49823.3324,0.00206446,,,
49746.37159,-0.001545868,,,
50050.11205,0.006087217,,,
50645.84607,0.01183247,,,
50666.96071,0.000416821,,,
50864.9945,0.00390092,,,
50946.00845,0.001591458,,,
51388.15174,0.008641221,,,
51290.12948,-0.001909309,,,
51444,0.002995512,,,
51567.04375,0.002388944,,,
51398.00687,-0.003283387,,,
51399.80182,3.49218E-05,,,
51422.61722,0.000443783,,,
51719.58538,0.005758438,,,
51681.33271,-0.00073989,,,
51220.23709,-0.008961937,,,
51665.45751,0.008654715,,,
51373.28237,-0.005671186,,,
51610.88718,0.004614403,,,
52187.80363,0.011116178,,,
52523.53787,0.006412589,,,
52024.48,-0.009547032,,,
51763.02553,-0.005038276,,,
51401,-0.007018474,,,
51546.81644,0.002832824,,,
51022.14141,-0.010230768,,,
50885.6144,-0.002679425,,,
50744.40011,-0.00277899,,,
50759.37728,0.000295106,,,
50619.8055,-0.002753462,,,
50889.45526,0.005312824,,,
50523.06598,-0.007225752,,,
50766.15636,0.004799935,,,
51125.355,0.007050639,,,
51425.55431,0.005854656,,,
51074.64667,-0.006846992,,,
51105.45088,0.00060294,,,
51427.11162,0.006274334,,,
51187.18354,-0.004676318,,,
51070,-0.002291938,,,
51323.10114,0.004943725,,,
51481.42981,0.003080191,,,
51418.12031,-0.001230511,,,
51355.78285,-0.001213099,,,
51240.4836,-0.002247631,,,
50800,-0.00863356,,,
50492.8201,-0.006065205,,,
50874.08044,0.007522419,,,
50848.28423,-0.000507189,,,
50922.11495,0.001450927,,,
50878.33042,-0.000860203,,,
50933.26589,0.00107916,,,
50528.92974,-0.007970226,,,
50483.4925,-0.000899637,,,
50837.91233,0.00699598,,,
51097.24561,0.005088212,,,
50917.67417,-0.003520497,,,
51262.71151,0.00675352,,,
51036,-0.004432351,,,
50821.97269,-0.004202472,,,
50591.28821,-0.004549403,,,
50813.41176,0.004380939,,,
50916.8187,0.002032964,,,
50652.74349,-0.0051999,,,
50384.4276,-0.005311244,,,
50108.02792,-0.005500918,,,
50512.35116,0.008036651,,,
50720.89691,0.00412011,,,
50902.58297,0.003575675,,,
51371.10145,0.009162118,,,
51549.46617,0.003466069,,,
51460.78253,-0.001721842,,,
51503.32773,0.000826408,,,
51541.42154,0.000739364,,,
51408.0423,-0.002591161,,,
51263.40806,-0.002817421,,,
50826.64996,-0.008556382,,,
50944.55112,0.002316986,,,
50324.05073,-0.0122547,,,
49981.96177,-0.006820933,,,
49575.49156,-0.008165586,,,
49500,-0.00152392,,,
49692,0.003871285,,,
49350,-0.006906188,,,
49061.57104,-0.005861705,,,
49281.32802,0.004469206,,,
49243.16642,-0.000774662,,,
49503,0.005262669,,,
49667.51108,0.003317745,,,
49642.21606,-0.000509417,,,
49736.8158,0.001903817,,,
49510.05238,-0.004569692,,,
49399.40561,-0.002237335,,,
49688.70017,0.005839155,,,
49685.72093,-5.996E-05,,,
49656.66204,-0.000585025,,,
49705.7561,0.000988182,,,
50449,0.014842182,,,
50394.13975,-0.001088032,,,
50428.01302,0.000671941,,,
50220.16208,-0.004130253,,,
49989.62529,-0.004601091,,,
48763.05513,-0.024842531,,,
48898.47797,0.002773312,,,
49083.42678,0.003775167,,,
48813.10293,-0.005522658,,,
48996.81968,0.003756612,,,
49343.413,0.00704889,,,
49210.4606,-0.002698067,,,
49284.73655,0.001508215,,,
48999,-0.00581454,,,
49424.88306,0.008654113,,,
49325.08503,-0.002021227,,,
49501.74391,0.003575124,,,
49439.25422,-0.001263171,,,
49426.60673,-0.000255852,,,
49350.83387,-0.001534214,,,
49039.02475,-0.006338258,,,
49490.46718,0.009163664,,,
49662.56176,0.003471296,,,
49635.8581,-0.000537847,,,
49506,-0.002619644,,,
49661.32322,0.003132551,,,
49859.31103,0.003978834,,,
49407.25712,-0.009107941,,,
49107.4055,-0.00608747,,,
49277.65455,0.003460875,,,
49476.00716,0.004017125,,,
49415.10238,-0.001231755,,,
49496.43605,0.001644574,,,
49734.14716,0.004791095,,,
49754.62457,0.000411653,,,
49681.88186,-0.001463099,,,
49320.68192,-0.007296812,,,
49379.16679,0.001185106,,,
49224.97915,-0.003127409,,,
48518.72582,-0.014451378,,,
48186.93892,-0.006861815,,,
48404.09698,0.004496451,,,
48152.98001,-0.005201432,,,
47603.91827,-0.011467952,,,
48268.37058,0.013861418,,,
48123.16811,-0.003012766,,,
48237.70844,0.002377321,,,
47973.96974,-0.005482481,,,
47785.25212,-0.003941508,,,
48024.09301,0.004985764,,,
48150.51836,0.002629081,,,
48187.57557,0.000769316,,,
48070.44456,-0.00243369,,,
48367.69752,0.006164654,,,
48141.57604,-0.004686014,,,
47935.92955,-0.004280852,,,
48208.75677,0.005675362,,,
48118.32925,-0.00187751,,,
48248.27341,0.002696873,,,
48277.1209,0.000597718,,,
48122.34268,-0.003211187,,,
48520.83357,0.00824669,,,
48536,0.000312527,,,
48358.98187,-0.003653818,,,
47315.44772,-0.02181514,,,
46920.53011,-0.008381511,,,
46858.29132,-0.001327353,,,
46837.27562,-0.000448595,,,
46558.43969,-0.005971082,,,
46522,-0.000782972,,,
46709.17955,0.004015391,,,
46700,-0.000196545,,,
46756.74956,0.001214456,,,
46791.89086,0.000751295,,,
46702.90481,-0.001903551,,,
47112.49443,0.008731876,,,
46958.86957,-0.003266137,,,
46977.7963,0.000402968,,,
47134.87494,0.003338101,,,
47300.71585,0.003512258,,,
47134.70342,-0.003515897,,,
47105.91469,-0.000610962,,,
47178.54978,0.001540765,,,
46679.19789,-0.010640711,,,
47010.85834,0.007079979,,,
46865.53707,-0.003096016,,,
47117.9625,0.00537171,,,
47152,0.000722128,,,
47234.62168,0.001750708,,,
47049.55406,-0.003925746,,,
47285.21651,0.004996311,,,
47389.36985,0.00220024,,,
47400,0.00022429,,,
47228.20151,-0.003631025,,,
47160.21668,-0.001440533,,,
47400.56024,0.005083378,,,
47065.01321,-0.007104142,,,
46736.20415,-0.007010792,,,
46578.68398,-0.003376103,,,
46626.15792,0.001018701,,,
46700,0.001582452,,,
46810.83634,0.002370557,,,
46991.6809,0.003855862,,,
47071.67522,0.001700861,,,
47159,0.001853426,,,
47095.96143,-0.001337618,,,
47045.17568,-0.001078928,,,
47071.19948,0.000553013,,,
47258,0.003960614,,,
47361.88995,0.002195944,,,
47286.05162,-0.001602536,,,
47498.79689,0.004489022,,,
47450,-0.001027857,,,
47234.80772,-0.004545453,,,
47732,0.01047096,,,
47624.01541,-0.002264873,,,
47839.11414,0.004506433,,,
48097.12847,0.005378884,,,
48065.41078,-0.000659668,,,
48071.34093,0.000123369,,,
48199.13023,0.002654799,,,
48500,0.006222822,,,
48414.88043,-0.001756585,,,
48141.43847,-0.005663901,,,
48358.79177,0.004504729,,,
48286.86735,-0.001488415,,,
48110.38021,-0.003661668,,,
47923.1479,-0.003899316,,,
47511.65566,-0.008623579,,,
47000,-0.010827461,,,
47423.77623,0.00897611,,,
47657.67757,0.00492003,,,
47547.15034,-0.002321884,,,
47860.93548,0.006577771,,,
48053.11486,0.00400733,,,
48085.1576,0.000666597,,,
48295.2353,0.004359352,,,
48529.85316,0.00484623,,,
48404.74735,-0.002581243,,,
48473,0.001409047,,,
48435,-0.000784249,,,
48939.33796,0.010358838,,,
48864.50397,-0.001530288,,,
49299,0.008852554,,,
49013.45065,-0.005809033,,,
49389.61265,0.007645368,,,
49185.82075,-0.004134746,,,
49190.57463,9.66467E-05,,,
49061.48371,-0.002627751,,,
48958.10666,-0.002109315,,,
49165.58877,0.004228997,,,
49034.56073,-0.002668593,,,
49173.3483,0.002826405,,,
49042.22205,-0.002670174,,,
49276.56912,0.004767095,,,
49059.44626,-0.004415945,,,
48863.98105,-0.003992211,,,
48742.00031,-0.002499453,,,
48714.40476,-0.000566316,,,
48732.36292,0.000368574,,,
49057.29482,0.006645551,,,
49084.78605,0.000560233,,,
48941.12805,-0.002931023,,,
48813.38841,-0.002613479,,,
48633.95629,-0.003682652,,,
48606.45562,-0.000565622,,,
48640.42814,0.000698686,,,
48650.15019,0.000199856,,,
48375.28948,-0.00566576,,,
48483.99666,0.002244642,,,
48599.27885,0.002374915,,,
48694.23662,0.001951986,,,
48647.66736,-0.000956819,,,
48652.95205,0.000108626,,,
48554.42456,-0.002027161,,,
48619.89724,0.001347531,,,
48435,-0.003810162,,,
48260.12248,-0.003617095,,,
48237.79167,-0.000462825,,,
48474.48573,0.004894819,,,
48223.95296,-0.005181745,,,
48422.74798,0.004113856,,,
48718.11925,0.006081316,,,
48491.68207,-0.00465874,,,
48720.44534,0.004706485,,,
48842.69608,0.002506086,,,
48843.93649,2.53955E-05,,,
48924.8789,0.001655793,,,
48830,-0.00194116,,,
49045.55614,0.004404705,,,
48942.98736,-0.002093486,,,
48820.92452,-0.002497095,,,
48880,0.001209313,,,
48863.25672,-0.000342597,,,
48723.26431,-0.002869095,,,
48626.26791,-0.001992746,,,
48690.54728,0.001321033,,,
48465.61645,-0.004630303,,,
48367.05604,-0.002035686,,,
48334.22501,-0.000679019,,,
48339.50106,0.000109152,,,
48331.75522,-0.000160251,,,
48298.98984,-0.000678156,,,
48044,-0.005293389,,,
48135.82574,0.00190946,,,
48158.30223,0.00046683,,,
48144.40771,-0.000288559,,,
48172.90214,0.000591678,,,
47723.06562,-0.00938183,,,
47677.5579,-0.000954034,,,
47776.85123,0.002080435,,,
47649,-0.002679595,,,
47520,-0.002710968,,,
47371.19831,-0.003136262,,,
47371.19831,0,,,
47371.19831,0,,,
47510.01268,0.002926069,,,
47425,-0.001790966,,,
47438.20298,0.000278358,,,
47588,0.003152754,,,
47607.27943,0.00040505,,,
47606,-2.68751E-05,,,
47665.48708,0.001248791,,,
47273.28441,-0.00826227,,,
47783.45045,0.01073403,,,
47761.78077,-0.0004536,,,
47647,-0.002406085,,,
47752.66386,0.002215184,,,
47729.3717,-0.000487886,,,
48166.47365,0.009116244,,,
48185.9462,0.000404194,,,
48249.65523,0.001321276,,,
48263.54756,0.000287885,,,
48322.85748,0.001228122,,,
48552.4908,0.004740809,,,
48490.13541,-0.001285114,,,
48359.92147,-0.002688982,,,
48449,0.001840296,,,
48457,0.000165108,,,
48367.91958,-0.001840031,,,
48539.95188,0.003550434,,,
48530.58632,-0.000192964,,,
48379.18208,-0.003124646,,,
48543.19117,0.003384342,,,
48400.54564,-0.002942854,,,
48465,0.001330801,,,
48684,0.004508546,,,
48567.15097,-0.002403038,,,
48549.31792,-0.000367251,,,
48708.43747,0.003272124,,,
48870,0.003311442,,,
48951.1269,0.001658679,,,
48863.69154,-0.001787774,,,
49016.84637,0.003129426,,,
49076.83135,0.001223014,,,
48889.1772,-0.00383101,,,
49088.28353,0.004064335,,,
49199.72683,0.00226769,,,
49023.92819,-0.003579562,,,
49203.17626,0.00364967,,,
49128.284,-0.001523262,,,
49179.36329,0.001039172,,,
49380.78037,0.004087197,,,
49119.96478,-0.00529572,,,
49210.32314,0.001837855,,,
49509.33539,0.006057824,,,
49620.29322,0.002238642,,,
49551.96907,-0.001377889,,,
49613.08931,0.001232697,,,
49698.24733,0.001714971,,,
49700.10053,3.72883E-05,,,
49552.4199,-0.002975859,,,
49498.65149,-0.00108567,,,
49355.17891,-0.002902724,,,
49435.87404,0.001633653,,,
49477.31775,0.000837982,,,
49198.9931,-0.005641179,,,
49286,0.001766907,,,
49355.85964,0.00141643,,,
49343.55126,-0.000249411,,,
49238.48738,-0.002131502,,,
49299.00178,0.001228252,,,
49437.11772,0.00279768,,,
49466.86562,0.000601551,,,
49461.56232,-0.000107215,,,
49596.99999,0.002734499,,,
49565.28029,-0.000639753,,,
50064.38661,0.010019315,,,
50440.89442,0.007492334,,,
50549.2682,0.002146225,,,
50537.43543,-0.000234111,,,
50386.91819,-0.002982776,,,
50576.45054,0.003754482,,,
50745,0.003327027,,,
51056.05,0.006110958,,,
50942.98223,-0.002217037,,,
50853.91152,-0.001749969,,,
50717.09795,-0.002693951,,,
50493.31435,-0.004422153,,,
50599.54581,0.002101662,,,
50578.59764,-0.000414085,,,
50650,0.001410715,,,
50770.57967,0.002377816,,,
50696.94777,-0.001451339,,,
50763.43846,0.001310673,,,
50478.01163,-0.005638552,,,
50721.87821,0.004819512,,,
50762.16593,0.000793972,,,
50643.89105,-0.0023327,,,
50671.73836,0.000549714,,,
50744.7019,0.00143889,,,
50791.67945,0.000925334,,,
50721.92712,-0.001374246,,,
50368.97311,-0.006982932,,,
50442.56822,0.001460054,,,
50650,0.004103805,,,
50615.90719,-0.000673332,,,
50638,0.000436384,,,
50470.9128,-0.003305097,,,
50556.10006,0.001686426,,,
50866.86954,0.006128207,,,
50758.22119,-0.00213822,,,
51067.53671,0.006075407,,,
51041.80908,-0.000503923,,,
50942.56093,-0.001946341,,,
50998.58453,0.001099136,,,
50979.31305,-0.000377954,,,
51049.37709,0.001373419,,,
50862.57603,-0.003665934,,,
50628,-0.004622625,,,
50648,0.00039496,,,
50391.46554,-0.005077917,,,
50386.59465,-9.66657E-05,,,
50500.59924,0.002260042,,,
50473.61135,-0.00053455,,,
50381.15255,-0.001833504,,,
49848.75986,-0.010623529,,,
49782.07992,-0.00133854,,,
49975,0.003867802,,,
50041,0.001319789,,,
49870.09879,-0.003421069,,,
49960,0.001801085,,,
50195,0.004692735,,,
50086.73179,-0.002159282,,,
50135,0.000963229,,,
50262.9338,0.002548536,,,
50615.95244,0.006998889,,,
50501.29584,-0.002267796,,,
50896,0.007785339,,,
51033.53626,0.002698655,,,
51081.4459,0.000938347,,,
50940.44048,-0.002764221,,,
51360.98088,0.008221641,,,
51470.58093,0.002131643,,,
51624.33046,0.002982682,,,
51467.81961,-0.003036332,,,
51753.37884,0.005532971,,,
51555,-0.003840523,,,
51546.8176,-0.000158725,,,
51546.96584,2.87588E-06,,,
51272.44425,-0.005339891,,,
50892.05731,-0.007446592,,,
50576.10244,-0.006227685,,,
50707.0812,0.002586388,,,
50354.26156,-0.006982315,,,
50346.85373,-0.000147125,,,
50424.56635,0.001542355,,,
50569.56699,0.002871469,,,
50349.05706,-0.004370061,,,
50435.85166,0.001722373,,,
50329.69464,-0.002107011,,,
50435.64922,0.002102997,,,
50365.63102,-0.001389232,,,
50496,0.002585107,,,
50594.14623,0.001941757,,,
50751.94689,0.003114097,,,
50696.79421,-0.001087301,,,
50562.2222,-0.002657978,,,
50341.01915,-0.004384466,,,
50290.97397,-0.000994618,,,
49928.47295,-0.007234177,,,
49798.50522,-0.002606472,,,
49802.7143,8.45187E-05,,,
49762,-0.000817846,,,
49468.09574,-0.005923709,,,
49695.56577,0.004587778,,,
49650.47369,-0.000907778,,,
49860.78968,0.004226985,,,
49770.70894,-0.001808279,,,
49640.20244,-0.002625599,,,
49832.53768,0.003867099,,,
49885.50583,0.001062359,,,
49900.20548,0.000294624,,,
49962,0.001237596,,,
50197.25637,0.004697655,,,
50089.61018,-0.002146766,,,
50005.49452,-0.001680715,,,
49975.05297,-0.00060895,,,
50059.83534,0.001695056,,,
50454.73086,0.007857519,,,
50339.88192,-0.002278871,,,
50266.85271,-0.001451776,,,
50244.43051,-0.000446163,,,
50241.07515,-6.67831E-05,,,
50380.15693,0.002764464,,,
50725.93155,0.006839864,,,
50869.4188,0.002824683,,,
50979.32726,0.002158269,,,
50718.16705,-0.005136032,,,
50908,0.003735911,,,
50815.49023,-0.001818848,,,
50740.95453,-0.001467868,,,
50904.27221,0.003213487,,,
50980.25853,0.001491617,,,
51124,0.002815584,,,
51025,-0.001938346,,,
50822.59518,-0.003974666,,,
50937.68903,0.002262059,,,
50642.49553,-0.005812046,,,
50638.45367,-7.98148E-05,,,
50755.48892,0.002308526,,,
50837.93566,0.001623073,,,
50758.33744,-0.001566952,,,
50820.82653,0.001230353,,,
50840.03071,0.000377809,,,
50927.23613,0.001713821,,,
50793,-0.002639322,,,
50802.27522,0.000182592,,,
51012.86986,0.00413681,,,
50962.03461,-0.000997015,,,
51336.7153,0.007325258,,,
51289,-0.00092989,,,
51338.39534,0.000962615,,,
51431.10022,0.001804133,,,
51852.48027,0.008159717,,,
51717.98748,-0.002597128,,,
51645.70375,-0.001398629,,,
51633,-0.000246009,,,
51655,0.000425993,,,
51839.94414,0.003573978,,,
51579.20027,-0.005042479,,,
51557.43646,-0.000422039,,,
51468.65308,-0.001723513,,,
51581.05848,0.002181577,,,
51701.84441,0.002338935,,,
51774,0.001394637,,,
52066.7671,0.005638785,,,
52386.42655,0.006120645,,,
52269.0412,-0.002243273,,,
52046,-0.004276306,,,
52095.98908,0.000960018,,,
52015.11286,-0.001553652,,,
52321.01313,0.005863763,,,
52947.999,0.01191221,,,
53281.15781,0.006272476,,,
53550.08154,0.005034563,,,
53391.8845,-0.002958561,,,
53680.52411,0.005391498,,,
53617,-0.001184074,,,
53569.08124,-0.000894123,,,
53502.34867,-0.001246506,,,
53821.31508,0.005944027,,,
53873.97272,0.000977901,,,
53842.14047,-0.00059104,,,
53516.1648,-0.006072687,,,
53843.51313,0.00609818,,,
53928.43384,0.001575934,,,
53699.18279,-0.004260085,,,
53979.77218,0.005211604,,,
54250.78491,0.005008074,,,
54124.96705,-0.002321883,,,
54267.31272,0.002626492,,,
54260.68252,-0.000122184,,,
54079.83515,-0.003338502,,,
54096.39001,0.000306072,,,
53842,-0.004713624,,,
53769.18519,-0.001353295,,,
53749.47521,-0.000366634,,,
53667.71961,-0.001522207,,,
53519.57324,-0.002764254,,,
53697,0.003309692,,,
53905.79105,0.003880779,,,
53944.86024,0.000724506,,,
54024.51248,0.00147546,,,
54079.44166,0.001016229,,,
53934.15682,-0.002690123,,,
54209.68713,0.005095637,,,
54106,-0.001914536,,,
54264.05513,0.002916954,,,
54167.7,-0.00177725,,,
54016,-0.002804491,,,
54149.53271,0.002469045,,,
54130,-0.000360783,,,
54041.56221,-0.00163514,,,
54148.89897,0.001984219,,,
54230.01426,0.001496883,,,
54086.55538,-0.002648883,,,
54132.76332,0.000853968,,,
53868.66123,-0.004890725,,,
53763.64485,-0.001951392,,,
53818.69398,0.001023386,,,
54069,0.00464013,,,
54438.74135,0.006815049,,,
54766.50612,0.006002747,,,
54590,-0.003228089,,,
54558.61036,-0.000575173,,,
54422.20556,-0.002503282,,,
54490,0.001244938,,,
54259.14765,-0.0042456,,,
54382.30914,0.002267303,,,
54230,-0.00280464,,,
54091.50334,-0.002557142,,,
53827.88407,-0.004885495,,,
53989.32902,0.002994792,,,
54227.34948,0.004398968,,,
54081.59022,-0.002691548,,,
54175.51863,0.001735284,,,
54055.06215,-0.002225924,,,
53933.92509,-0.002243509,,,
53802.75819,-0.002434955,,,
53913,0.002046903,,,
53920.70201,0.00014285,,,
53851.1312,-0.001291076,,,
53868.47059,0.000321936,,,
53915.00005,0.000863388,,,
53987.30068,0.001340113,,,
54100,0.002085339,,,
54096.82927,-5.86104E-05,,,
54153.04877,0.001038699,,,
54409.6576,0.004727393,,,
54457,0.000869732,,,
54340.1078,-0.002148812,,,
54264.75489,-0.001387653,,,
54052.00036,-0.003928382,,,
54200.87036,0.002750414,,,
54289,0.001624662,,,
54443.42284,0.002840421,,,
54255.89886,-0.003450328,,,
54409.60552,0.002828989,,,
54816.10669,0.007443358,,,
54833.49,0.00031707,,,
54684.94755,-0.002712649,,,
54643,-0.000767371,,,
54887.34381,0.004461672,,,
55135.44851,0.004510068,,,
55658.95692,0.009450158,,,
55635,-0.000430516,,,
55514.38915,-0.002170248,,,
55506.99804,-0.000133148,,,
55402.77024,-0.001879507,,,
54734.93783,-0.012127374,,,
54693.6224,-0.000755112,,,
53780.18314,-0.016842054,,,
54043.26788,0.004879927,,,
53765.33275,-0.005156096,,,
53930.34666,0.003064451,,,
53843.78356,-0.00160638,,,
53774.00768,-0.001296735,,,
53527.50372,-0.004594612,,,
53475.02805,-0.000980831,,,
53545.70961,0.001320895,,,
53475.77694,-0.00130689,,,
53573.11956,0.001818658,,,
53660,0.001620403,,,
53225.67722,-0.008126911,,,
53576.42134,0.006568136,,,
53645.73405,0.001292881,,,
53648,4.22382E-05,,,
53654.35233,0.000118401,,,
53818.02481,0.003045854,,,
53986.44843,0.003124615,,,
53860.64051,-0.002333081,,,
53945.25147,0.001569691,,,
54143.2847,0.003664282,,,
54272.56185,0.00238484,,,
54156.05257,-0.002149051,,,
54478.57765,0.005937812,,,
54450,-0.000524704,,,
54526.98423,0.001412853,,,
54649.5,0.002244363,,,
54343.15388,-0.005621423,,,
54799.16462,0.008356308,,,
55225.34664,0.007747076,,,
55228.23815,5.2357E-05,,,
54977.7489,-0.004545845,,,
54927.19483,-0.00091996,,,
54982.93115,0.001014216,,,
54804.51497,-0.003250214,,,
54880.22702,0.00138054,,,
54792.66277,-0.001596826,,,
54770.4983,-0.000404597,,,
54845.82433,0.001374358,,,
54906.59929,0.001107492,,,
55024.84376,0.002151241,,,
55253.73892,0.004151223,,,
55199.49261,-0.000982249,,,
55650,0.008128316,,,
55604.06841,-0.000825706,,,
56032.2608,0.007671239,,,
56233.23206,0.003580289,,,
55979.66663,-0.004519371,,,
55931.54805,-0.000859942,,,
56209.62384,0.004959398,,,
56127.25076,-0.001466537,,,
56252.76374,0.002233725,,,
56212.73691,-0.000711806,,,
56059.11622,-0.002736586,,,
56351.0493,0.005194081,,,
56355,7.01063E-05,,,
56305.47548,-0.000879182,,,
56513.95163,0.003695753,,,
56954.8761,0.007771768,,,
56825.11908,-0.002280842,,,
56911.29891,0.001515431,,,
56523.57427,-0.006836101,,,
56855.35246,0.005852571,,,
56822.13151,-0.000584477,,,
56700,-0.002151678,,,
56879.84395,0.003166831,,,
56714.02473,-0.002919512,,,
57260.69357,0.009592882,,,
57034.12248,-0.003964684,,,
56847.15778,-0.003283505,,,
56700,-0.002592013,,,
56731.62319,0.000557573,,,
56575.21472,-0.002760797,,,
56072.19678,-0.008930898,,,
56257,0.003290389,,,
55658,-0.010704655,,,
56431.26307,0.013797492,,,
56412.36645,-0.000334917,,,
56924.38962,0.009035492,,,
56719.95334,-0.00359783,,,
56599.75017,-0.002121488,,,
56941.79911,0.006025107,,,
56893.11986,-0.000855261,,,
56435.62615,-0.008073789,,,
56108.77231,-0.005808459,,,
56129.60201,0.000371169,,,
55858.02174,-0.004850193,,,
56082.17307,0.004004846,,,
56360.20878,0.0049454,,,
55992.71074,-0.006541875,,,
55631.58568,-0.006470389,,,
55334.08268,-0.005362086,,,
55402.77446,0.001240631,,,
55566.28432,0.002946947,,,
55804.47535,0.004277449,,,
55966.21674,0.002894167,,,
56197.84178,0.004130117,,,
56020.8523,-0.00315437,,,
56337.25253,0.005632011,,,
56210.85865,-0.002246043,,,
56036.30712,-0.003110131,,,
55766.47813,-0.004826883,,,
55992.51529,0.004045088,,,
56046.05461,0.00095573,,,
55915.39011,-0.002334099,,,
56023.45544,0.001930793,,,
55832.3,-0.003417895,,,
55500.22045,-0.005965562,,,
55641.14695,0.002535988,,,
55308.73956,-0.005992046,,,
55267.59282,-0.000744223,,,
55433.13032,0.002990724,,,
55556.39272,0.002221155,,,
55732.20477,0.003159573,,,
55577.96354,-0.002771379,,,
55559.6986,-0.00032869,,,
55716.93501,0.002826047,,,
55473.8712,-0.00437202,,,
55055,-0.007579435,,,
54606.02826,-0.008188401,,,
54671.04799,0.001189998,,,
54846.29815,0.003200412,,,
54763,-0.001519911,,,
54725.72125,-0.000680961,,,
54669,-0.001037002,,,
54561.72839,-0.001964129,,,
54492.93467,-0.001261638,,,
54821,0.006002278,,,
55213.02526,0.007125558,,,
55120.43508,-0.00167837,,,
55541.36658,0.007607567,,,
55588.83966,0.000854369,,,
55530.89683,-0.00104289,,,
55980.97124,0.008072268,,,
56213.41612,0.004143616,,,
56152.80761,-0.001078767,,,
55984.94367,-0.00299389,,,
55998.28309,0.00023824,,,
56266.13561,0.004771824,,,
56691.8,0.007536724,,,
56625.33233,-0.001173127,,,
56602,-0.000412132,,,
56918.21455,0.005571085,,,
57157.99765,0.004203917,,,
56939.50573,-0.003829921,,,
56705.58951,-0.004116615,,,
56789,0.001469859,,,
56715.82272,-0.001289413,,,
56716.7529,1.64007E-05,,,
56277.11892,-0.007781594,,,
56330.30735,0.00094467,,,
56755.74949,0.007524255,,,
56884.46745,0.00226536,,,
56849.90451,-0.000607784,,,
56860.12212,0.000179713,,,
56650,-0.003702266,,,
56445.44307,-0.003617425,,,
56839.28828,0.006953219,,,
56835.00437,-7.53717E-05,,,
56619.22628,-0.003803796,,,
57066,0.007859878,,,
57465.94924,0.006984092,,,
57490.72635,0.000431069,,,
57315.96746,-0.003044405,,,
57304.65239,-0.000197435,,,
57287.76067,-0.000294814,,,
56824.34894,-0.008122088,,,
56820.22725,-7.25365E-05,,,
57342.0303,0.009141492,,,
57409.41784,0.001174496,,,
57488.66109,0.001379366,,,
57800.78093,0.005414557,,,
57838.32118,0.000649266,,,
57692.21579,-0.002529296,,,
57574.58811,-0.002040965,,,
57713,0.00240116,,,
57612.97689,-0.001734616,,,
57673.694,0.001053324,,,
57902.94187,0.003967033,,,
57938.45018,0.000613051,,,
58000,0.001061767,,,
57719.23139,-0.004852593,,,
57790.97971,0.001242285,,,
57766.26108,-0.000427816,,,
57110.9913,-0.011408297,,,
56980.97316,-0.002279182,,,
57325.99999,0.006036865,,,
57560.99759,0.00409094,,,
57399.70797,-0.002805998,,,
56943,-0.007988448,,,
56892.95044,-0.000879328,,,
56764.27098,-0.002264344,,,
56812.41418,0.000847766,,,
56918.96287,0.001873691,,,
56976.26651,0.001006252,,,
56901.35441,-0.00131566,,,
57094.2903,0.003384973,,,
57029.97312,-0.001127143,,,
57115.08256,0.001491251,,,
56729.9136,-0.006766576,,,
56619.39085,-0.001950127,,,
56570.16214,-0.000869846,,,
56703.50048,0.00235427,,,
56796.90339,0.001645861,,,
56723.2276,-0.001298022,,,
56995.07115,0.004781009,,,
57183.90475,0.00330768,,,
57249.62613,0.001148639,,,
57227.70865,-0.000382914,,,
57045.85513,-0.003182778,,,
57059.52384,0.000239581,,,
56689,-0.006514813,,,
56759.52348,0.001243269,,,
56749.36282,-0.000179028,,,
56719.61365,-0.000524358,,,
56593.73682,-0.002221748,,,
56566,-0.000490224,,,
56612.17723,0.00081601,,,
56567.7791,-0.000784558,,,
56749.13166,0.003200806,,,
56686.70019,-0.001100736,,,
56499.47759,-0.003308227,,,
56543.88788,0.000785721,,,
56207.14803,-0.005973175,,,
55884.5686,-0.00575565,,,
56509.15368,0.011114349,,,
56719.48657,0.003715193,,,
56939,0.003862689,,,
56815.34629,-0.002174049,,,
56512.80915,-0.005339147,,,
56507.91948,-8.65269E-05,,,
56569,0.001080336,,,
56414.90509,-0.002727734,,,
56547.59314,0.002349242,,,
56392.65104,-0.002743791,,,
55595,-0.01424558,,,
55286.26506,-0.005568763,,,
55627.25863,0.006148838,,,
55712.03561,0.001522859,,,
55720.13195,0.000145314,,,
56070.22001,0.006263317,,,
56039.17676,-0.000553803,,,
56261.7572,0.003964005,,,
56490.36264,0.004055015,,,
56277.99588,-0.003766429,,,
56533.99215,0.004538466,,,
56990.14495,0.008036269,,,
57255.36531,0.004642998,,,
57572.41985,0.005522276,,,
57467.41462,-0.001825546,,,
57375.07931,-0.001608034,,,
57485.0142,0.001914241,,,
57544.93655,0.001041857,,,
57456.71122,-0.001534332,,,
57186.62542,-0.004711766,,,
57593.3953,0.007087847,,,
57351.5671,-0.004207728,,,
57377.59664,0.000453756,,,
57326.22242,-0.000895772,,,
57284,-0.0007368,,,
56905.12857,-0.006635883,,,
57086.58834,0.003183739,,,
56958,-0.002255055,,,
56706.0216,-0.004433748,,,
56477.05181,-0.004046013,,,
56500,0.000406245,,,
56710.33608,0.00371585,,,
56527.91017,-0.003221987,,,
56666.70081,0.002452249,,,
56947.58271,0.004944492,,,
56931.3688,-0.000284757,,,
57032.27376,0.001770828,,,
57364.55112,0.005809222,,,
57278.67104,-0.001498215,,,
57186,-0.001619208,,,
57250,0.001118529,,,
57316.19911,0.001155648,,,
57480.7413,0.002866667,,,
57248.20001,-0.004053757,,,
56656.73615,-0.010385312,,,
56356.85342,-0.005307033,,,
56733.47593,0.006660585,,,
56694.87945,-0.000680544,,,
56367,-0.005800016,,,
56255.88108,-0.001973293,,,
56307.77415,0.000922022,,,
56397.65622,0.001594991,,,
56250,-0.00262156,,,
56409.2164,0.002826515,,,
56495,0.001519582,,,
56469,-0.000460324,,,
56624,0.002741109,,,
56715.85513,0.00162088,,,
56698.52587,-0.000305592,,,
56690.71376,-0.000137793,,,
56620.29126,-0.001242995,,,
56429.43164,-0.003376564,,,
56444.851,0.000273213,,,
56874,0.007574222,,,
57029.89267,0.002737269,,,
56874.8785,-0.002721822,,,
56829.41115,-0.000799747,,,
56742,-0.001539316,,,
56633.94758,-0.001906091,,,
56786,0.002681231,,,
56815,0.000510559,,,
56931.71438,0.002052181,,,
56911.34006,-0.000357937,,,
56831.813,-0.001398362,,,
57167.06129,0.005881624,,,
57332.86674,0.002896169,,,
57549.07694,0.003764046,,,
57240.52599,-0.005375952,,,
57271.31385,0.000537724,,,
57448,0.003080323,,,
57305.26935,-0.002487611,,,
57397.84585,0.001614194,,,
57402.96039,8.91027E-05,,,
57589.68312,0.003247562,,,
58900,0.022497652,,,
59300,0.006768215,,,
59352.66057,0.000887643,,,
59380,0.000460521,,,
59589.62661,0.003524039,,,
59620.8107,0.000523177,,,
59850,0.003836746,,,
59791.07192,-0.000985081,,,
59913.97616,0.002053452,,,
60212.28182,0.004966546,,,
60092.08893,-0.001998147,,,
59895,-0.003285172,,,
59749.03281,-0.002440026,,,
59678.02522,-0.001189137,,,
59737.69905,0.00099943,,,
59911.98168,0.002913217,,,
59794,-0.001971192,,,
59960,0.002772352,,,
59907.66579,-0.0008732,,,
59751.45989,-0.002610849,,,
59884.85815,0.002230064,,,
59833.01995,-0.000866006,,,
59593.48399,-0.004011443,,,
59675.06803,0.001368073,,,
59746,0.001187931,,,
59526.20939,-0.003685533,,,
59687.3756,0.002703825,,,
59823.16138,0.002272366,,,
59838.63554,0.000258632,,,
60046,0.003459404,,,
60017.77528,-0.000470162,,,
60297.59457,0.004651439,,,
60030.67256,-0.004436571,,,
60186,0.002584126,,,
60159.5671,-0.000439283,,,
60259,0.001651455,,,
60137.91865,-0.00201137,,,
60291.42955,0.002549395,,,
60652.91405,0.005977718,,,
60741.47788,0.001459109,,,
61114.72196,0.006125995,,,
61254.76089,0.002288789,,,
61622.55673,0.005986409,,,
61581.5272,-0.000666042,,,
61320.20134,-0.004252605,,,
61085.92072,-0.003827928,,,
60789.78435,-0.004859655,,,
61101.89053,0.005121053,,,
60940.17014,-0.002650242,,,
61048.86273,0.001782006,,,
60909.03319,-0.00229308,,,
61071.70867,0.002667234,,,
61286.66427,0.003513545,,,
61425.97094,0.002270455,,,
61365.54891,-0.00098414,,,
61179.99858,-0.003028269,,,
61360.36605,0.002943807,,,
61625.00001,0.00430351,,,
61304.51596,-0.005214122,,,
61254.3047,-0.000819382,,,
61005.97876,-0.004062256,,,
60882.2221,-0.002030659,,,
61061.68362,0.002943348,,,
61078.51487,0.000275605,,,
60975.55922,-0.00168705,,,
60908.71324,-0.001096876,,,
60979.94824,0.001168854,,,
61064.80926,0.001390654,,,
61183.62158,0.001943786,,,
61342.34668,0.002590882,,,
61291.01611,-0.000837139,,,
61358,0.001092286,,,
61189.99033,-0.002741943,,,
61424.83074,0.003830543,,,
61280.6203,-0.002350515,,,
61234,-0.000761057,,,
61237.9128,6.38971E-05,,,
61003.0502,-0.003842622,,,
61100.21987,0.001591598,,,
61073.121,-0.000443613,,,
60799.90168,-0.004483679,,,
60717.2985,-0.001359531,,,
60821.00646,0.001706589,,,
60974.08982,0.002513787,,,
60750.95844,-0.003666158,,,
60902,0.002483156,,,
60757.95556,-0.002367985,,,
60518,-0.003957188,,,
60711.41915,0.003190963,,,
60740,0.000470655,,,
60781,0.000674781,,,
60790.51236,0.00015649,,,
60940.34401,0.002461689,,,
60934,-0.000104107,,,
61003.44365,0.001139005,,,
60915.11543,-0.001448971,,,
60761.84973,-0.002519224,,,
60583.37467,-0.00294161,,,
60368,-0.003561347,,,
60296.65117,-0.001182597,,,
59977.31933,-0.005310086,,,
59680.73599,-0.004957192,,,
59821.07122,0.002348672,,,
60290.68337,0.007819627,,,
60294.00772,5.51371E-05,,,
60381.88633,0.00145644,,,
60350.8033,-0.000514907,,,
60412.8659,0.001027836,,,
60257.94502,-0.002567663,,,
60167.14824,-0.001507938,,,
59850.62382,-0.005274638,,,
59979.07423,0.002143884,,,
60298,0.005303197,,,
60202.52839,-0.001584584,,,
60274.92218,0.001201782,,,
60003.6699,-0.004510408,,,
59956,-0.000794766,,,
60049.27932,0.001554587,,,
59791.02132,-0.004310043,,,
59694.1666,-0.001621201,,,
59969.23826,0.004597431,,,
59800.49438,-0.002817807,,,
59775.80027,-0.000413027,,,
59576.6605,-0.003337006,,,
59822.82121,0.004123319,,,
59931.12977,0.001808852,,,
59772.73218,-0.002646492,,,
59737.121,-0.000595954,,,
60056.83524,0.005337748,,,
60056.99134,2.59925E-06,,,
60175.22978,0.001966835,,,
60154.47039,-0.000345042,,,
60044.47224,-0.001830269,,,
60171.41657,0.00211194,,,
59948.12614,-0.003717808,,,
59922.00626,-0.000435803,,,
59808.44996,-0.001896866,,,
59822.83375,0.000240469,,,
60044.42693,0.003697314,,,
60275.40354,0.003839382,,,
60127.91095,-0.002449977,,,
60028.33033,-0.001657519,,,
59950,-0.001305741,,,
60079.37223,0.002155677,,,
59786.88043,-0.004880312,,,
60098,0.005190317,,,
60196.56083,0.001638659,,,
60205.20878,0.000143651,,,
60584.97422,0.006288039,,,
60446.01728,-0.002296222,,,
59981.72315,-0.007710789,,,
59000.84646,-0.016488111,,,
59379.30098,0.006393907,,,
59870.77136,0.008242732,,,
59780.84154,-0.001503195,,,
59479.62054,-0.005051492,,,
59627.29196,0.002479646,,,
60031,0.006747707,,,
60167.4397,0.002270242,,,
60052.1763,-0.001917548,,,
60162.1748,0.00183004,,,
60239.2821,0.001280837,,,
60198,-0.000685537,,,
60079,-0.001978766,,,
60207,0.002128262,,,
60194.9599,-0.000199998,,,
60281.14727,0.00143078,,,
60358,0.001274093,,,
60462,0.00172157,,,
60368,-0.001555905,,,
60075.75065,-0.004852887,,,
59802.21602,-0.004563559,,,
59616.60485,-0.003108577,,,
59658.18945,0.000697291,,,
59364.04271,-0.004942729,,,
59023.60589,-0.005751238,,,
59299.92949,0.004670653,,,
59198.66703,-0.001709092,,,
58541.91501,-0.011156032,,,
58767.47376,0.003845541,,,
58031.25398,-0.012606807,,,
57864.60736,-0.002875801,,,
58343.8246,0.008247594,,,
57847.0745,-0.008550638,,,
58053.46796,0.003561565,,,
58250.49849,0.003388203,,,
58145,-0.001812759,,,
57823.87745,-0.005538096,,,
57529.87689,-0.005097384,,,
56152.80945,-0.024227696,,,
55512.49598,-0.011468567,,,
55918.617,0.007289218,,,
56260.80697,0.006100781,,,
56162.5635,-0.001747742,,,
55984.28258,-0.003179422,,,
56420.82296,0.007767309,,,
56113.86572,-0.005455349,,,
56199.70116,0.001528497,,,
56442.17638,0.004305248,,,
56193.97133,-0.004407208,,,
55234.4589,-0.017222465,,,
55756.34986,0.009404289,,,
56161.52615,0.007240632,,,
56449.81935,0.005120156,,,
56513.5,0.001127457,,,
56998.93763,0.008553082,,,
56772.9078,-0.003973393,,,
56870.20177,0.001712273,,,
57128.86642,0.004538021,,,
57025.18998,-0.001816431,,,
56866.4732,-0.002787155,,,
56208,-0.011646849,,,
56744.27966,0.009495757,,,
56545.01709,-0.003517769,,,
56109.13973,-0.007738366,,,
56231.46436,0.002177746,,,
56604.22724,0.006607204,,,
56601.36429,-5.05796E-05,,,
56250.94051,-0.006210328,,,
56284.75417,0.000600941,,,
55929.88631,-0.006324826,,,
55527.53854,-0.007219789,,,
55902.26095,0.006725738,,,
56025.9431,0.002210027,,,
56023.75866,-3.89906E-05,,,
56345.49731,0.005726469,,,
56179.42736,-0.002951703,,,
56108.25148,-0.001267742,,,
56174.74431,0.001184379,,,
56407.01231,0.004126216,,,
56436.34954,0.000519964,,,
56583,0.002595141,,,
56704.56719,0.002146171,,,
56795.05058,0.001594427,,,
56537.73863,-0.004540829,,,
56366,-0.003042216,,,
56604.11933,0.004215622,,,
56550,-0.00095656,,,
56721.33123,0.00302515,,,
56720.95482,-6.63623E-06,,,
56580,-0.00248815,,,
56241.82822,-0.005994811,,,
56203.7547,-0.00067719,,,
56148.75946,-0.000978977,,,
56532.32809,0.006808066,,,
56519.71349,-0.000223165,,,
56150,-0.006562807,,,
55638.21084,-0.009156471,,,
55942.52078,0.005454538,,,
54938.12852,-0.018117133,,,
54874.51727,-0.001158541,,,
54079.95994,-0.014585383,,,
53584.00647,-0.009213054,,,
54182.2172,0.011102122,,,
54395.25321,0.003924134,,,
54475.06313,0.001466147,,,
54578.76659,0.001901877,,,
54342.99473,-0.004329203,,,
54600.9303,0.004735208,,,
54564.18871,-0.000673138,,,
54000.65967,-0.010381521,,,
54089.22043,0.001638651,,,
54127.05649,0.000699268,,,
54277.02009,0.002766754,,,
54448.31831,0.003151029,,,
54731.89685,0.005194699,,,
54603.87298,-0.002341849,,,
54425.4803,-0.003272382,,,
54373.9874,-0.000946565,,,
54206.32283,-0.003088308,,,
53700.39162,-0.009377265,,,
54073.9644,0.006932526,,,
54059.06254,-0.000275621,,,
54016.67088,-0.000784481,,,
54693.09897,0.012444821,,,
55060.23869,0.006690295,,,
55274.2159,0.003878707,,,
55004.87482,-0.004884727,,,
55094.24881,0.001623519,,,
55222.08758,0.002317677,,,
55702.47868,0.008661636,,,
55850.11234,0.00264689,,,
55912.79576,0.001121722,,,
55894.25804,-0.000331602,,,
55750.91696,-0.002567799,,,
55830.72777,0.001430537,,,
56046.3012,0.003853762,,,
55903.87296,-0.002544495,,,
55842.62893,-0.001096124,,,
55666.53281,-0.003158418,,,
55721.74607,0.000991366,,,
55829.71796,0.001935823,,,
55715.75248,-0.002043391,,,
55589.50596,-0.002268474,,,
55227.81427,-0.006527734,,,
55455.38355,0.004112089,,,
55262.80413,-0.003478735,,,
55159.43427,-0.001872266,,,
54805.19004,-0.006442899,,,
55085.86396,0.005108233,,,
55302.67991,0.003928238,,,
55587.64116,0.005139527,,,
55300,-0.005187987,,,
55293,-0.00012659,,,
55437.03752,0.002601599,,,
55352.54865,-0.001525213,,,
55577.99734,0.004064688,,,
55644,0.001186863,,,
55740.42468,0.001731386,,,
55499.70915,-0.004327861,,,
55464.70047,-0.000630989,,,
55826.94002,0.006509758,,,
55904.43832,0.001387226,,,
55588.83509,-0.005661401,,,
55734.93029,0.002624692,,,
55667,-0.001219553,,,
55549.67312,-0.00210988,,,
55336.88441,-0.003837958,,,
55111.01776,-0.004090018,,,
55263,0.002753951,,,
55210.28964,-0.000954264,,,
55377.30673,0.003020542,,,
55286,-0.001650172,,,
55332.55983,0.000841809,,,
55242.50486,-0.001628848,,,
55586.10113,0.006200518,,,
55671.58764,0.00153673,,,
55737.44693,0.001182297,,,
56068.43208,0.005920728,,,
56252.47997,0.003277182,,,
56377.81297,0.002225566,,,
56348.03002,-0.000528414,,,
56391.4,0.000769385,,,
56290,-0.001799765,,,
56383.26103,0.001655425,,,
56464.59908,0.001441553,,,
56583.62663,0.002105784,,,
56628.83548,0.000798655,,,
56625.28295,-6.27356E-05,,,
56253.67094,-0.006584281,,,
56330.92937,0.001372451,,,
56286.17713,-0.000794768,,,
56465.23154,0.003176094,,,
56900.99599,0.007687767,,,
56617.77934,-0.004989787,,,
56395.65518,-0.003930939,,,
56456.16772,0.001072425,,,
56525.52948,0.001227841,,,
56417.65618,-0.001910223,,,
56424.52761,0.000121788,,,
56244.6969,-0.003192191,,,
56292.91354,0.000856898,,,
56121.16109,-0.003055713,,,
55976.74049,-0.002576688,,,
55809.18426,-0.002997808,,,
55791.15883,-0.000323035,,,
55973.08439,0.003255526,,,
55824.97875,-0.002649522,,,
55713,-0.002007904,,,
55526.18708,-0.003358764,,,
55655.04726,0.002318021,,,
55531.30941,-0.002225775,,,
55776.97794,0.004414207,,,
55565.0017,-0.003807665,,,
55336.29685,-0.004124481,,,
55621.81028,0.00514634,,,
55713.12928,0.001640438,,,
55979.59849,0.004771478,,,
55906.83036,-0.00130075,,,
56195.62731,0.005152386,,,
56121.21819,-0.001324986,,,
56305.00821,0.003269525,,,
56056.46921,-0.004423925,,,
56017,-0.000704345,,,
55897.88797,-0.002128619,,,
55822.00893,-0.00135838,,,
55739.08094,-0.001486683,,,
55935.16599,0.003511736,,,
55883.08866,-0.000931464,,,
55784.69951,-0.001762177,,,
55764.33866,-0.000365057,,,
55614.51273,-0.002690385,,,
54945,-0.012111503,,,
54802.70523,-0.002593127,,,
54992.74843,0.003461772,,,
55147.75218,0.002814657,,,
55090.45259,-0.00103956,,,
55056.8632,-0.000609899,,,
55004.34765,-0.000954297,,,
54754.28598,-0.004556582,,,
55069.32658,0.005737226,,,
54813.57699,-0.004654956,,,
54306.69134,-0.00929047,,,
54994.02048,0.012577012,,,
55169.75477,0.003190422,,,
55196,0.000475605,,,
55126.98236,-0.001251193,,,
55260.66219,0.002422008,,,
54956.59273,-0.005517652,,,
55119,0.002950834,,,
54753.99185,-0.006644208,,,
54841.30392,0.001593355,,,
54901.86577,0.001103702,,,
54570.2321,-0.006058798,,,
55077.92792,0.009260519,,,
55038.46269,-0.000716791,,,
54753.78541,-0.005185756,,,
54939,0.003376973,,,
55171.31032,0.004219599,,,
55540.86525,0.006675983,,,
55358.92511,-0.003281166,,,
55300,-0.001064986,,,
55225.51763,-0.001347786,,,
55347.63554,0.002208817,,,
55516.55075,0.003047248,,,
55533.66322,0.000308193,,,
56444.53713,0.016269131,,,
56559.91755,0.002042051,,,
57254.81923,0.012211254,,,
57560.41156,0.005323214,,,
57533.76829,-0.000462982,,,
57746.01093,0.003682222,,,
57824.80845,0.001363623,,,
57854.66062,0.000516119,,,
58003.65059,0.002571936,,,
57862.90139,-0.002429506,,,
57924.66372,0.001066821,,,
57715,-0.00362616,,,
57897,0.003148465,,,
58047.12153,0.002589551,,,
58367,0.005495541,,,
58432,0.001113023,,,
58887.7148,0.007768807,,,
58559.31696,-0.005592286,,,
58570.76847,0.000195535,,,
58342.21882,-0.003909744,,,
58586.80392,0.004183486,,,
58524,-0.001072556,,,
58567.47624,0.000742603,,,
58893.02454,0.005543125,,,
59299.35021,0.006875694,,,
59024.51558,-0.004645472,,,
59059,0.000584068,,,
58919.56957,-0.002363658,,,
59108.70311,0.003204888,,,
59033.9002,-0.001266316,,,
58922.74945,-0.001884604,,,
59041.4008,0.002011652,,,
59221,0.003037302,,,
59250,0.000489571,,,
59033.153,-0.003666579,,,
59015.42778,-0.000300304,,,
58899.60383,-0.001964533,,,
58634.47465,-0.004511536,,,
58788.87909,0.002629878,,,
58721.60261,-0.00114503,,,
58864.30314,0.002427172,,,
58900.80659,0.000619937,,,
58762.98589,-0.00234262,,,
58807.56847,0.000758397,,,
58875.30819,0.001151225,,,
59013.16801,0.002338819,,,
58921.7637,-0.001550081,,,
58978.13692,0.00095629,,,
58800,-0.00302496,,,
58714,-0.001463656,,,
58825.77527,0.001901915,,,
58914.37607,0.001505023,,,
58729.27438,-0.003146822,,,
58486.28683,-0.004146001,,,
58138.55511,-0.005963271,,,
58342.67657,0.003504799,,,
58432.16534,0.001532672,,,
58352.22373,-0.001369046,,,
58241.00321,-0.001907839,,,
58009.88678,-0.003976171,,,
58167.77468,0.002718044,,,
58220,0.000897437,,,
58412.30845,0.00329769,,,
58411.22297,-1.85831E-05,,,
58490.37203,0.001354114,,,
58369.29249,-0.002072222,,,
58447.58525,0.001340436,,,
58498.5069,0.000870857,,,
58446.05808,-0.000896986,,,
58255.83174,-0.003260042,,,
58136.16333,-0.0020563,,,
58179.38097,0.00074311,,,
57830.35147,-0.006017263,,,
57777.55257,-0.000913413,,,
57846.13277,0.001186266,,,
58053.8063,0.003583673,,,
58041.1179,-0.000218587,,,
58116.77304,0.001302626,,,
58081.9294,-0.000599725,,,
57823.23676,-0.004463875,,,
57721.32856,-0.001763964,,,
57892.29836,0.002957609,,,
57820.30444,-0.001244358,,,
57870.02863,0.000859608,,,
58092.41523,0.003835498,,,
58372.35066,0.004807222,,,
58995.00036,0.010610371,,,
59490.63572,0.008366217,,,
59613,0.002054754,,,
59784.32613,0.002869851,,,
59786.5792,3.76859E-05,,,
59120.33516,-0.011206262,,,
59448.1,0.005528717,,,
59409.98985,-0.000641271,,,
59339.2718,-0.001191048,,,
59270,-0.001168067,,,
58768.64937,-0.008494737,,,
58567.14554,-0.003434656,,,
58246.15335,-0.00549583,,,
58172.83082,-0.001259632,,,
57988.65258,-0.003171075,,,
57988.4031,-4.30226E-06,,,
58096.75732,0.001866806,,,
57319.14885,-0.013475096,,,
57717.1563,0.006919712,,,
57673.8494,-0.000750611,,,
57627.07578,-0.000811331,,,
57513.56292,-0.001971726,,,
57743,0.003981333,,,
57776.07462,0.000572626,,,
57751.92081,-0.000418146,,,
57919.96635,0.002905557,,,
58075.72881,0.002685661,,,
57877.45724,-0.003419859,,,
57981.19405,0.001790748,,,
57650.13043,-0.005726208,,,
57673.02238,0.000397005,,,
57599.46007,-0.001276321,,,
57759.88797,0.002781361,,,
57662.26013,-0.001691666,,,
57191,-0.008206346,,,
56629.53036,-0.009865956,,,
56846.00744,0.003815401,,,
56835.32598,-0.000187919,,,
57042.92805,0.003646039,,,
57039.74581,-5.57882E-05,,,
57217.04527,0.003103529,,,
57409.65863,0.00336071,,,
57256.7113,-0.002667695,,,
57485,0.003979181,,,
57469.14896,-0.00027578,,,
57381.02901,-0.00153452,,,
57609.04414,0.003965828,,,
57585,-0.000417455,,,
57703.81675,0.002061202,,,
57773.57323,0.001208141,,,
57742.82413,-0.000532376,,,
57925,0.003149986,,,
58177.41535,0.004348157,,,
57879.30379,-0.005137354,,,
57889.17185,0.000170479,,,
57743.64787,-0.002517003,,,
57846.70098,0.001783075,,,
58340.9982,0.00850865,,,
58070.57571,-0.004645981,,,
58113.92085,0.000746143,,,
58063,-0.000876609,,,
58145.37925,0.001417785,,,
58083.14876,-0.00107083,,,
58236.92026,0.002643939,,,
58036.00007,-0.003456013,,,
57809.16539,-0.003916175,,,
58286.61694,0.008225178,,,
58132,-0.002656225,,,
58135.98839,6.86068E-05,,,
58337.93402,0.003467658,,,
58749.32367,0.00702709,,,
58545,-0.003483952,,,
58487.2368,-0.000987133,,,
58297.79078,-0.003244357,,,
58257.88237,-0.000684796,,,
58366.57281,0.00186394,,,
58380.01793,0.00023033,,,
58611.45386,0.003956463,,,
58581.39136,-0.000513043,,,
58617.97042,0.00062422,,,
58586.06392,-0.000544461,,,
58816.78694,0.003930455,,,
58854.87486,0.000647359,,,
59109.81535,0.004322325,,,
58986.42022,-0.002089739,,,
58844,-0.002417377,,,
58435.3364,-0.006969092,,,
58518.59423,0.001423772,,,
58113.12,-0.006953098,,,
58285.03334,0.002953886,,,
58239.24871,-0.000785838,,,
58438,0.003406859,,,
58696.97469,0.004421824,,,
58733.17752,0.000616585,,,
58703.37634,-0.000507528,,,
58821.67566,0.002013177,,,
59027.21895,0.003488255,,,
58975.84656,-0.000870696,,,
58849,-0.002153139,,,
58785.11481,-0.001086168,,,
58828.24968,0.000733503,,,
58870.22095,0.0007132,,,
58804.24952,-0.001121253,,,
58748.04042,-0.000956325,,,
58725.97488,-0.000375667,,,
58856.15591,0.0022143,,,
58544.78915,-0.005304344,,,
58731.92918,0.003191429,,,
58810.26926,0.00133297,,,
58802.47742,-0.0001325,,,
58717.44905,-0.001447046,,,
58775.58177,0.000989552,,,
58860.67709,0.001446754,,,
58846.75002,-0.000236639,,,
59337.03149,0.008296981,,,
58546.9728,-0.013404202,,,
58272.96044,-0.0046912,,,
58376.77633,0.00177996,,,
58610.06779,0.003988342,,,
58608.47709,-2.71407E-05,,,
58617.30116,0.000150548,,,
58657.32823,0.000682621,,,
58368.53071,-0.004935629,,,
58511.2607,0.002442339,,,
58456.85398,-0.000930283,,,
58522.85155,0.001128359,,,
58213.63128,-0.005297761,,,
58185,-0.000491952,,,
58111.05689,-0.001271636,,,
58053,-0.000999567,,,
58238.75314,0.003194608,,,
58306.07598,0.001155312,,,
58419.57747,0.001944757,,,
58668.72684,0.004255758,,,
58572.7439,-0.001637355,,,
58576.03618,5.62069E-05,,,
58642.27201,0.001130128,,,
58759.38161,0.001995025,,,
58837.50323,0.001328634,,,
58745.81289,-0.001559581,,,
58633,-0.001922203,,,
58567.42193,-0.001119076,,,
58478.75606,-0.001515058,,,
58344.20809,-0.002303452,,,
58362.31711,0.000310334,,,
58380.74289,0.000315664,,,
58534,0.002621692,,,
58380.35472,-0.002628341,,,
58290.50907,-0.001540156,,,
58234.92382,-0.000954045,,,
58309.08594,0.001272689,,,
58244.56296,-0.001107181,,,
58185.32151,-0.001017633,,,
58150,-0.000607236,,,
58162.52657,0.000215395,,,
58327.40096,0.002830708,,,
58361.73586,0.000588485,,,
58344.45173,-0.000296199,,,
58346.07662,2.78495E-05,,,
58419.95512,0.001265411,,,
58352.20505,-0.001160381,,,
58417.34872,0.001115765,,,
58631.9,0.003666004,,,
58731.60726,0.001699119,,,
58656.90056,-0.001272811,,,
58722.5942,0.001119338,,,
58708.17206,-0.000245628,,,
58712.66117,7.64618E-05,,,
58727.52239,0.000253086,,,
58788.18554,0.001032426,,,
58796.64446,0.000143878,,,
58705.78557,-0.001546503,,,
58664.74842,-0.000699275,,,
58689.69934,0.000425223,,,
58670.65092,-0.000324614,,,
58848.43891,0.003025689,,,
59042.42373,0.003290925,,,
59245.19229,0.003428402,,,
59110,-0.002284519,,,
58858.04751,-0.004271544,,,
58965.16564,0.001818286,,,
59158.60658,0.003275228,,,
59420.64945,0.004419716,,,
59713.742,0.004920378,,,
59601.87977,-0.001875065,,,
59033.70935,-0.009578488,,,
58949.57262,-0.001426248,,,
59129.39095,0.003045733,,,
59284.21007,0.002614889,,,
59365.01471,0.001362076,,,
59547.99524,0.003077555,,,
59344.00742,-0.003431484,,,
59308.69243,-0.000595267,,,
59215.11582,-0.001579035,,,
58944.58605,-0.004579061,,,
59049.67994,0.001781339,,,
59238.99099,0.003200834,,,
59029.39403,-0.003544433,,,
59096.73882,0.001140218,,,
59189,0.001559972,,,
59217.74779,0.000485577,,,
59133.70252,-0.001420266,,,
59219.77912,0.001454568,,,
59356.71665,0.002309692,,,
59252.50872,-0.001757164,,,
59156.12156,-0.001628043,,,
59297.21325,0.002382234,,,
59271,-0.000442163,,,
59367.03466,0.001618953,,,
59233.89475,-0.002245176,,,
58768.74914,-0.007883688,,,
58461.54945,-0.005240973,,,
58397.43161,-0.001097354,,,
58525,0.002182104,,,
58630.19361,0.0017958,,,
58716.82771,0.001476546,,,
58649.51837,-0.001146996,,,
58729.03739,0.001354916,,,
58709.17725,-0.000338223,,,
58653.1635,-0.000954544,,,
58536.32933,-0.001993937,,,
58535,-2.27098E-05,,,
58435.03448,-0.00170925,,,
58265.37521,-0.002907606,,,
58191.65516,-0.001266047,,,
58075,-0.002006684,,,
58346.03,0.00465604,,,
58514.10935,0.002876592,,,
58422.54159,-0.001566109,,,
58338.96506,-0.001431577,,,
58389.33548,0.000863037,,,
58413.52832,0.000414251,,,
58320.66119,-0.001591087,,,
58172.4288,-0.002544914,,,
58031.00766,-0.002434028,,,
57899,-0.002277369,,,
57707.90577,-0.003305934,,,
57615.58302,-0.00160111,,,
57670.92542,0.000960085,,,
57738.68072,0.001174171,,,
57800,0.00106145,,,
57797.10128,-5.01521E-05,,,
57779.52331,-0.000304179,,,
57258.6983,-0.009054879,,,
57053.44768,-0.003591059,,,
56887.85566,-0.002906622,,,
57061,0.003038986,,,
57107.97296,0.000822867,,,
57084.04973,-0.000419,,,
57138.80911,0.000958817,,,
57075.5785,-0.001107227,,,
57222.38317,0.002568808,,,
57288.94226,0.001162489,,,
57059.56041,-0.004011984,,,
57296.54894,0.004144752,,,
57185.81303,-0.00193455,,,
57107,-0.001379143,,,
57000,-0.001875433,,,
57191,0.003345276,,,
57163.90408,-0.000473892,,,
57121.28949,-0.000745759,,,
57190.79687,0.001216099,,,
57156.28438,-0.000603644,,,
57000,-0.002738079,,,
55960.7427,-0.018400846,,,
56000.2181,0.000705164,,,
56188.89371,0.003363531,,,
56281.03605,0.001638524,,,
56239.07346,-0.000745868,,,
56143.02663,-0.001709291,,,
55974.73826,-0.003001995,,,
56170.68365,0.003494491,,,
56160,-0.000190218,,,
56261.83711,0.001811697,,,
56037.19221,-0.00400084,,,
56001.7,-0.00063357,,,
56185.18443,0.003271052,,,
56173.98002,-0.000199439,,,
56647.81486,0.008399753,,,
57078,0.007565339,,,
56974.41157,-0.001816506,,,
57009.21386,0.000610654,,,
57198.61277,0.003316744,,,
57189.93259,-0.000151766,,,
57196.59557,0.000116499,,,
57164.5816,-0.000559875,,,
57439.67676,0.004800794,,,
57369.97113,-0.001214282,,,
57264.57877,-0.001838754,,,
57176.86336,-0.001532931,,,
57183.61969,0.000118159,,,
57343.88372,0.002798701,,,
57209.62157,-0.002344096,,,
57234,0.000426034,,,
57108,-0.002203915,,,
57168.2467,0.001054405,,,
57280,0.001952906,,,
57252.78762,-0.000475189,,,
57270,0.000300593,,,
57263.83286,-0.000107691,,,
57374.08683,0.001923517,,,
57368,-0.000106096,,,
57620,0.004383073,,,
57480,-0.002432668,,,
57427,-0.000922485,,,
57525.71362,0.001717465,,,
57873.65888,0.006030298,,,
57829,-0.00077196,,,
57722.05072,-0.001851118,,,
57769.4,0.000819962,,,
57717.73522,-0.000894728,,,
57677.0417,-0.000705292,,,
57944.84766,0.004632452,,,
58072.28448,0.002196863,,,
57821.92026,-0.004320572,,,
57767.30103,-0.000945058,,,
57665.3233,-0.001766879,,,
57584.08914,-0.001409711,,,
57185.42706,-0.006947205,,,
57416.73217,0.004036668,,,
57523.40466,0.00185614,,,
57369.42257,-0.002680449,,,
57360.92388,-0.000148151,,,
57096.43719,-0.004621584,,,
56638.47091,-0.008053266,,,
56545.27583,-0.001646793,,,
56583,0.000666927,,,
56455,-0.002264726,,,
56515.94764,0.001078997,,,
56597.68417,0.001445211,,,
56591.96863,-0.000100991,,,
56878.99011,0.005058952,,,
56900.35821,0.000375606,,,
56945,0.000784253,,,
57242.57441,0.00521204,,,
57334.51129,0.001604804,,,
57368,0.000583923,,,
57594.075,0.003933041,,,
57612.52023,0.000320211,,,
57734.83287,0.002120771,,,
57653.32916,-0.001412688,,,
57613.32671,-0.000694085,,,
57573.34875,-0.000694142,,,
57352.68403,-0.003840122,,,
57465.92598,0.001972537,,,
57614.3213,0.00257899,,,
57706.96864,0.001606769,,,
57825.90584,0.002058933,,,
57814.43591,-0.000198373,,,
57691.68422,-0.002125459,,,
57633.77605,-0.001004257,,,
57807.17962,0.003004197,,,
57681.46651,-0.002177065,,,
57590,-0.001586976,,,
57540.67939,-0.000856776,,,
57441,-0.001733831,,,
57244.58844,-0.003425221,,,
57204.36098,-0.000702977,,,
57220,0.000273351,,,
57286.60792,0.00116339,,,
57233.87957,-0.000920855,,,
57371.10164,0.002394698,,,
58024.34376,0.011321922,,,
58078.54683,0.000933708,,,
58044.86832,-0.000580047,,,
57920.53502,-0.002144318,,,
58039.57339,0.002053092,,,
57709.86537,-0.005696942,,,
57812.54311,0.001777625,,,
57743.54717,-0.001194155,,,
57439.55311,-0.005278461,,,
57286.6,-0.002666405,,,
57221.29756,-0.001140576,,,
57291.63263,0.001228422,,,
57335.36673,0.000763068,,,
57195.17695,-0.002448078,,,
56735.43906,-0.008070533,,,
56977.01042,0.004248817,,,
57205.46962,0.004001656,,,
56924,-0.004932472,,,
57090.18547,0.002915174,,,
57000,-0.001580951,,,
56963.84052,-0.000634578,,,
57122.80336,0.002786706,,,
57188.62983,0.001151704,,,
57044.66946,-0.002520464,,,
57125,0.001407214,,,
56780.79774,-0.006043649,,,
56506.85387,-0.004836262,,,
56750.89501,0.004309489,,,
56707.80998,-0.000759484,,,
56854.15739,0.002577403,,,
57069,0.003771715,,,
57093,0.000420455,,,
56935.6691,-0.002759499,,,
56948.85707,0.000231603,,,
56467.95204,-0.008480364,,,
56487.3304,0.000343116,,,
55906.29937,-0.010339309,,,
55838.43306,-0.001214667,,,
55960,0.002174753,,,
55595.99685,-0.00652595,,,
55973.33005,0.006764129,,,
55828.31731,-0.002594109,,,
54930.68982,-0.016209014,,,
54528.49259,-0.00734884,,,
54937.11302,0.007465767,,,
54468.35652,-0.008569213,,,
54600.5988,0.002424931,,,
54573.40973,-0.000498087,,,
54517.5763,-0.001023612,,,
54248.74077,-0.00494337,,,
54202.94343,-0.000844567,,,
54590.65647,0.007127527,,,
54726.01737,0.002476493,,,
54475.92755,-0.004580326,,,
54528.24404,0.000959899,,,
54086.66063,-0.00813122,,,
54593.45018,0.009326329,,,
54587.08968,-0.000116513,,,
54556.45319,-0.000561398,,,
54677.99966,0.002225425,,,
54648.73949,-0.000535279,,,
54825.00007,0.003220146,,,
55155.55733,0.006011213,,,
55133.20262,-0.000405385,,,
54926.15139,-0.003762542,,,
54822.23773,-0.001893671,,,
54950.79207,0.002342185,,,
54573.17,-0.006895725,,,
54556.88151,-0.000298515,,,
54604.6386,0.00087498,,,
54477.04148,-0.00233948,,,
54665.30652,0.003449903,,,
54575,-0.001653356,,,
54261.94976,-0.005752662,,,
54385.95855,0.002282765,,,
54410.69008,0.000454638,,,
54133.99516,-0.005098278,,,
53375.25549,-0.014115107,,,
53393.83999,0.000348125,,,
53468.76697,0.001402305,,,
53259.03282,-0.003930268,,,
53695.10033,0.008154335,,,
53385.45873,-0.005783355,,,
53306.72389,-0.001475925,,,
53622.61865,0.005908494,,,
53805.83304,0.003410913,,,
53934.45046,0.002387547,,,
54184.761,0.004630278,,,
54037.56914,-0.002720177,,,
53933,-0.001936994,,,
54272.82291,0.006281067,,,
54306.98687,0.000629288,,,
54372.51278,0.001205856,,,
54358.20396,-0.000263197,,,
54375.04313,0.000309734,,,
54620.28617,0.004500073,,,
54578.78672,-0.00076007,,,
54483.80038,-0.001741869,,,
54576.95383,0.001708286,,,
54701.49667,0.002279368,,,
54611.02422,-0.001655299,,,
54696.88361,0.001570964,,,
54575.29292,-0.002225466,,,
54225.77567,-0.006424908,,,
55037.50352,0.014858474,,,
55106.41993,0.001251388,,,
55008.87784,-0.001771636,,,
55098.33026,0.001624824,,,
55196.16871,0.001774132,,,
55274.60672,0.001420068,,,
55351.59251,0.001391819,,,
55260.96221,-0.001638699,,,
55281.16677,0.000365554,,,
54944,-0.006117801,,,
54902.9383,-0.000747617,,,
55152.73134,0.004539402,,,
55089.33582,-0.001150115,,,
55001,-0.001604788,,,
55198.17976,0.00357861,,,
55162.96854,-0.000638109,,,
54963.94182,-0.003614502,,,
55560.63169,0.01079752,,,
55473.22634,-0.001574391,,,
55550.8814,0.001398887,,,
55629.4276,0.001412952,,,
55617,-0.000223425,,,
55527.21989,-0.001615561,,,
55700.22781,0.003110888,,,
55649.52721,-0.000910655,,,
55790.22416,0.002525078,,,
55633.54141,-0.002812378,,,
55379.44693,-0.004577751,,,
55444.20266,0.001168627,,,
54930.12809,-0.009315178,,,
54953.15984,0.000419204,,,
55011.98933,0.001069966,,,
54784.37972,-0.004146037,,,
54904.62664,0.002192507,,,
54840.75298,-0.001164034,,,
54448.53599,-0.007177623,,,
54428.20639,-0.000373443,,,
54268.33919,-0.002941534,,,
54495,0.004167969,,,
54639.39314,0.002646154,,,
54669.43612,0.00054969,,,
54711.53655,0.000769794,,,
54705.52882,-0.000109813,,,
54381.243,-0.005945483,,,
54705,0.005935816,,,
54699.22649,-0.000105545,,,
54431.36598,-0.004909,,,
54376.24805,-0.001013126,,,
54125.80698,-0.004616346,,,
53826.09256,-0.005552754,,,
53926.5226,0.001864086,,,
53705.18939,-0.004112794,,,
53917.02853,0.003936723,,,
54322.61201,0.007494211,,,
54197.38607,-0.002307888,,,
54467.22634,0.00496649,,,
54606.61511,0.002555862,,,
54518.33155,-0.001618027,,,
54508.68809,-0.0001769,,,
54420.0683,-0.001627115,,,
54336.51132,-0.001536587,,,
54457.41315,0.002222585,,,
54626.64185,0.003102724,,,
54352.2755,-0.00503523,,,
54347.07822,-9.56267E-05,,,
54389.62135,0.000782498,,,
54257,-0.002441335,,,
54117.10858,-0.002581641,,,
53989.73961,-0.002356355,,,
54128,0.002557591,,,
54223.19807,0.001757214,,,
54141.07371,-0.001515709,,,
53813.81077,-0.006062976,,,
53880,0.001229212,,,
54744.47576,0.015917113,,,
54666.73327,-0.001421107,,,
55440.55774,0.014056058,,,
55164.00998,-0.005000668,,,
55404.0192,0.004341392,,,
55501,0.001748899,,,
55913.3916,0.007402876,,,
56155.24245,0.004316127,,,
56252.61487,0.001732485,,,
56252.20986,-7.19989E-06,,,
56619.1165,0.006501349,,,
56523.31313,-0.001693501,,,
56460.60394,-0.001110055,,,
56411.49232,-0.000870217,,,
56286.07996,-0.002225645,,,
56148.16389,-0.002453276,,,
56548.65074,0.007107362,,,
56440.53619,-0.001913716,,,
56429,-0.000204416,,,
56440,0.000194916,,,
56442.04277,3.6193E-05,,,
56600,0.002794665,,,
56888.54842,0.005085078,,,
56814.44726,-0.001303416,,,
56890,0.001328932,,,
56920,0.000527194,,,
56884,-0.000632667,,,
56969.67093,0.001504931,,,
56800,-0.002982712,,,
56761.88391,-0.000671283,,,
56837.49356,0.001331163,,,
56595.62613,-0.0042645,,,
56670.99671,0.001330853,,,
56519.40089,-0.0026786,,,
56579.97351,0.00107114,,,
56327.3524,-0.004474847,,,
56088.20243,-0.004254755,,,
56311.89176,0.003980239,,,
56143.00779,-0.003003588,,,
55860,-0.005053586,,,
55947.06092,0.001557342,,,
55763.20177,-0.003291717,,,
55758.61015,-8.23448E-05,,,
55972.7531,0.00383318,,,
56273.6082,0.005360634,,,
56140,-0.002377083,,,
56118.50919,-0.000382881,,,
55919.9728,-0.003544079,,,
55557.27242,-0.006507187,,,
55396.4152,-0.00289954,,,
55490,0.00168794,,,
55205.66001,-0.00513734,,,
54739.7362,-0.0084756,,,
54774.71429,0.000638785,,,
54300,-0.008704442,,,
53761.64651,-0.009963904,,,
53930.26485,0.003131498,,,
54080.32211,0.002778567,,,
54044.8521,-0.000656091,,,
54000,-0.00083025,,,
53917.2103,-0.001534319,,,
53721.98997,-0.003627313,,,
53151.92439,-0.010668103,,,
52460.9054,-0.013086078,,,
52635.39174,0.003320507,,,
52564.44137,-0.001348869,,,
52707.08505,0.002710016,,,
52744.65507,0.000712554,,,
52911.73217,0.003162653,,,
52319.80548,-0.011250105,,,
52710.88306,0.007446955,,,
52724.94468,0.000266733,,,
52427.61633,-0.005655195,,,
52625.76796,0.003772403,,,
52427,-0.003784159,,,
52434.43093,0.000141729,,,
52586.93508,0.002904252,,,
51839.68403,-0.014311749,,,
51877.97458,0.000738361,,,
52235.1128,0.00686061,,,
52400.13771,0.003154292,,,
52244.13376,-0.002981607,,,
52295.96059,0.000991521,,,
51983.42425,-0.005994229,,,
51972.52141,-0.000209759,,,
52174.10789,0.00387121,,,
52354.7496,0.003456307,,,
52410.04475,0.001055606,,,
52363.70928,-0.000884486,,,
52253.89906,-0.002099269,,,
52487.36728,0.004458006,,,
52810.22293,0.006132271,,,
52673.84403,-0.002585774,,,
52690.23646,0.000311158,,,
53163.55236,0.008942884,,,
53023.02248,-0.00264685,,,
52875.22698,-0.002791275,,,
52973.18947,0.001850996,,,
53080.44656,0.002022696,,,
52841.40576,-0.004513539,,,
52776.767,-0.001224009,,,
52234.74722,-0.010323146,,,
52420.72695,0.003554137,,,
52345.61941,-0.001433811,,,
52738.96383,0.007486279,,,
52605.62586,-0.002531464,,,
52458.1337,-0.002807672,,,
52790.08804,0.006308049,,,
52673.94408,-0.002202533,,,
52888,0.004055556,,,
52654.30785,-0.004428414,,,
52886.10397,0.004392564,,,
52869.93926,-0.000305698,,,
52944.82133,0.001415343,,,
52934.97006,-0.000186084,,,
52740.75994,-0.00367559,,,
52513.22205,-0.004323604,,,
52161.58554,-0.006718672,,,
51236.34434,-0.017897184,,,
50882.72017,-0.00692575,,,
50989.30841,0.002092592,,,
51093.83537,0.00204788,,,
50594.5912,-0.009819174,,,
51055.42243,0.00906708,,,
51805.28596,0.014580433,,,
51614.07009,-0.003697878,,,
51921.41055,0.005936928,,,
51702.8373,-0.00421858,,,
51407.77649,-0.005723205,,,
51286.19232,-0.002367894,,,
50735.84015,-0.010788993,,,
50970.25853,0.004609729,,,
51276.64832,0.005993154,,,
50998.23941,-0.005444339,,,
51314.05711,0.006173622,,,
50775.90383,-0.010542824,,,
51243.49139,0.009166705,,,
51315.81739,0.001410423,,,
51769.17715,0.008795901,,,
51634.73455,-0.00260034,,,
51740.41787,0.002044657,,,
51642.83215,-0.001887845,,,
51614.03631,-0.000557752,,,
51731.29952,0.002269348,,,
52401.76476,0.012877264,,,
52223.31083,-0.003411306,,,
52113.933,-0.002096622,,,
51875.23367,-0.004590858,,,
52051.70507,0.00339607,,,
52155.61745,0.00199434,,,
52449,0.005609376,,,
52217.07007,-0.004431815,,,
52074.81106,-0.002728095,,,
51993.19417,-0.00156853,,,
52185.70131,0.003695707,,,
52106.60603,-0.0015168,,,
52292.55068,0.003562191,,,
52422.20002,0.00247624,,,
52571.77437,0.002849201,,,
52518.43663,-0.001015085,,,
52129.22374,-0.007438574,,,
51716.96809,-0.007939777,,,
51893.64632,0.003410431,,,
51683.01681,-0.004067129,,,
51277.05694,-0.007885814,,,
51328.05852,0.000994133,,,
51823.3769,0.009603787,,,
51868.45864,0.000869533,,,
51969.30981,0.001942476,,,
52076.05697,0.002051936,,,
52214.73918,0.002659531,,,
52132.91573,-0.001568286,,,
52190.09426,0.001096183,,,
52257.71325,0.00129479,,,
52101.93772,-0.002985362,,,
51803.88379,-0.005737017,,,
51673.3993,-0.002521994,,,
51687.52301,0.000273289,,,
51984.36583,0.005726598,,,
52382.84587,0.007636153,,,
52540.68189,0.003008594,,,
52436,-0.001994384,,,
52302.44261,-0.002550304,,,
52215.91719,-0.001655698,,,
52389.93918,0.003327197,,,
52687.73037,0.005668036,,,
52814.9047,0.002410829,,,
52646,-0.003203175,,,
52660.47237,0.000274862,,,
52809.78836,0.002831435,,,
52735.27921,-0.001411893,,,
52648,-0.001656415,,,
52636.03793,-0.000227234,,,
52545.26344,-0.001726058,,,
52477.68889,-0.001286853,,,
52571.54465,0.001786891,,,
53167.90046,0.011279842,,,
53579.89977,0.007719154,,,
53510,-0.001305441,,,
53627.66129,0.002196451,,,
53435.79599,-0.003584146,,,
53340,-0.001794339,,,
53508.88615,0.003161218,,,
53572.67874,0.001191477,,,
53322.33401,-0.004683945,,,
53309,-0.000250096,,,
53264.54081,-0.000834338,,,
53526.69007,0.004909575,,,
53355.78308,-0.003198039,,,
53383.03662,0.000510659,,,
53285,-0.001838164,,,
53064.32681,-0.004149975,,,
52926.97112,-0.002591831,,,
52689.23444,-0.004501906,,,
53189,0.009440453,,,
52906,-0.005334854,,,
52859.81829,-0.000873282,,,
52992.14186,0.002500164,,,
53097.74943,0.001990908,,,
52758.51181,-0.006409423,,,
53239.77905,0.009080723,,,
53311.54793,0.001347123,,,
53203.24821,-0.002033516,,,
53260.2027,0.001069935,,,
53183,-0.00145059,,,
53412.19328,0.004300262,,,
53339.02087,-0.001370896,,,
53302.60335,-0.000682989,,,
53354.89285,0.000980512,,,
53280.29883,-0.001399051,,,
53416.35251,0.002550291,,,
53704.56462,0.005381074,,,
53821.45501,0.00217418,,,
53790.19086,-0.000581055,,,
53594.75865,-0.003639848,,,
53673.91026,0.001475764,,,
53729.70383,0.001038951,,,
53823.49495,0.001744088,,,
53658.33874,-0.003073195,,,
53750.5411,0.001716848,,,
53639.91581,-0.002060245,,,
53680.96097,0.000764905,,,
53659.84726,-0.000393396,,,
53645.37465,-0.000269746,,,
53612.0567,-0.000621271,,,
53760.79051,0.002770419,,,
54173.57087,0.007648767,,,
53829,-0.006380812,,,
54068.40093,0.004437573,,,
53969.16008,-0.001837155,,,
54067,0.001811244,,,
54270,0.00374757,,,
54466,0.003605066,,,
54567,0.001852651,,,
54614.14835,0.000863672,,,
54652.97852,0.000710738,,,
54469.67571,-0.003359577,,,
54386.20782,-0.001533549,,,
54443.00268,0.001043743,,,
54760.61984,0.005816988,,,
54717.03832,-0.000796172,,,
55016.76872,0.005462877,,,
55468.85564,0.008183679,,,
55179.7878,-0.00522498,,,
54992.35185,-0.003402605,,,
54735.28035,-0.004685638,,,
54947.13401,0.003863043,,,
54841.02479,-0.001932982,,,
54789.33938,-0.000942903,,,
54709.38791,-0.001460318,,,
54807.1294,0.001784964,,,
54652.33812,-0.002828287,,,
54785.84132,0.002439793,,,
54758.36499,-0.000501648,,,
54596,-0.002969522,,,
54681.07992,0.001557141,,,
54699.61382,0.000338888,,,
54770.25728,0.001290647,,,
54964.41639,0.003538705,,,
55133.02432,0.003062888,,,
55140.14453,0.000129138,,,
54972.56818,-0.003043726,,,
54775,-0.003600415,,,
54867.88003,0.001694229,,,
55000,0.002405071,,,
55173.66815,0.003152628,,,
55025,-0.002698186,,,
55164.8063,0.002537555,,,
55096.73064,-0.001234804,,,
55014.48539,-0.001493858,,,
55001.18769,-0.000241742,,,
55044.76531,0.00079199,,,
54868.10564,-0.003214543,,,
54958.60558,0.00164805,,,
54893.57909,-0.001183891,,,
54779.48165,-0.002080684,,,
54842.31557,0.001146376,,,
54907.28144,0.001183893,,,
54831.21079,-0.001386399,,,
54860.96409,0.000542487,,,
54882.21763,0.000387332,,,
55000,0.002143794,,,
54971.03312,-0.000526809,,,
54941.14853,-0.00054379,,,
54823.7076,-0.002139865,,,
54682.40128,-0.002580795,,,
54397.55472,-0.005222723,,,
54607.78399,0.003857234,,,
54589.514,-0.000334623,,,
54445.15609,-0.002647928,,,
54101.88802,-0.006324801,,,
54174.91553,0.001348904,,,
54154.5456,-0.000376074,,,
54278.32487,0.002283059,,,
54261.73467,-0.000305697,,,
54259,-5.0399E-05,,,
54098.66051,-0.002959451,,,
54734.80969,0.011690456,,,
54576.51682,-0.002896186,,,
54453.382,-0.002258736,,,
54570.66995,0.002151598,,,
54638.92474,0.001249978,,,
54773.4544,0.002459132,,,
54941.15378,0.003057013,,,
54763.00827,-0.003247747,,,
54966.37389,0.00370668,,,
55631.26541,0.012023756,,,
55558.81179,-0.001303239,,,
55673.59328,0.002063815,,,
56159.16317,0.008683913,,,
56044.07366,-0.002051448,,,
56069.69524,0.000457064,,,
56051.77514,-0.000319655,,,
56050,-3.16701E-05,,,
55848,-0.003610435,,,
55664.56745,-0.003289902,,,
55610.25491,-0.000976188,,,
55729.68605,0.002145343,,,
55862.70118,0.002383947,,,
55790.76335,-0.001288591,,,
55797.96264,0.000129033,,,
55780.76923,-0.000308184,,,
55841.77468,0.001093067,,,
55800.35102,-0.000742079,,,
55807.78617,0.000133237,,,
55867.64933,0.001072092,,,
55760.89928,-0.001912595,,,
55772,0.000199057,,,
56010.2862,0.004263405,,,
56433.99776,0.007536418,,,
56312,-0.002164118,,,
56136,-0.003130338,,,
56210.13936,0.001319838,,,
56357.39836,0.002616369,,,
56170,-0.003330718,,,
56130.96144,-0.000695249,,,
56029.54814,-0.001808361,,,
55855.27481,-0.00311523,,,
55851.79883,-6.22339E-05,,,
55732.26328,-0.002142521,,,
55683.89655,-0.000868218,,,
56000,0.005660696,,,
55895.54874,-0.001866943,,,
55995.20924,0.00178139,,,
56084.36268,0.001590896,,,
56084.91857,9.91156E-06,,,
55972.07292,-0.002014077,,,
55764.06016,-0.00372329,,,
55871,0.001915883,,,
55795.14177,-0.001358662,,,
55855,0.001072247,,,
55945.7,0.00162253,,,
55934.65125,-0.00019751,,,
56058.87704,0.002218447,,,
56183.80748,0.002226078,,,
56357.02917,0.003078382,,,
56213.07471,-0.002557598,,,
56279.99286,0.001189729,,,
56165.19786,-0.002041796,,,
56332.5127,0.002974549,,,
56220,-0.001999293,,,
56271,0.000906739,,,
56111,-0.002847433,,,
56086.05639,-0.000444639,,,
55910.50093,-0.003135018,,,
55930.69974,0.000361205,,,
55964.076,0.000596565,,,
55978,0.000248772,,,
56158.61691,0.003221375,,,
56197,0.000683243,,,
56152.49624,-0.000792238,,,
56066,-0.001541569,,,
56095.97997,0.000534584,,,
56283.26578,0.003333106,,,
56398.35922,0.002042808,,,
56200,-0.003523309,,,
56276.20842,0.001355103,,,
56074.75246,-0.003586194,,,
55907.07821,-0.002994671,,,
55800.7329,-0.001903991,,,
55956.21383,0.002782485,,,
56091.63133,0.002417138,,,
55990.9,-0.00179745,,,
55980.09698,-0.000192961,,,
55905.2,-0.001338817,,,
55786.01019,-0.002134275,,,
55670.39066,-0.002074705,,,
55453.08716,-0.003911033,,,
55520,0.001205929,,,
55511.51843,-0.000152778,,,
55625,0.002042202,,,
55711.89625,0.001560961,,,
55810.44519,0.00176734,,,
55781.5,-0.000518768,,,
55691.67613,-0.001611578,,,
55578.53844,-0.002033567,,,
55658.5447,0.001438482,,,
55789,0.002341108,,,
55738.57661,-0.000904232,,,
56176.38793,0.00782404,,,
56157.55919,-0.000335228,,,
56339.40092,0.003232832,,,
56099.13441,-0.004273746,,,
56246,0.002614544,,,
56265.89793,0.000353704,,,
56276,0.000179525,,,
56147.3209,-0.00228919,,,
56000.78221,-0.002613308,,,
55939.06293,-0.001102722,,,
55982.29327,0.000772513,,,
55733.72091,-0.004450083,,,
55608.77917,-0.002244279,,,
55626.53774,0.000319297,,,
55204.76017,-0.0076112,,,
54863.61802,-0.006198751,,,
54942.69861,0.001440365,,,
55149.41079,0.003755263,,,
55210.33967,0.001104187,,,
54893.11735,-0.005762275,,,
55180.85027,0.005228004,,,
55056.64009,-0.002253503,,,
54864.47004,-0.003496512,,,
54863.48734,-1.79116E-05,,,
55006.55088,0.002604234,,,
55054.6682,0.000874374,,,
55156.44596,0.00184696,,,
55329.77847,0.003137634,,,
55528.81974,0.003590907,,,
55333.97268,-0.003515106,,,
55632.92679,0.00538818,,,
55674.05512,0.000739007,,,
55731.30928,0.001027853,,,
55696.89198,-0.000617748,,,
55773.96212,0.001382786,,,
55838.66157,0.001159357,,,
55813.65931,-0.000447859,,,
55679,-0.002415574,,,
55400.77049,-0.005009555,,,
55151.1772,-0.004515411,,,
55181.7911,0.000554937,,,
55109,-0.001319985,,,
55250,0.002555298,,,
55304.03036,0.000977447,,,
55492.38714,0.003400055,,,
55418.42777,-0.001333673,,,
55359.47228,-0.001064391,,,
55421.79812,0.001125205,,,
55511.16943,0.001611267,,,
55510.73967,-7.74177E-06,,,
55372,-0.002502459,,,
55277.81097,-0.001702471,,,
55195.23383,-0.001494974,,,
55319.76362,0.002253628,,,
55349.4945,0.000537292,,,
55167.65,-0.003290796,,,
55081.93105,-0.001554998,,,
55004.56797,-0.001405497,,,
55046.60853,0.000764018,,,
55225.12508,0.00323776,,,
55290.94606,0.001191157,,,
55345.30736,0.000982703,,,
55392.3145,0.000848982,,,
55702.98539,0.005592886,,,
55941.87467,0.004279456,,,
56073.13544,0.002343629,,,
55909.39566,-0.002924383,,,
56181.58371,0.004856565,,,
56267.51408,0.001528343,,,
56213.78355,-0.000955368,,,
57084.905,0.015377735,,,
57084.77074,-2.35192E-06,,,
57345.6,0.00455875,,,
57675.88563,0.005743041,,,
57918.66443,0.004200529,,,
58130.34082,0.003648056,,,
58021.57878,-0.001872755,,,
57990,-0.000544407,,,
57979,-0.000189706,,,
57853.99953,-0.002158289,,,
57735.3966,-0.002052143,,,
57839.74566,0.001805736,,,
57824.60577,-0.00026179,,,
58123.88602,0.005162308,,,
58041.54156,-0.00141771,,,
58136,0.001626105,,,
58008.31131,-0.002198795,,,
57869.63123,-0.002393556,,,
58008.31131,0.002393556,,,
58067,0.001011217,,,
57964.03281,-0.001774822,,,
58059,0.001637041,,,
58029,-0.000516849,,,
58104,0.001291623,,,
58100.73338,-5.62218E-05,,,
57741.74513,-0.006197889,,,
57499.03328,-0.004212263,,,
57615.35285,0.00202094,,,
57666.35069,0.000884752,,,
57617.9733,-0.000839271,,,
57489.7933,-0.002227131,,,
57776.00217,0.004966078,,,
57600,-0.003050934,,,
58249.0412,0.011205064,,,
57925.30432,-0.005573308,,,
57852.34275,-0.001260374,,,
57894,0.000719802,,,
57742.59047,-0.002618715,,,
57850.6689,0.001869979,,,
57746.77939,-0.001797437,,,
57793.18413,0.000803267,,,
57679.52356,-0.001968614,,,
57726.34453,0.000811414,,,
57569.24445,-0.002725172,,,
57643.16488,0.001283203,,,
57424,-0.003809343,,,
57427.79166,6.6027E-05,,,
57430.45595,4.63927E-05,,,
57262.70592,-0.002925199,,,
57369.03796,0.001855194,,,
57394.81963,0.000449299,,,
57558.35562,0.002845265,,,
57559.63881,2.22936E-05,,,
57870.50201,0.005386183,,,
57744.08345,-0.002186897,,,
57648.36175,-0.001659064,,,
57748.81366,0.001740977,,,
57647.1109,-0.001762676,,,
57510.00001,-0.002381285,,,
57629.8819,0.00208237,,,
57620.80945,-0.000157438,,,
57460.5814,-0.002784606,,,
57644,0.003186993,,,
57745.50359,0.001759321,,,
57528.42056,-0.00376639,,,
57549.15281,0.000360318,,,
57374.33434,-0.003042348,,,
57320.47128,-0.000939242,,,
57408.97182,0.00154277,,,
57278.87846,-0.002268652,,,
57337.9056,0.001029991,,,
57437,0.001726761,,,
57288.13965,-0.00259508,,,
57311,0.000398962,,,
57256.37119,-0.000953654,,,
57250.9354,-9.49423E-05,,,
57192.24261,-0.001025711,,,
57201.21572,0.000156881,,,
57431.534,0.004018373,,,
57611.08397,0.003121454,,,
57582.17379,-0.000501942,,,
57476.80724,-0.001831523,,,
57478.9085,3.65576E-05,,,
57603.14867,0.002159159,,,
57665.62099,0.001083942,,,
57638.83763,-0.000464568,,,
57780.63035,0.002457,,,
57804.79664,0.000418155,,,
58050.34262,0.004238851,,,
58013.78134,-0.000630019,,,
58120.69569,0.001841217,,,
58171,0.00086514,,,
58091.90472,-0.001360628,,,
58079.46742,-0.00021412,,,
57906.8407,-0.002976676,,,
57916.54405,0.000167554,,,
57941.41816,0.00042939,,,
57999.82102,0.001007456,,,
58042.65267,0.000738206,,,
58753.37611,0.012170486,,,
58842.27776,0.001511989,,,
59092.90915,0.004250331,,,
59124,0.000525997,,,
58664.09368,-0.007809086,,,
58869.97708,0.003503386,,,
59021.73468,0.002574527,,,
58989.08918,-0.000553263,,,
59023,0.000574701,,,
59220.15874,0.003334805,,,
59202.51887,-0.000297914,,,
59062,-0.00237635,,,
59191.05459,0.002182686,,,
59125.88423,-0.001101624,,,
58918.78408,-0.003508847,,,
59096,0.003003286,,,
58953.28716,-0.002417853,,,
58897.23006,-0.000951325,,,
58774.01979,-0.002094145,,,
58901.23674,0.002162171,,,
58926.16951,0.000423208,,,
58860.6,-0.00111336,,,
58790.83204,-0.001186011,,,
58744.125,-0.000794777,,,
58742.34799,-3.02504E-05,,,
58548.22264,-0.003310164,,,
58690.8124,0.002432463,,,
58694.54816,6.36496E-05,,,
58669.26865,-0.000430789,,,
58673.01355,6.38287E-05,,,
58705.88308,0.000560059,,,
58780.51365,0.001270455,,,
58775,-9.3805E-05,,,
58692.76014,-0.001400212,,,
59031.44873,0.005753949,,,
58990.13024,-0.000700185,,,
58860.09864,-0.002206727,,,
58845.71821,-0.000244345,,,
58725.98357,-0.002036794,,,
58848,0.002075569,,,
58845.37424,-4.46204E-05,,,
59040,0.003301952,,,
58533.07992,-0.008623117,,,
58500,-0.000565309,,,
58673.06644,0.002954033,,,
58610.60255,-0.001065176,,,
58675.60293,0.001108406,,,
58673.7109,-3.22461E-05,,,
58663.91177,-0.000167025,,,
58716.99771,0.000904507,,,
58850,0.00226258,,,
58783.30608,-0.001133929,,,
58700,-0.001418178,,,
58678.80647,-0.000361113,,,
58690,0.000190741,,,
58702,0.000204443,,,
58562.24241,-0.002383636,,,
58748,0.003166948,,,
58867.72811,0.002035921,,,
58723.37082,-0.002455243,,,
58909.11177,0.00315799,,,
59010.01109,0.001711331,,,
58911.05235,-0.00167839,,,
58955.27927,0.000750459,,,
58927.73479,-0.000467319,,,
58887.9554,-0.000675282,,,
58761.10256,-0.002156463,,,
58836.19112,0.001277046,,,
58782.71565,-0.000909301,,,
58670,-0.001919337,,,
58630.81756,-0.000668068,,,
58576.02479,-0.000934976,,,
58429.23246,-0.002509159,,,
58614.44985,0.00316493,,,
58697.25886,0.001411778,,,
58624.37739,-0.001242422,,,
58634.66947,0.000175544,,,
58724.36172,0.001528511,,,
58632.29894,-0.00156894,,,
58577,-0.000943593,,,
58550,-0.000461038,,,
58700.19789,0.002562008,,,
58699.20188,-1.6968E-05,,,
59369.37993,0.011352474,,,
59600,0.00387697,,,
59691.78235,0.001538788,,,
59575,-0.001958339,,,
59380.35276,-0.003272613,,,
59405.42439,0.000422132,,,
58136,-0.021600449,,,
57741.68162,-0.006805796,,,
57818.18051,0.00132397,,,
57773.28152,-0.000776856,,,
57977.04534,0.003520751,,,
58188.23428,0.003636012,,,
58088.11545,-0.001722085,,,
57930,-0.002725705,,,
57979.11889,0.000847541,,,
57919.91645,-0.001021621,,,
57473.31061,-0.007740629,,,
57669.47072,0.003407253,,,
57726.73844,0.000992541,,,
57872.21782,0.002516968,,,
57947.03751,0.001292008,,,
58036.55954,0.001543702,,,
58014.671,-0.000377222,,,
57906.18084,-0.001871798,,,
58126.431,0.003796354,,,
58179.38752,0.000910643,,,
58165.03502,-0.000246724,,,
58200,0.000600953,,,
58471.62582,0.004656253,,,
58655.34272,0.003137058,,,
58579.35353,-0.00129636,,,
58440.25102,-0.002377423,,,
58549.21271,0.001862761,,,
58702,0.002606154,,,
58604,-0.001670844,,,
59150.90443,0.009288927,,,
59104.01125,-0.000793086,,,
59056.30995,-0.0008074,,,
59315,0.00437083,,,
59237.35231,-0.001309931,,,
59316.75743,0.001339559,,,
59135.2597,-0.003064496,,,
58984.12862,-0.002558956,,,
59096.71695,0.001906971,,,
58910.34443,-0.00315867,,,
59171.49524,0.004423224,,,
59233.93405,0.001054661,,,
59206.76201,-0.00045883,,,
59355.92332,0.002516161,,,
59344.40368,-0.000194096,,,
59312.62404,-0.000535655,,,
59462.03913,0.002515944,,,
59520,0.000974279,,,
59071.49593,-0.007563885,,,
58589.2124,-0.008197915,,,
58489,-0.001711889,,,
58943.24581,0.007736343,,,
58990,0.000792892,,,
58934.2324,-0.000945821,,,
58894.57106,-0.000673203,,,
58888,-0.000111579,,,
58833.42966,-0.00092711,,,
58964.62431,0.002227451,,,
58751.71066,-0.003617406,,,
58704.92455,-0.000796653,,,
58701.87028,-5.20288E-05,,,
58618.36772,-0.001423498,,,
58690.88638,0.001236367,,,
58778.39214,0.00148985,,,
58795.0509,0.000283376,,,
58743.33752,-0.00087994,,,
58975.09169,0.003937437,,,
58913.72244,-0.001041138,,,
59007.69848,0.001593876,,,
59209.42341,0.00341279,,,
59221.10032,0.000197194,,,
59121.47865,-0.001683615,,,
58994.62383,-0.002147969,,,
59207,0.00359346,,,
59144.85445,-0.001050183,,,
59062.42903,-0.001394591,,,
59112.58509,0.000848844,,,
59064.90278,-0.000806961,,,
59058.57667,-0.00010711,,,
58978.73116,-0.001352886,,,
59062.3266,0.001416379,,,
59109.96778,0.0008063,,,
59113.52359,6.0154E-05,,,
59086.26018,-0.000461311,,,
59041.76354,-0.000753363,,,
58890.48509,-0.002565516,,,
58790.05389,-0.001706845,,,
58849,0.001002152,,,
58830.90338,-0.000307557,,,
58770.80126,-0.00102213,,,
58944.12872,0.00294487,,,
58911,-0.000562194,,,
58916.94614,0.000100929,,,
58728.88668,-0.003197047,,,
58686.17412,-0.000727548,,,
58874.24005,0.00319948,,,
58795.19999,-0.001343426,,,
58816.26492,0.000358212,,,
59067.75063,0.00426667,,,
59315.33448,0.004182763,,,
59184.76919,-0.002203633,,,
58871.17787,-0.005312601,,,
59183.54924,0.005291988,,,
59002.75116,-0.003059546,,,
58868.32275,-0.002280941,,,
58832.48751,-0.000608921,,,
58804.43493,-0.000476935,,,
58727.11725,-0.001315692,,,
58691.53384,-0.000606095,,,
58624.66878,-0.001139912,,,
58470.51482,-0.00263297,,,
58405.24762,-0.001116865,,,
58590.11035,0.003160175,,,
58592.8338,4.6482E-05,,,
58625,0.000548828,,,
58725.81014,0.001718099,,,
58501,-0.003835478,,,
58743.53746,0.004137298,,,
58898.50987,0.002634645,,,
58930,0.000534508,,,
59009,0.001339676,,,
58932.6241,-0.001295148,,,
58882.87941,-0.000844451,,,
58989.26348,0.001805076,,,
58964.19316,-0.000425088,,,
59004.00185,0.000674906,,,
59003.19924,-1.36028E-05,,,
59062.31045,0.001001329,,,
59015.06862,-0.000800184,,,
58979.51148,-0.000602691,,,
58961,-0.000313912,,,
58808.52186,-0.002589434,,,
58694,-0.001949267,,,
58765.43353,0.00121631,,,
58728.75138,-0.000624408,,,
58698.23545,-0.000519743,,,
58587.6996,-0.001884896,,,
58494.44484,-0.00159298,,,
58315.54066,-0.003063168,,,
58595.37008,0.004787063,,,
58633.39641,0.000648754,,,
58694.13,0.001035283,,,
58838.00001,0.002448183,,,
58724.83693,-0.001925151,,,
58865.36636,0.002390157,,,
58934.07409,0.001166521,,,
58912,-0.000374626,,,
58900.31726,-0.000198328,,,
58892.42281,-0.00013404,,,
58862.63991,-0.000505845,,,
58867.52909,8.30575E-05,,,
58700,-0.002849923,,,
58605.18949,-0.001616476,,,
58783.91379,0.003044992,,,
58862.94,0.001343448,,,
58857,-0.000100917,,,
58984.94918,0.00217154,,,
59001.10371,0.000273838,,,
58910.50797,-0.001536672,,,
58899.64403,-0.000184431,,,
58886.48593,-0.000223424,,,
58723.0209,-0.002779795,,,
58809.06499,0.001464181,,,
58668.43357,-0.002394186,,,
58596.67898,-0.001223801,,,
58647.74209,0.000871054,,,
58841.30019,0.003294916,,,
58843.16797,3.17421E-05,,,
58958.43719,0.001957007,,,
58886.4514,-0.001221704,,,
59212.13116,0.005515402,,,
59471.9123,0.0043777,,,
59964,0.008240243,,,
59691.92977,-0.004547551,,,
59695.31863,5.67708E-05,,,
59837.71121,0.002382482,,,
59761.89864,-0.001267773,,,
59855.16622,0.001559436,,,
59727.46307,-0.002135815,,,
59629,-0.0016499,,,
59620.74312,-0.00013848,,,
59575.84195,-0.000753397,,,
59500.87807,-0.001259086,,,
59572,0.001194595,,,
59515.01873,-0.000956969,,,
59548.48684,0.000562189,,,
59524,-0.000411293,,,
59512.85136,-0.000187314,,,
59474.43666,-0.000645694,,,
59555.33804,0.001359347,,,
59619.23017,0.001072244,,,
59711.05091,0.001538935,,,
59523.46666,-0.003146478,,,
59481,-0.000713699,,,
59443.60917,-0.000628816,,,
59541.9311,0.001652671,,,
59529.15109,-0.000214662,,,
59505,-0.000405784,,,
59367.92993,-0.002306162,,,
59486.41632,0.001993809,,,
59592.74022,0.001785769,,,
59622,0.000490875,,,
59473.06312,-0.002501144,,,
59613.86847,0.00236475,,,
59573.2957,-0.000680825,,,
59628,0.000917848,,,
59552.61588,-0.00126504,,,
59510.93823,-0.000700091,,,
59535.62652,0.000414767,,,
59540.389,7.99905E-05,,,
59274.63529,-0.00447341,,,
59373.9671,0.001674387,,,
59393.39788,0.000327207,,,
59473.81439,0.001353048,,,
59354.73766,-0.002004178,,,
59296.76794,-0.000977143,,,
59155.75495,-0.002380921,,,
59200,0.000747662,,,
59257.31076,0.000967619,,,
59138.45009,-0.002007854,,,
59277.61195,0.002350389,,,
59333.93271,0.000949667,,,
59541.90537,0.003498993,,,
59535.96166,-9.98289E-05,,,
59453.86044,-0.001379971,,,
59492.34591,0.000647107,,,
59397.19786,-0.001600613,,,
59332,-0.001098262,,,
59358.74557,0.000450677,,,
59257.79305,-0.001702166,,,
59110.28812,-0.002492311,,,
59144.77124,0.000583199,,,
59155.46516,0.000180793,,,
59196.45133,0.000692615,,,
59281.08092,0.001428619,,,
59182.42328,-0.001665621,,,
59131.29574,-0.000864271,,,
59095.16258,-0.000611253,,,
58804.44103,-0.00493169,,,
58847.39729,0.000730227,,,
58960,0.001911641,,,
58871.34552,-0.001504769,,,
58945.56282,0.001259875,,,
58775.84694,-0.00288335,,,
58776.02172,2.97362E-06,,,
58689.49929,-0.001473155,,,
58591,-0.001679722,,,
58718,0.002165223,,,
58876,0.002687214,,,
58766,-0.001870081,,,
58886.63391,0.00205068,,,
58881.85888,-8.10917E-05,,,
58871.813,-0.000170625,,,
58850,-0.000370586,,,
58797.87547,-0.000886111,,,
59127.50436,0.00559048,,,
59044.24264,-0.001409165,,,
58988.73813,-0.000940492,,,
59231.63867,0.00410929,,,
59239.09098,0.000125809,,,
59245.8416,0.000113949,,,
59415.97082,0.002867466,,,
59334.50334,-0.001372079,,,
59235.95929,-0.001662203,,,
59124.43202,-0.001884538,,,
59253.09216,0.002173727,,,
59214.36641,-0.000653779,,,
59279.87368,0.001105662,,,
59276.36134,-5.92519E-05,,,
59388,0.001881588,,,
59364.98966,-0.000387533,,,
59295.01639,-0.001179391,,,
59172.87489,-0.00206202,,,
59219.91546,0.000794653,,,
59267,0.000794764,,,
59297,0.000506056,,,
59340.82217,0.000738755,,,
59400.42132,0.001003849,,,
59416.95614,0.000278323,,,
59404.08104,-0.000216714,,,
59443.66455,0.000666121,,,
59429.65101,-0.000235773,,,
59389.56735,-0.0006747,,,
59330,-0.001003497,,,
59320,-0.000168563,,,
59408,0.00148238,,,
59352.80925,-0.000929444,,,
59389.32438,0.000615032,,,
59405.52166,0.000272693,,,
59309.60768,-0.001615868,,,
59682.34443,0.006264927,,,
59464.17299,-0.003662242,,,
58907.21878,-0.009410353,,,
59068,0.002725679,,,
59121.72025,0.000909051,,,
59186.40611,0.001093515,,,
59181.93724,-7.55079E-05,,,
59440.58524,0.004360865,,,
59548.5898,0.001815368,,,
59573.67471,0.000421162,,,
59569.16196,-7.57535E-05,,,
59383.12302,-0.003127962,,,
59437.9732,0.00092324,,,
59315,-0.002071077,,,
59389.94291,0.001262676,,,
59282.59506,-0.001809144,,,
59387,0.001759591,,,
59296.62142,-0.001523017,,,
59215.15298,-0.001374858,,,
59266.64748,0.000869239,,,
59293.07056,0.000445734,,,
59392.74879,0.0016797,,,
59349,-0.000736873,,,
59419,0.001178769,,,
59320.51717,-0.001658805,,,
59339.01855,0.00031184,,,
59295,-0.00074209,,,
59163.11904,-0.002226627,,,
59104.02019,-0.000999413,,,
59057.65841,-0.000784718,,,
59186.04769,0.002171605,,,
58824.66142,-0.006124654,,,
58924.69797,0.001699144,,,
59036.17128,0.001890005,,,
58968.54219,-0.00114621,,,
58789.74631,-0.003036661,,,
58734.67718,-0.000937152,,,
58515.94048,-0.003731101,,,
58479.9741,-0.000614831,,,
58242.00965,-0.004077463,,,
58217,-0.000429501,,,
58419.99135,0.003480741,,,
58346.5985,-0.001257087,,,
58467.04414,0.002062185,,,
58588.47736,0.002074798,,,
58488.92437,-0.001700636,,,
58312.3145,-0.003024112,,,
58608.31621,0.005063304,,,
58373.67228,-0.00401163,,,
58360.7822,-0.000220844,,,
58212,-0.002552608,,,
58050.81324,-0.002772802,,,
57949.14548,-0.001752894,,,
58055.29716,0.001830132,,,
57990.06656,-0.001124226,,,
57678.16689,-0.005393018,,,
57604.39658,-0.001279818,,,
57423,-0.003153974,,,
57443.33968,0.000354145,,,
57582.36397,0.002417274,,,
57639.72059,0.000995584,,,
57675.09565,0.000613539,,,
57197.19059,-0.008320681,,,
57066,-0.002296289,,,
56860.08454,-0.0036149,,,
57080,0.0038602,,,
57181.57281,0.0017779,,,
56644.79882,-0.009431522,,,
56843.26833,0.003497631,,,
57024.49192,0.003183056,,,
56917.36888,-0.001880311,,,
56954.87436,0.000658729,,,
57130,0.003070096,,,
57340.88115,0.003684455,,,
57381.284,0.00070436,,,
57370.47058,-0.000188466,,,
57378,0.000131233,,,
57252.24369,-0.002194122,,,
57307.19993,0.000959436,,,
57554.20047,0.004300852,,,
57526.45243,-0.000482236,,,
57506.19657,-0.000352176,,,
57480,-0.000455647,,,
57570.44203,0.001572216,,,
57579,0.000148641,,,
57500.85963,-0.00135802,,,
57476.76364,-0.000419142,,,
57488.53931,0.000204856,,,
57286.28544,-0.003524363,,,
57336.69069,0.000879496,,,
57309.48231,-0.00047465,,,
57453.48115,0.002509502,,,
57500,0.000809351,,,
57426.89619,-0.001272179,,,
57321.75609,-0.001832529,,,
57605.11998,0.004931213,,,
57483.23414,-0.002118127,,,
57571.58593,0.001535821,,,
57536.2985,-0.000613119,,,
57442,-0.001640284,,,
57587.23952,0.002525264,,,
57508.87538,-0.001361717,,,
57659,0.002607059,,,
57684.26481,0.00043808,,,
57590,-0.001635488,,,
57601.60929,0.000201565,,,
57580.24081,-0.000371039,,,
57705.30474,0.002169639,,,
57641.20668,-0.0011114,,,
57619.50159,-0.000376626,,,
57389,-0.004008432,,,
57245.20761,-0.002508718,,,
57657.31488,0.007173194,,,
57727,0.001207879,,,
57861.46061,0.002326541,,,
57751.0256,-0.001910435,,,
57872.08195,0.002093983,,,
58062.09687,0.003277982,,,
57977.10129,-0.001464946,,,
58154.17298,0.003049511,,,
58138,-0.000278144,,,
58139.64418,2.82802E-05,,,
58036.38284,-0.001777671,,,
58120.75358,0.0014527,,,
58180.46165,0.001026783,,,
58343.83444,0.0028041,,,
57993.55994,-0.006021719,,,
57929.62919,-0.001102985,,,
57997,0.001162301,,,
57858.83016,-0.002385204,,,
57965,0.001833299,,,
58037.63308,0.001252266,,,
58104.01684,0.001143152,,,
58197.61306,0.001609543,,,
58160.82158,-0.000632382,,,
58157.36677,-5.94028E-05,,,
58161.04391,6.32255E-05,,,
58142.5338,-0.000318307,,,
58005.85586,-0.002353507,,,
58112.39252,0.001834969,,,
58075.67806,-0.000631983,,,
57844.00238,-0.003997181,,,
57873.84092,0.000515712,,,
57959.43053,0.001477807,,,
57982.52259,0.000398338,,,
57882,-0.001735175,,,
57991.61398,0.001891958,,,
58034.5274,0.00073972,,,
58069,0.000593825,,,
58016.24452,-0.000908909,,,
58085.1515,0.001187014,,,
58137.57796,0.000902172,,,
57920.66226,-0.003738054,,,
58197.07894,0.004760981,,,
58157.41516,-0.000681775,,,
58128.18697,-0.000502697,,,
58201.64659,0.001262954,,,
58182,-0.000337618,,,
58178.33463,-6.30003E-05,,,
58209,0.000526954,,,
58036.09628,-0.002974815,,,
58198.26691,0.002790409,,,
57959.88351,-0.004104468,,,
57909.2156,-0.000874572,,,
57781.50844,-0.002207735,,,
57841.72215,0.001041551,,,
57827.88858,-0.000239191,,,
57811.83994,-0.000277563,,,
57667.46678,-0.002500417,,,
57618.94624,-0.000841739,,,
57698.00269,0.001371116,,,
57622,-0.001318118,,,
57680,0.001006054,,,
57711.30363,0.000542565,,,
57658.55665,-0.000914398,,,
57491.61744,-0.002899506,,,
57480.12786,-0.000199868,,,
57609.7984,0.002253379,,,
57586.13627,-0.000410815,,,
57293.83156,-0.005088883,,,
57215.49487,-0.001368215,,,
57201.35553,-0.000247155,,,
57249.6333,0.000843641,,,
56932.00474,-0.005563581,,,
57026.54166,0.001659146,,,
57143.79966,0.002054089,,,
57316.41979,0.003016249,,,
57119.72586,-0.003437622,,,
57284.17716,0.002874927,,,
57160.59002,-0.00215977,,,
57138,-0.000395281,,,
57286.7434,0.002599848,,,
57153.33315,-0.002331531,,,
56986.40705,-0.002924945,,,
57086.89155,0.001761754,,,
57180.0043,0.001629742,,,
57261.91888,0.001431549,,,
57456.56677,0.003393491,,,
57384.91684,-0.001247806,,,
57541.4825,0.002724626,,,
57456.18478,-0.001483469,,,
57441.20966,-0.000260669,,,
57403.64936,-0.000654105,,,
57679.83801,0.004799806,,,
57635,-0.000777663,,,
57682.41892,0.000822407,,,
57680.70369,-2.97363E-05,,,
57753.44959,0.001260388,,,
57977.44152,0.003870915,,,
57862,-0.00199313,,,
57942.84818,0.001396283,,,
57988,0.000778944,,,
57990.45161,4.22769E-05,,,
57872.85999,-0.002029834,,,
57909.90778,0.000639953,,,
58096.52726,0.003217402,,,
58220,0.002123048,,,
58623.79336,0.006911706,,,
58863.02988,0.004072573,,,
59150.80737,0.004877022,,,
59000,-0.002552796,,,
58954.38695,-0.000773402,,,
58953.05589,-2.25781E-05,,,
59007,0.000914617,,,
59001.0306,-0.000101169,,,
59076,0.001269839,,,
59048.33397,-0.000468422,,,
58983.27363,-0.001102422,,,
58869.73753,-0.001926741,,,
58766.26034,-0.001759278,,,
58922.1869,0.002649821,,,
58951.2843,0.000493706,,,
58843.35669,-0.001832471,,,
58860.2094,0.000286358,,,
58788.49318,-0.001219159,,,
58895.33735,0.001815784,,,
58994.19755,0.001677167,,,
58890,-0.001767795,,,
58956.18038,0.001123166,,,
59039,0.00140378,,,
58981,-0.000982884,,,
58963.17077,-0.000302333,,,
58905.3243,-0.000981543,,,
58783.43878,-0.00207132,,,
58831,0.000808765,,,
58699.02638,-0.002245787,,,
58613.12628,-0.001464471,,,
58665.12455,0.00088675,,,
58783.24147,0.002011385,,,
58862.64752,0.001349916,,,
58823.28756,-0.000668898,,,
58846.79032,0.000399469,,,
58500.20654,-0.005907007,,,
58718.43753,0.00372349,,,
58669.11213,-0.000840386,,,
59113.17863,0.007540499,,,
59273.47102,0.002707949,,,
59163,-0.00186549,,,
59130.56505,-0.000548381,,,
59288.1829,0.002662044,,,
59202.22635,-0.001450861,,,
59019,-0.003099722,,,
59014.28185,-7.99461E-05,,,
58814.65102,-0.003388489,,,
58761.74937,-0.000899869,,,
58757.26859,-7.62563E-05,,,
58794.55701,0.000634417,,,
58751.09621,-0.000739471,,,
58783.63796,0.000553738,,,
58917.8471,0.002280501,,,
58846.19752,-0.001216833,,,
58657.11097,-0.003218407,,,
58750.99999,0.001599362,,,
58758.75792,0.000132039,,,
58769,0.000174292,,,
58793.44829,0.00041592,,,
58866.79557,0.001246764,,,
58887.64015,0.000354035,,,
58978.90902,0.001548682,,,
58865.31537,-0.001927862,,,
58739.45213,-0.002140445,,,
58788.80648,0.000839872,,,
58897.47966,0.001846829,,,
58840.48755,-0.000968118,,,
58826.94728,-0.000230145,,,
58825,-3.31024E-05,,,
58716.06522,-0.001853562,,,
58576.62015,-0.002377729,,,
58693.06555,0.001985943,,,
58816.0184,0.002092653,,,
58612.73134,-0.003462308,,,
58477.53661,-0.00230924,,,
58683.87902,0.003522365,,,
58581.63239,-0.001743849,,,
58696.42671,0.001957644,,,
58685.84228,-0.000180341,,,
58590.99998,-0.001617409,,,
58641.2647,0.000857524,,,
58526.68655,-0.001955794,,,
58358.46727,-0.002878371,,,
58345.51656,-0.000221941,,,
58502.88616,0.00269357,,,
58474,-0.000493878,,,
58537,0.001076822,,,
58644,0.001826235,,,
58890.74457,0.004198672,,,
58805.03654,-0.001456434,,,
58465.45341,-0.005791467,,,
58650.78269,0.00316488,,,
58599,-0.000883289,,,
58547.71973,-0.000875488,,,
58388.08136,-0.002730361,,,
58005.61462,-0.006571973,,,
57719.38463,-0.004946737,,,
57718.28729,-1.90119E-05,,,
57960.11546,0.004181049,,,
57879.17448,-0.00139747,,,
57816.06344,-0.001090988,,,
57920.83084,0.001810441,,,
57856.32533,-0.001114305,,,
58007.11234,0.002602842,,,
58022.75189,0.000269578,,,
58152.09129,0.002226634,,,
58091.64336,-0.00104002,,,
58062.27663,-0.000505652,,,
58135.053,0.001252634,,,
58245.73338,0.001902039,,,
58257.7852,0.000206892,,,
58150.48933,-0.001843441,,,
58225,0.001280522,,,
58173.32515,-0.000887897,,,
58231.26971,0.000995572,,,
58194.55583,-0.000630683,,,
58071,-0.002125408,,,
58095.06961,0.0004144,,,
58223.51979,0.002208593,,,
58235.58573,0.000207213,,,
58250,0.000247486,,,
58221,-0.000497978,,,
58215.47929,-9.48278E-05,,,
58130,-0.001469405,,,
57876.84232,-0.004364537,,,
57911.61278,0.000600586,,,
57876.58531,-0.000605027,,,
57841.59666,-0.000604722,,,
57860.60461,0.000328567,,,
57991.9115,0.002266795,,,
57890.78604,-0.001745308,,,
58050,0.002746472,,,
58120.97625,0.001221928,,,
58048.04573,-0.001255594,,,
57987.69669,-0.00104018,,,
58193.45114,0.003541963,,,
58103.99503,-0.001538402,,,
57865.37003,-0.004115317,,,
57641,-0.003884986,,,
57653.59174,0.000218427,,,
57430.33732,-0.003879859,,,
57444.69211,0.00024992,,,
57476.14318,0.000547352,,,
57585.4084,0.001899249,,,
57695.82227,0.001915557,,,
57849.7565,0.002664478,,,
57788.81881,-0.001053934,,,
57716.1145,-0.001258895,,,
57988.68357,0.004711465,,,
57985.13341,-6.12235E-05,,,
57896.42647,-0.001530993,,,
57628.79065,-0.004633383,,,
57336.56685,-0.005083695,,,
57411.76069,0.001310587,,,
57628.4082,0.003766472,,,
57755.41857,0.002201529,,,
57704,-0.000890678,,,
58110.29415,0.007016333,,,
58265,0.002658742,,,
58257.0478,-0.000136493,,,
58071.10884,-0.003196803,,,
58081.91482,0.000186065,,,
58022.58719,-0.00102197,,,
57796.56144,-0.003903086,,,
57931.45572,0.002331231,,,
57927.56774,-6.71156E-05,,,
57864.0613,-0.001096909,,,
57655.02619,-0.003619062,,,
57545.87701,-0.001894937,,,
57626.72702,0.00140398,,,
57778,0.002621609,,,
57059.02,-0.01252191,,,
57300.91836,0.00423048,,,
57412.10413,0.001938504,,,
57501,0.001547185,,,
57559.3501,0.001014252,,,
57407.56021,-0.002640586,,,
57090.60554,-0.005536429,,,
56812.06472,-0.004890866,,,
56898.16187,0.001514326,,,
56288.03103,-0.010781116,,,
55980,-0.005487436,,,
56320.97633,0.006072563,,,
55843.20783,-0.008519144,,,
56118.33718,0.004914722,,,
56380.27077,0.004656663,,,
56477.2163,0.001718017,,,
56594.50485,0.002074588,,,
56567.7034,-0.000473682,,,
56795.29323,0.004015246,,,
56767.53939,-0.000488784,,,
56809.91581,0.000746212,,,
56835.34159,0.000447459,,,
56789,-0.000815698,,,
56668.42949,-0.002125388,,,
56843.76466,0.003089277,,,
56642.83118,-0.0035411,,,
56425.30567,-0.003847694,,,
56441.70098,0.000290524,,,
56425.82942,-0.000281242,,,
56453.95343,0.0004983,,,
56684.01122,0.00406686,,,
56726.10044,0.000742248,,,
56480,-0.004347837,,,
56224.63255,-0.004531631,,,
56071.09123,-0.002734591,,,
56021.50367,-0.000884761,,,
56355.7805,0.005949206,,,
55857.5481,-0.008880151,,,
56124.14958,0.004761528,,,
55863.43098,-0.004656214,,,
55659.44566,-0.003658183,,,
55871,0.003793665,,,
55895.18087,0.000432705,,,
56117.1103,0.003962596,,,
56004.8058,-0.002003258,,,
55799.71522,-0.003668739,,,
56085.92956,0.005116205,,,
56241.04248,0.002761813,,,
56150.09188,-0.001618466,,,
56320.32391,0.003027146,,,
56374.74204,0.000965759,,,
56222.6517,-0.002701491,,,
56279.06997,0.001002976,,,
56344.16865,0.001156044,,,
56567.77923,0.003960801,,,
56466.17284,-0.001797804,,,
56508.40982,0.000747725,,,
56427.22718,-0.00143768,,,
56279.24948,-0.002625897,,,
55949.53214,-0.005875824,,,
56111.49076,0.002890545,,,
56136.03938,0.000437402,,,
56357.27777,0.003933366,,,
56431.28586,0.001312333,,,
56402.78637,-0.000505158,,,
56576.27299,0.003071131,,,
56602.95297,0.000471464,,,
56559.82251,-0.000762273,,,
56382.32217,-0.003143211,,,
56275.08872,-0.001903709,,,
56288.96686,0.000246582,,,
56492,0.00360049,,,
56382.12968,-0.001946776,,,
56496.13629,0.002019993,,,
56637.68503,0.002502325,,,
56574.01931,-0.00112472,,,
56584.79465,0.000190446,,,
56696.85499,0.001978438,,,
56889.09279,0.00338489,,,
56930.85459,0.000733822,,,
56915.32056,-0.000272895,,,
56952,0.000644249,,,
57006.16796,0.000950664,,,
56857.36517,-0.002613706,,,
57253.3673,0.006940692,,,
57116.19172,-0.002398814,,,
57081.26666,-0.000611661,,,
57150.57105,0.001213399,,,
57148,-4.49883E-05,,,
57103.24857,-0.000783386,,,
57177.48962,0.001299275,,,
57040.3109,-0.002402056,,,
57121.46065,0.001421663,,,
57123.16458,2.98295E-05,,,
56787,-0.005902293,,,
56924.60563,0.002420258,,,
56957.01297,0.000569141,,,
56806.08155,-0.002653435,,,
56859,0.00093113,,,
56679.02669,-0.003170276,,,
56518.30722,-0.002839635,,,
56596.17192,0.001376742,,,
56734.75524,0.002445641,,,
56747.44315,0.000223611,,,
56729.39064,-0.000318171,,,
56551.03944,-0.003148846,,,
56567.14701,0.000284792,,,
56444.88306,-0.002163734,,,
56569.77428,0.002210178,,,
56894,0.005715068,,,
57158.64893,0.004640829,,,
57455.92142,0.005187354,,,
57392,-0.001113149,,,
57435.95373,0.000765558,,,
57411.96346,-0.000417775,,,
57437.30882,0.000441367,,,
57503.48277,0.001151444,,,
57803.9979,0.005212425,,,
57725.08313,-0.001366146,,,
57664,-0.001058733,,,
57737,0.001265154,,,
57705.05036,-0.000553518,,,
57611.3638,-0.001624861,,,
57765.3554,0.002669372,,,
57808.51997,0.000746961,,,
57708.41991,-0.001733081,,,
57778.00902,0.001205148,,,
57671.48072,-0.001845453,,,
57715.69584,0.000766378,,,
57678.27769,-0.000648529,,,
57649.71383,-0.00049535,,,
57730.08787,0.001393208,,,
57776,0.000794973,,,
57949.07577,0.002991156,,,
58043.53678,0.001628742,,,
57915.25373,-0.002212564,,,
57826,-0.001542298,,,
57783.9022,-0.000728273,,,
57796.57654,0.000219316,,,
57716,-0.001395113,,,
57723.13304,0.000123581,,,
57692.55257,-0.000529919,,,
57649.86703,-0.000740153,,,
57643.43593,-0.000111561,,,
57503,-0.002439259,,,
57507.03055,7.00904E-05,,,
57595.33698,0.001534399,,,
57665.84188,0.001223394,,,
57676.73297,0.000188848,,,
57848.08039,0.00296642,,,
57829.57075,-0.000320021,,,
57877,0.00081982,,,
57936.37689,0.001025389,,,
57852.52535,-0.001448352,,,
58010.07339,0.002719569,,,
58069.50555,0.00102399,,,
58225,0.002674151,,,
58193.19645,-0.000546367,,,
58275.89495,0.001420094,,,
58294.61498,0.00032118,,,
58230.26902,-0.001104416,,,
58148.31635,-0.001408381,,,
58111.21309,-0.000638283,,,
57976.38781,-0.002322821,,,
58006.4,0.000517528,,,
58066.33206,0.001032664,,,
58108.44873,0.000725057,,,
57895.55224,-0.003670507,,,
57986.45602,0.001568903,,,
58034.16865,0.000822485,,,
58152.55234,0.002037819,,,
57989.02758,-0.002815957,,,
58098.87298,0.001892453,,,
58128.26828,0.000505825,,,
58072.99572,-0.000951325,,,
58187.56316,0.001970874,,,
58184.61894,-5.06002E-05,,,
58142.83295,-0.00071842,,,
58089.83621,-0.000911908,,,
57932.56165,-0.002711108,,,
57927,-9.60067E-05,,,
57996.34062,0.001196319,,,
58066.16878,0.001203286,,,
57828.20926,-0.004106495,,,
57761.43244,-0.001155412,,,
57850,0.001532159,,,
57947.36842,0.001681704,,,
58037.97204,0.001562329,,,
57917.96034,-0.002069954,,,
57829.08513,-0.00153568,,,
57934.7704,0.001825877,,,
57736.41796,-0.003429594,,,
57802.48622,0.001143654,,,
57884.44981,0.00141699,,,
57868,-0.000284224,,,
57893,0.000431924,,,
58302.09111,0.007041482,,,
58556.42855,0.004352919,,,
58450,-0.001819192,,,
58615.15863,0.002821655,,,
58511.57891,-0.001768678,,,
58755.95857,0.004167906,,,
58766.46902,0.000178867,,,
58522.92385,-0.004152899,,,
58678.69773,0.002658222,,,
58478.14072,-0.003423739,,,
58437.09303,-0.000702179,,,
58493.07541,0.000957535,,,
58529.36076,0.000620144,,,
58577.54002,0.000822825,,,
58676.74695,0.001692168,,,
58395.64646,-0.004802175,,,
58401.40366,9.85848E-05,,,
58189.98113,-0.003626731,,,
58306.59461,0.002002008,,,
58329,0.000384195,,,
58332.11011,5.33186E-05,,,
58227.94593,-0.001787305,,,
58183.03449,-0.000771601,,,
58215,0.000549245,,,
58006.52882,-0.003587483,,,
58058.79779,0.000900682,,,
58129,0.001208427,,,
58175.95537,0.000807453,,,
58175.4514,-8.66293E-06,,,
58145.39801,-0.000516733,,,
58272.70828,0.002187122,,,
58394.79559,0.002092911,,,
58455.81261,0.00104436,,,
58367.2349,-0.001516443,,,
58345.54544,-0.000371672,,,
58374.58902,0.000497662,,,
58374.77282,3.14873E-06,,,
58326.90776,-0.000820298,,,
58278.25362,-0.000834511,,,
58352,0.001264618,,,
58583.68038,0.003962532,,,
58413.03554,-0.00291709,,,
58386.58969,-0.000452841,,,
58330.89079,-0.000954423,,,
58342.72566,0.000202871,,,
58422.50165,0.001366434,,,
58465,0.000727167,,,
58348.70794,-0.001991069,,,
58237,-0.001916324,,,
58175,-0.001065182,,,
58175.62658,1.07705E-05,,,
58075,-0.001731201,,,
58023.71847,-0.000883413,,,
57986.54158,-0.000640924,,,
58065.03172,0.001352677,,,
58120.31584,0.000951654,,,
58283.45315,0.002802957,,,
58087.7538,-0.003363367,,,
57934.09713,-0.002648756,,,
58079.25247,0.002502392,,,
58180.77068,0.0017464,,,
58131.0236,-0.000855409,,,
58253.04694,0.002096909,,,
58401.22423,0.002540453,,,
58370.8607,-0.000520048,,,
58322.25721,-0.000833014,,,
58424.7754,0.001756245,,,
58702.93192,0.004749637,,,
58908.71842,0.003499427,,,
58996.34896,0.001486459,,,
59017.1942,0.000353269,,,
59202.76452,0.00313941,,,
59771.96165,0.009568444,,,
60585.95302,0.013526386,,,
60466.22609,-0.001978105,,,
61021.8595,0.00914719,,,
61050,0.000461048,,,
60955.95218,-0.001541693,,,
60803.43975,-0.002505146,,,
60827.97008,0.000403355,,,
60665.73408,-0.002670691,,,
60621.06274,-0.000736623,,,
60638.53447,0.000288171,,,
60580.95602,-0.000949987,,,
60683.19364,0.001686197,,,
60511.841,-0.002827719,,,
60444.11417,-0.001119859,,,
60428.08197,-0.000265275,,,
60716.2376,0.004757238,,,
60704.41249,-0.000194779,,,
60668.8469,-0.000586053,,,
60535.08294,-0.002207255,,,
60607.08518,0.001188723,,,
60582.57834,-0.000404438,,,
60651.03025,0.001129257,,,
60769.34206,0.001948797,,,
60748.0891,-0.000349793,,,
60887.40501,0.002290712,,,
60614.97573,-0.004484352,,,
60650.05321,0.000578526,,,
60550,-0.001651043,,,
60620.98505,0.001171651,,,
60625.80235,7.94627E-05,,,
60569,-0.000937373,,,
60535.4876,-0.000553446,,,
60549.75494,0.000235658,,,
60196.99013,-0.00584307,,,
60084.78496,-0.001865706,,,
60056.36049,-0.000473185,,,
60058.11714,2.92495E-05,,,
60188.18783,0.002163405,,,
60464.28968,0.00457682,,,
60404.42241,-0.000990617,,,
60451.58154,0.000780419,,,
60330.36366,-0.002007219,,,
60379,0.000805842,,,
60282.92151,-0.001592524,,,
60228.20448,-0.000908083,,,
60329,0.001672161,,,
60265.67864,-0.001050152,,,
60402.79595,0.00227263,,,
60202.26068,-0.00332549,,,
60315,0.001870925,,,
60265.76858,-0.000816572,,,
60155,-0.001839693,,,
60153.66613,-2.21741E-05,,,
60124,-0.000493294,,,
60079,-0.000748733,,,
59825.72569,-0.004224599,,,
59870.846,0.000753912,,,
59868.17924,-4.45428E-05,,,
60018.14897,0.002501867,,,
59806.71277,-0.003529091,,,
59772.33287,-0.000575016,,,
59776,6.13498E-05,,,
59589.89854,-0.003118171,,,
59664.15527,0.001245354,,,
59517.45982,-0.002461714,,,
59280.01864,-0.003997416,,,
58598.20853,-0.01156817,,,
58921,0.005493439,,,
59085.54101,0.002788678,,,
59126.84812,0.000698863,,,
59145.81435,0.00032072,,,
59290.82756,0.002448791,,,
59316.5371,0.000433524,,,
59302.23244,-0.000241187,,,
59063.41692,-0.004035222,,,
59367.23849,0.005130804,,,
59546.58558,0.003016423,,,
59775.02684,0.003829005,,,
59780.8457,9.73413E-05,,,
60128.89391,0.005805186,,,
60265.67581,0.002272228,,,
60315.16689,0.000820878,,,
60139.92777,-0.00290962,,,
60114.67567,-0.000419977,,,
60164.23441,0.000824064,,,
60211.51188,0.000785498,,,
60562.57198,0.005813517,,,
60469.74465,-0.001533927,,,
60351.05967,-0.001964645,,,
60390,0.000645022,,,
60503.26078,0.001873732,,,
60374.39182,-0.002132222,,,
60263.24378,-0.001842677,,,
60382.31125,0.00197384,,,
60274.10015,-0.001793707,,,
60192.54752,-0.001353945,,,
60089.46743,-0.001713974,,,
59835.24836,-0.004239651,,,
59921.10007,0.001433773,,,
59695,-0.003780433,,,
59696.99421,3.34062E-05,,,
59756.8118,0.001001518,,,
59644.35761,-0.001883637,,,
59371,-0.004593661,,,
59424.88127,0.000907124,,,
59742.05652,0.005323221,,,
59733,-0.000151605,,,
59445.84847,-0.004818843,,,
59707,0.004383478,,,
59666,-0.000686923,,,
59658.99789,-0.000117362,,,
59788.98961,0.002176542,,,
60015.57272,0.00378255,,,
59989.67394,-0.000431627,,,
59954.8252,-0.000581081,,,
59762.08807,-0.003219884,,,
59720.27508,-0.000699902,,,
59560.87834,-0.002672624,,,
59671.14854,0.001849675,,,
59800,0.002157031,,,
59611.3968,-0.003158884,,,
59602.62551,-0.000147152,,,
59580.45254,-0.000372083,,,
59526.55329,-0.000905056,,,
59684.92026,0.00265691,,,
59755.96034,0.001189544,,,
59738,-0.000300607,,,
59602.79901,-0.002265798,,,
59536,-0.001121365,,,
59676.52804,0.002357606,,,
59713.73089,0.000623214,,,
59604.50157,-0.001830891,,,
59520,-0.00141871,,,
59421.90217,-0.001649509,,,
59338.97461,-0.001396547,,,
59375.69707,0.000618668,,,
59444.63568,0.001160384,,,
59551.17292,0.001790605,,,
59576.55802,0.000426183,,,
59715.6684,0.002332263,,,
59671.35799,-0.000742299,,,
59646.1828,-0.000421986,,,
59662.53074,0.000274044,,,
59713.5066,0.000854039,,,
59624.50103,-0.001491655,,,
59570.02662,-0.000914042,,,
59555.2,-0.000248925,,,
59506.53391,-0.000817493,,,
59746.30105,0.004021162,,,
59834.8,0.00148015,,,
59856,0.000354246,,,
59829.31089,-0.000445988,,,
59819.6746,-0.000161076,,,
59813.00858,-0.000111442,,,
59884.76566,0.001198971,,,
59994.2285,0.001826223,,,
59807.34439,-0.003119897,,,
59726.69396,-0.001349414,,,
59688.39246,-0.000641485,,,
59669.4187,-0.000317931,,,
59753.45916,0.001407443,,,
59639,-0.00191736,,,
59692.2763,0.000892914,,,
59608.70705,-0.001400982,,,
59536.88545,-0.001205611,,,
59678.39548,0.002374026,,,
59622.19566,-0.000942155,,,
59568,-0.000909398,,,
59990.62535,0.007069789,,,
59825.14106,-0.002762314,,,
60100,0.00458385,,,
59923.07964,-0.002948108,,,
59918.08564,-8.33437E-05,,,
59971.31482,0.000887971,,,
60010.44136,0.000652208,,,
59884.04358,-0.002108485,,,
59680.72448,-0.00340099,,,
59774.10173,0.00156339,,,
59869.75856,0.001599027,,,
59998.475,0.002147633,,,
59897.62359,-0.001682314,,,
59918.74799,0.000352613,,,
59843.38826,-0.00125849,,,
59833.45772,-0.000165956,,,
59830,-5.77908E-05,,,
59749,-0.001354753,,,
59698.78334,-0.000840814,,,
59800.66103,0.001705074,,,
59970.07457,0.002828966,,,
60311.11621,0.005670754,,,
60366.8335,0.000923405,,,
60572,0.0033929,,,
60424.562,-0.002437062,,,
60301.72686,-0.002034937,,,
60107.19724,-0.003231152,,,
60261,0.00255554,,,
60176.11747,-0.001409574,,,
60159.55213,-0.000275319,,,
60210.84976,0.00085233,,,
60176,-0.000578963,,,
60305.44558,0.002148806,,,
60459.20201,0.002546383,,,
60786.17793,0.005393636,,,
60848.05885,0.001017492,,,
61015.82825,0.002753392,,,
60974.47109,-0.00067804,,,
60688.73409,-0.004697189,,,
60663.6247,-0.000413826,,,
60693,0.000484115,,,
60557.93665,-0.002227833,,,
60668.40899,0.00182258,,,
60629.36515,-0.000643769,,,
60724.21412,0.001563184,,,
60128.93534,-0.009851354,,,
59982,-0.002446662,,,
60127.18645,0.002417576,,,
60016.43326,-0.00184368,,,
59682.63756,-0.005577263,,,
59779.26,0.001617628,,,
60034.48896,0.004260435,,,
59903.64973,-0.00218178,,,
60185.69233,0.004697222,,,
60240,0.000901928,,,
60324.05717,0.001394399,,,
60291.31687,-0.000542888,,,
60486.49121,0.00323196,,,
60422.47344,-0.001058942,,,
60552.54892,0.002150453,,,
60355,-0.003267771,,,
60521.00262,0.002746661,,,
60292.78592,-0.003777996,,,
60097.86996,-0.003238061,,,
60256,0.002627753,,,
60104.64367,-0.002515048,,,
59882.54395,-0.003702062,,,
59712.05872,-0.002851054,,,
59887.52131,0.002934169,,,
60022.12,0.002245003,,,
59979.95872,-0.000702676,,,
59892.52695,-0.001458747,,,
59953.04474,0.00100993,,,
60040.351,0.001455185,,,
59972.85333,-0.001124838,,,
59963.57101,-0.000154787,,,
59807.028,-0.002614049,,,
59815.05457,0.000134199,,,
59770.59425,-0.000743573,,,
59856.95052,0.001443752,,,
59851.67998,-8.8056E-05,,,
59950,0.00164138,,,
59998.36537,0.000806437,,,
59903.48932,-0.001582562,,,
60078.30786,0.002914086,,,
59987,-0.00152097,,,
60073.75959,0.001445262,,,
60000,-0.001228571,,,
60099.15539,0.001651226,,,
60096.18266,-4.9465E-05,,,
60042.81047,-0.000888507,,,
59968.23314,-0.001242841,,,
59844,-0.002073798,,,
59975.77194,0.002199503,,,
59999.24495,0.000391298,,,
59868.14431,-0.002187429,,,
59848.8109,-0.000322985,,,
59884.9974,0.000604449,,,
60039.01777,0.002568634,,,
60074,0.000582489,,,
59944.07477,-0.002165095,,,
59834.23795,-0.001834002,,,
59849.87689,0.000261337,,,
60237.91195,0.006462546,,,
60266.78364,0.00047918,,,
60355.3727,0.001468869,,,
60389.41847,0.000563929,,,
60387.24537,-3.59854E-05,,,
60258.1233,-0.002140523,,,
60500,0.004005975,,,
60501.52643,2.52299E-05,,,
60624.75,0.002034631,,,
60665.53871,0.00067258,,,
60720,0.000897327,,,
60791.94496,0.001184163,,,
60900,0.001775879,,,
60620,-0.004608303,,,
60546.97267,-0.0012054,,,
60460.92577,-0.00142217,,,
60519.57485,0.000969563,,,
60400,-0.001977759,,,
60368.38298,-0.000523598,,,
60569,0.003317704,,,
60530.97353,-0.000628018,,,
60599.94048,0.001138718,,,
60737.54493,0.002268128,,,
60669.28451,-0.001124491,,,
60816.9084,0.0024303,,,
61299,0.007895681,,,
60665.02166,-0.010396247,,,
60711.29434,0.000762466,,,
60693.91281,-0.000286339,,,
60831.34015,0.002261709,,,
60927.95362,0.001586959,,,
61008.26832,0.001317323,,,
61533.00512,0.008564298,,,
62476.22997,0.015212464,,,
62464.88175,-0.000181657,,,
62641.52915,0.002823956,,,
62645.71413,6.68061E-05,,,
62475.26764,-0.002724509,,,
62526.15959,0.000814262,,,
62890.92211,0.005816808,,,
62800,-0.001446757,,,
62704.63027,-0.001519781,,,
62540.96703,-0.002613478,,,
62744.90849,0.003255621,,,
62619.76511,-0.00199647,,,
62671.61466,0.000827664,,,
63066.9475,0.006288193,,,
62955.17407,-0.00177387,,,
63080.14037,0.001983037,,,
63015.89467,-0.001018996,,,
62927,-0.001411667,,,
62996.51033,0.001104009,,,
62841.41466,-0.002465008,,,
62610.68795,-0.003678328,,,
62690.70111,0.001277131,,,
62754.91896,0.001023836,,,
62726.99916,-0.000445001,,,
62848.75731,0.001939199,,,
62925,0.001212378,,,
62898.94143,-0.000414207,,,
62917.99094,0.000302813,,,
63073.92253,0.002475265,,,
63514.68685,0.006963756,,,
63354.96929,-0.002517823,,,
63492.92953,0.002175208,,,
63282.80693,-0.003314874,,,
63205.43469,-0.001223391,,,
63150,-0.000877441,,,
63230.78125,0.001278379,,,
63219.84538,-0.000172967,,,
63218,-2.91902E-05,,,
63356.35392,0.00218613,,,
63460.88119,0.001648472,,,
63399.48127,-0.000967992,,,
63256.04993,-0.002264905,,,
62639.93304,-0.009787791,,,
62845.48381,0.003276093,,,
62686,-0.002540939,,,
62786.28795,0.001598568,,,
63000,0.003398022,,,
63176.90423,0.002804069,,,
62984.25465,-0.003054026,,,
63066.60807,0.00130667,,,
63169.92714,0.001636913,,,
63148.60815,-0.000337543,,,
63040.35606,-0.001715714,,,
63085,0.00070793,,,
63114.53349,0.000468044,,,
62892.43777,-0.003525138,,,
63073.263,0.002871025,,,
63198.4461,0.001982758,,,
63238.40672,0.000632104,,,
63224.56113,-0.000218967,,,
63279.3562,0.000866298,,,
63437.55471,0.002496882,,,
63562.9752,0.001975118,,,
63348.83247,-0.003374673,,,
63302.58763,-0.00073027,,,
63393.76655,0.00143933,,,
63303.00167,-0.00143279,,,
63274.01043,-0.000458081,,,
63261.01691,-0.000205374,,,
63301.94146,0.000646707,,,
63455.54115,0.002423522,,,
63308,-0.002327818,,,
63229.33911,-0.001243284,,,
63122.02367,-0.001698683,,,
63204.09041,0.001299284,,,
63238,0.000536366,,,
63677.66627,0.006928507,,,
63603,-0.001173254,,,
63743.84621,0.00221201,,,
63669.91087,-0.001160555,,,
63711.92696,0.000659687,,,
63912.97405,0.003150596,,,
64261.84632,0.005443708,,,
64352,0.001401928,,,
64251.48152,-0.001563231,,,
64318.75955,0.001046557,,,
64000,-0.004968256,,,
64713.98947,0.011094315,,,
64401.89444,-0.004834349,,,
64488.79365,0.001348417,,,
64538.197,0.000765783,,,
64594.82893,0.00087711,,,
64399.36755,-0.003030548,,,
64377.92581,-0.000333005,,,
64286.73682,-0.001417468,,,
64474.35873,0.002914266,,,
64477.92544,5.53182E-05,,,
64403.00979,-0.001162556,,,
63914.49156,-0.007614247,,,
63784.7215,-0.002032434,,,
63447.87111,-0.005295045,,,
63496.82509,0.000771265,,,
63584,0.00137196,,,
63875.33259,0.004571389,,,
63840.90258,-0.000539164,,,
64090.44442,0.003901189,,,
64102.39179,0.000186397,,,
64460.90759,0.00557728,,,
64304.05429,-0.002436274,,,
64608.61675,0.004725106,,,
64527,-0.001264047,,,
64172.9,-0.005502738,,,
64176.72615,5.96207E-05,,,
64273.37752,0.001504886,,,
63851.56188,-0.006584466,,,
64179.79694,0.005127428,,,
64043.09897,-0.002132194,,,
63850.36276,-0.003014014,,,
63774.99799,-0.001181031,,,
62682.34036,-0.017281477,,,
62955,0.00434043,,,
63081,0.001999429,,,
63022.98398,-0.00092013,,,
63166.93025,0.002281424,,,
62812.25775,-0.005630667,,,
62931.98683,0.001904328,,,
63029.98738,0.001556034,,,
63160,0.002060586,,,
63262.67972,0.001624388,,,
63367.89672,0.001661795,,,
63513.48551,0.002294881,,,
63429,-0.001331083,,,
63431.74917,4.33415E-05,,,
62513.1549,-0.014587499,,,
62329.86724,-0.002936292,,,
62220.1,-0.001762622,,,
62580,0.00576764,,,
62326.82994,-0.004053748,,,
62069.66133,-0.004134666,,,
62478.20394,0.006560435,,,
61846.9923,-0.01015429,,,
61796.88897,-0.000810446,,,
62168.60416,0.005997093,,,
62132.3998,-0.000582527,,,
62273.6854,0.002271363,,,
62200.37911,-0.001177857,,,
62407.25764,0.003320482,,,
62672.69058,0.004244219,,,
62683.32655,0.000169692,,,
62776.83305,0.001490617,,,
62786.21326,0.00014941,,,
62774.82594,-0.000181383,,,
62682.26477,-0.001475583,,,
62967.04238,0.004532904,,,
62853.61464,-0.001803007,,,
62814.04526,-0.000629746,,,
63028,0.003400373,,,
62863.30223,-0.002616509,,,
62957.99182,0.001505144,,,
63161.6376,0.003229409,,,
63153.77531,-0.000124487,,,
62817.81316,-0.005333948,,,
62735,-0.001319177,,,
62678,-0.000908997,,,
63104.81659,0.00678659,,,
63044.23275,-0.000960512,,,
62672.75871,-0.005909704,,,
62658.63478,-0.000225385,,,
62478.96483,-0.00287156,,,
62779.3736,0.004796636,,,
62822.06896,0.000679855,,,
62917.6543,0.001520369,,,
63111.81564,0.003081208,,,
63120.91714,0.000144202,,,
63048.96041,-0.001140633,,,
63302.15747,0.004007838,,,
63328.35685,0.000413793,,,
63226.73182,-0.001606021,,,
62953.78752,-0.004326258,,,
62984.54555,0.000488462,,,
62793.27511,-0.003041404,,,
62928.09479,0.002144739,,,
63109.04665,0.002871407,,,
63230.76311,0.001926811,,,
62996.48551,-0.003712001,,,
62853.52566,-0.002271909,,,
62924,0.001120619,,,
63122.96681,0.003157029,,,
63062.26525,-0.000962102,,,
62791.99138,-0.004295036,,,
62856.55943,0.001027756,,,
62881.358,0.000394449,,,
62674.65171,-0.003292658,,,
62790.68484,0.001849645,,,
62645.2802,-0.002318389,,,
62676.87544,0.000504224,,,
62724.72477,0.000763138,,,
62611.4269,-0.001807905,,,
62629.24795,0.000284589,,,
62600,-0.00046711,,,
62405.01089,-0.003119703,,,
62522.53661,0.001881503,,,
62156.27411,-0.005875314,,,
62147,-0.000149217,,,
62358.92982,0.003404336,,,
62413.29245,0.00087139,,,
62411.18786,-3.37207E-05,,,
62608.25801,0.003152635,,,
62657.14317,0.000780505,,,
62740.89577,0.001335788,,,
62654.16181,-0.001383372,,,
62742.69704,0.001412081,,,
62857.93014,0.001834913,,,
63028.35538,0.002707608,,,
62934.20404,-0.00149491,,,
62814.35866,-0.001906112,,,
62813.99999,-5.70995E-06,,,
62713.45068,-0.001602029,,,
62667.62288,-0.000731016,,,
62706.89691,0.000626507,,,
62498.29278,-0.003332199,,,
62582.33312,0.001343779,,,
62739.99999,0.002516183,,,
62938,0.003150912,,,
62706.16731,-0.00369031,,,
62584.69355,-0.001939069,,,
62699,0.001824762,,,
62536.03632,-0.002602527,,,
62476.01187,-0.000960299,,,
62489.4342,0.000214817,,,
62591.68286,0.001634918,,,
62589.27659,-3.84446E-05,,,
62559,-0.000483852,,,
62769.96026,0.003366508,,,
62741,-0.000461478,,,
62854.16624,0.00180208,,,
63201.38104,0.005508931,,,
63305.69352,0.001649117,,,
63388.98332,0.001314811,,,
63226.32678,-0.002569304,,,
63558,0.005232097,,,
63330.86036,-0.003580139,,,
63350.16767,0.000304818,,,
63465.27669,0.001815379,,,
63342.40074,-0.00193799,,,
63686.94985,0.00542473,,,
63371.39218,-0.00496714,,,
63476.80687,0.001662061,,,
63300.79358,-0.002776727,,,
63289.41396,-0.000179787,,,
63252.7735,-0.000579103,,,
63259,9.84335E-05,,,
63167.26,-0.001451281,,,
63082.7359,-0.001338996,,,
63143.05905,0.000955798,,,
63049.24246,-0.001486883,,,
63253.47112,0.003233958,,,
63428.78696,0.002767806,,,
63372.96777,-0.000880417,,,
63349.39662,-0.000372013,,,
63208.83966,-0.002221223,,,
62828,-0.006043325,,,
63041.44317,0.003391504,,,
62973.2301,-0.001082621,,,
63189.68656,0.003431384,,,
62965.88226,-0.003548072,,,
62819.65354,-0.002325049,,,
62931.10717,0.001772612,,,
63115.2739,0.002922208,,,
62999.78534,-0.00183148,,,
62916.31081,-0.001325876,,,
62650.66118,-0.004231209,,,
62701.43815,0.000810149,,,
62024.76144,-0.010850701,,,
61671.64054,-0.005709493,,,
62044,0.00601962,,,
62013.97825,-0.000483995,,,
61859.8761,-0.002488051,,,
61795.54264,-0.001040528,,,
61542.67843,-0.004100344,,,
61329.01972,-0.003477757,,,
61479.39432,0.002448931,,,
61458.85909,-0.000334074,,,
61360.15699,-0.001607277,,,
61444.17848,0.00136838,,,
61543.07715,0.001608275,,,
61433.30816,-0.001785205,,,
61449.49992,0.000263532,,,
61549.35761,0.001623718,,,
61505.43489,-0.000713872,,,
61211.44473,-0.004791366,,,
60755.10696,-0.007483034,,,
60711.99519,-0.000709851,,,
60480.5931,-0.003818754,,,
60648.8566,0.002778244,,,
60900,0.004132392,,,
60846.69935,-0.000875599,,,
60385.32542,-0.007611457,,,
60253,-0.002193755,,,
60498.74147,0.004070199,,,
60553.69496,0.000907929,,,
60615.30033,0.00101685,,,
60852.6856,0.003908611,,,
60681.16276,-0.002822637,,,
60871.19383,0.003126739,,,
60790.45833,-0.001327214,,,
60739.24802,-0.000842762,,,
60958.4328,0.003602123,,,
61088.8069,0.002136454,,,
60900.64319,-0.00308492,,,
60577.51367,-0.005319974,,,
60916.85148,0.005586081,,,
61372.11837,0.00744579,,,
61358.88947,-0.000215576,,,
61277.84017,-0.001321779,,,
61212.80011,-0.00106196,,,
61342.70405,0.002119921,,,
61405.14383,0.001017367,,,
61604.724,0.003244949,,,
61421.68966,-0.002975531,,,
61310.86548,-0.001805946,,,
61562.23795,0.004091584,,,
61873.03302,0.005035769,,,
61869.57389,-5.59085E-05,,,
61787.30977,-0.001330522,,,
61743.40838,-0.000710777,,,
61680.74808,-0.001015365,,,
61548.11869,-0.002152571,,,
61272.41369,-0.004489566,,,
61472.95299,0.003267569,,,
61860,0.006276478,,,
61664.96787,-0.003157779,,,
61478.48539,-0.003028705,,,
61710.10983,0.003760489,,,
61725.14574,0.000243624,,,
61778.13629,0.000858124,,,
61826.50741,0.000782675,,,
61826.49117,-2.62534E-07,,,
61942.31863,0.001871675,,,
62092.21719,0.002417047,,,
61818.62795,-0.004415912,,,
61874.43988,0.000902426,,,
61770.04103,-0.001688694,,,
61663.8746,-0.001720215,,,
61726.9389,0.001022188,,,
61768.8731,0.000679119,,,
61484.70804,-0.004611072,,,
61677.25773,0.003126775,,,
61589.13436,-0.001429804,,,
61500.98056,-0.001432346,,,
61399.17733,-0.001656682,,,
61662.99335,0.004287531,,,
61339.59843,-0.005258355,,,
61193.86776,-0.002378628,,,
61479.14849,0.004651084,,,
61680,0.003261661,,,
61926.01062,0.003980566,,,
61986.38759,0.000974511,,,
61950.74293,-0.000575206,,,
62015.09612,0.001038241,,,
62250,0.003780694,,,
62288.36457,0.000616108,,,
62181.90053,-0.001710675,,,
62161.75594,-0.000324015,,,
62202.51432,0.000655468,,,
62497.02741,0.004723572,,,
62349.64204,-0.002361063,,,
62254.11445,-0.001533302,,,
62236.78226,-0.000278449,,,
62110.89502,-0.002024763,,,
62225.81803,0.001848578,,,
62109.92659,-0.00186417,,,
62129.31033,0.000312039,,,
62233.29567,0.001672293,,,
62162.60509,-0.001136542,,,
61971.79968,-0.003074177,,,
61978.16478,0.000102704,,,
62056.61553,0.00126498,,,
62028.00312,-0.000461176,,,
62237,0.003363732,,,
62165.83733,-0.001144068,,,
62321.58991,0.002502303,,,
62144.30391,-0.00284875,,,
62274.41384,0.002091486,,,
62254.29759,-0.000323078,,,
62232.51305,-0.000349989,,,
62410.4796,0.002855623,,,
62227.49796,-0.002936212,,,
61776.24684,-0.007278056,,,
61749.49952,-0.000433065,,,
61696.50325,-0.000858615,,,
61793.04394,0.001563545,,,
61623.6609,-0.002744898,,,
61526.31141,-0.001580991,,,
61352.00018,-0.002837138,,,
61398.28457,0.000754123,,,
61159.73634,-0.003892826,,,
60939.99815,-0.003599327,,,
60900.92426,-0.000641392,,,
60846,-0.000902269,,,
60777,-0.001134654,,,
61050.68698,0.004493025,,,
61056.5208,9.55525E-05,,,
60940,-0.001910232,,,
60772.76226,-0.002748074,,,
61165.97434,0.006449361,,,
61033.25415,-0.002172195,,,
61071.64189,0.000628767,,,
60848.50387,-0.0036604,,,
60782.29537,-0.00108868,,,
60648.03235,-0.00221136,,,
60508.65351,-0.002300804,,,
60575.91322,0.001110954,,,
60129.69301,-0.007393563,,,
60272.20513,0.002367275,,,
60525.71704,0.004197295,,,
60497,-0.000474573,,,
60577.296,0.001326392,,,
60394.87687,-0.003015888,,,
60483.89669,0.001472878,,,
60536.88082,0.00087562,,,
60379.19169,-0.002608243,,,
59712.98575,-0.011095024,,,
60163.99175,0.007524516,,,
60256,0.001528123,,,
60414,0.002618714,,,
60384.22481,-0.000492974,,,
60703.594,0.005275013,,,
60598.49329,-0.001732876,,,
60660.20399,0.001017836,,,
60680.19844,0.00032956,,,
60665.37734,-0.000244279,,,
60627.95647,-0.000617031,,,
60828.4126,0.003300878,,,
60800,-0.000467203,,,
60767.23426,-0.000539055,,,
60872.04082,0.001723236,,,
60742.40332,-0.002131943,,,
60740.33382,-3.40708E-05,,,
60732.05181,-0.00013636,,,
60684.03415,-0.00079096,,,
60385.7041,-0.004928245,,,
60648.31501,0.004339463,,,
60607.54691,-0.000672431,,,
60263,-0.005701105,,,
60145.74686,-0.001947586,,,
59996,-0.002492838,,,
60265.79696,0.004486835,,,
59606.26161,-0.011004099,,,
59709.93401,0.001737776,,,
59420.79483,-0.004854159,,,
59252.70348,-0.002832839,,,
59356.02358,0.001742201,,,
59622.45319,0.004478626,,,
59238.50138,-0.006460543,,,
59121.953,-0.001969381,,,
59059.97533,-0.001048852,,,
58813.66235,-0.004179278,,,
58795.73599,-0.000304846,,,
58411.11176,-0.006563193,,,
56454.13428,-0.034077616,,,
53641.91901,-0.051097692,,,
55204.80656,0.028719191,,,
54939.60097,-0.004815607,,,
55385.78145,0.008088491,,,
55049.89417,-0.006082968,,,
54815.79763,-0.00426151,,,
55674.13577,0.01553726,,,
55512.19498,-0.002912964,,,
55658.59068,0.00263371,,,
55555.99675,-0.001844973,,,
55999,0.007942371,,,
56137.91052,0.002477518,,,
55473.44026,-0.011906999,,,
55709,0.004237361,,,
56199,0.008757249,,,
56419.83038,0.003921736,,,
56324.91589,-0.001683706,,,
56143.15149,-0.003232287,,,
55985.0568,-0.002819893,,,
56226.61932,0.004305486,,,
55930.78248,-0.005275399,,,
54943.42173,-0.017810939,,,
55145.29958,0.003667552,,,
54548.11319,-0.010888389,,,
54461.58725,-0.001587491,,,
54962.43802,0.009154375,,,
55353.83575,0.00709595,,,
54785.92685,-0.010312605,,,
54927.50675,0.002580905,,,
54646.04341,-0.005137443,,,
54571.71251,-0.001361151,,,
54585.12176,0.000245688,,,
53526,-0.019593833,,,
53295.58002,-0.004314116,,,
53902.6,0.011325313,,,
54300.41708,0.007353194,,,
54592.8695,0.005371371,,,
54956.61395,0.006640758,,,
55000.86806,0.000804931,,,
55072.12763,0.00129477,,,
54904,-0.003057532,,,
55174.26319,0.004910392,,,
55229.04913,0.000992469,,,
55708.10142,0.008636517,,,
55546,-0.002914077,,,
55149.1059,-0.007170973,,,
55299.98246,0.002732058,,,
55391.95404,0.001661758,,,
55018.19124,-0.006770469,,,
55456,0.007926033,,,
55740.56352,0.005118218,,,
55841.52881,0.001809705,,,
55567.3091,-0.004922774,,,
55429.00722,-0.00249201,,,
55372.78848,-0.001014762,,,
55302.88083,-0.001263289,,,
55133.65581,-0.003064659,,,
55136.63549,5.40432E-05,,,
55260.51503,0.002244253,,,
55075.6412,-0.003351105,,,
55288.4867,0.003857155,,,
55474.72323,0.00336279,,,
55416.24786,-0.001054646,,,
55667.7136,0.004527497,,,
55792.71051,0.002242894,,,
55729.22664,-0.0011385,,,
56000.91242,0.004863259,,,
55900,-0.001803604,,,
56160.86165,0.004655722,,,
56157.52795,-5.93616E-05,,,
56075.38871,-0.001463728,,,
56117.48909,0.0007505,,,
55767,-0.006265216,,,
56312.56654,0.00973542,,,
56267.67524,-0.000797499,,,
56404.26666,0.002424588,,,
56608.51983,0.003614695,,,
56535.07037,-0.001298341,,,
56407.45201,-0.002259883,,,
56218.7214,-0.003351455,,,
56258.25484,0.000702961,,,
56170.2093,-0.00156625,,,
55730,-0.007867931,,,
56075.80388,0.006185814,,,
56566,0.008703682,,,
56767.82885,0.003561674,,,
57043.60054,0.004846125,,,
57033.59161,-0.000175476,,,
56858.31672,-0.003077919,,,
56775,-0.001466414,,,
56708.55171,-0.001171065,,,
56890.66359,0.00320622,,,
57081.79928,0.003354071,,,
56877.10113,-0.003592495,,,
56779.1548,-0.001723554,,,
56829.96333,0.000894445,,,
57110.59385,0.004925921,,,
57041.21394,-0.001215573,,,
57034.7217,-0.000113823,,,
56961.63046,-0.001282344,,,
56772.74729,-0.003321482,,,
56941.55081,0.002968908,,,
56761.20856,-0.003172173,,,
56626.86111,-0.002369694,,,
56786.95547,0.002823192,,,
56504.6702,-0.004983349,,,
56759.90989,0.004506972,,,
56772.57895,0.00022318,,,
56784.78413,0.000214961,,,
57262.34232,0.008374801,,,
57204.92865,-0.001003146,,,
57276.06429,0.00124275,,,
57341,0.00113309,,,
57350,0.000156943,,,
57148.48904,-0.003519892,,,
56857.23771,-0.005109427,,,
56994,0.002402475,,,
56783.84464,-0.003694139,,,
56693,-0.001601114,,,
56790.12127,0.001711643,,,
56976.93543,0.003284155,,,
56661.92041,-0.005544157,,,
56340.42038,-0.005690164,,,
56459.50879,0.002111499,,,
56328.59201,-0.002321465,,,
56507.33581,0.00316821,,,
56944.52993,0.007707168,,,
56811.08891,-0.002346101,,,
56957.94557,0.002581665,,,
57097,0.002438377,,,
57034.50126,-0.001095206,,,
56920,-0.002009597,,,
56661.05008,-0.004559746,,,
56490,-0.003023396,,,
56329.6818,-0.002842027,,,
56234.54084,-0.00169043,,,
56640.10956,0.00718621,,,
56602.19504,-0.000669618,,,
56226.51898,-0.006659253,,,
55734.40231,-0.008790922,,,
55374.23578,-0.006483165,,,
55431.25529,0.001029182,,,
55273.12133,-0.002856871,,,
55355.23904,0.001484569,,,
54587.86508,-0.013959701,,,
54550.94282,-0.000676611,,,
54812.3426,0.004780403,,,
55196.07966,0.006976531,,,
55080.79585,-0.002090807,,,
54852.5221,-0.004152955,,,
55193.60917,0.006199003,,,
55281.98383,0.001599895,,,
55298.71677,0.000302638,,,
55360.58052,0.001118094,,,
55558.2815,0.003564789,,,
55603.84251,0.000819722,,,
55732,0.002302179,,,
55636.40533,-0.001716729,,,
55636.18925,-3.88375E-06,,,
55604.93361,-0.000561944,,,
55705,0.001797978,,,
55943.08573,0.004264938,,,
55869.28856,-0.001320018,,,
56027.12851,0.002821182,,,
56252.94167,0.004022325,,,
56117.15011,-0.002416864,,,
56168.89065,0.000921585,,,
55693.00325,-0.008508532,,,
56382.10391,0.012297277,,,
56253.12604,-0.002290188,,,
55952.12079,-0.005365274,,,
56070.22237,0.002108537,,,
56048.41719,-0.000388966,,,
56001.24368,-0.000842011,,,
56045.59359,0.000791632,,,
55551.67034,-0.008851946,,,
55680.71637,0.002320297,,,
55614.39143,-0.001191875,,,
55267.13422,-0.006263592,,,
54775.50555,-0.008935299,,,
54422.1162,-0.006472496,,,
54619.91462,0.003627934,,,
55049.5895,0.007835853,,,
54968.88929,-0.00146703,,,
54627.54621,-0.006229111,,,
54741.90409,0.002091222,,,
54606.58922,-0.00247493,,,
53951.92306,-0.012061221,,,
53905.8691,-0.000853976,,,
54190.53846,0.005266965,,,
54334.0789,0.002645308,,,
54172.2165,-0.002983468,,,
54475.78261,0.005588081,,,
54538.20787,0.001145271,,,
54852.27041,0.005742061,,,
54694.87384,-0.002873588,,,
54986.3081,0.00531422,,,
55259.11036,0.00494901,,,
55164.77608,-0.001708585,,,
54987.50626,-0.003218634,,,
54897.54622,-0.001637348,,,
54930.32338,0.000596882,,,
54703.03055,-0.004146423,,,
54533.28803,-0.003107806,,,
54056.44733,-0.008782483,,,
53824.96144,-0.004291495,,,
54211.21981,0.007150568,,,
53837.3524,-0.006920386,,,
53912.13525,0.001388088,,,
54356.64104,0.0082112,,,
54848.32928,0.00900493,,,
54715.84747,-0.002418343,,,
54811.39842,0.001744789,,,
55211,0.007264036,,,
55184.21685,-0.000485223,,,
55234.48172,0.000910441,,,
55152.74116,-0.001480979,,,
54862.14092,-0.005282938,,,
55060.51431,0.003609331,,,
55595.3748,0.00966717,,,
56009.68825,0.007424669,,,
55919.70221,-0.001607907,,,
55957.9062,0.00068296,,,
55794,-0.002933396,,,
55809,0.00026881,,,
56278.04889,0.008369417,,,
55846.15569,-0.007703873,,,
55794.54805,-0.000924531,,,
55821.56845,0.000484167,,,
55826,7.93846E-05,,,
55890,0.001145763,,,
55995.61179,0.001887854,,,
56151.28731,0.00277628,,,
56318.78315,0.002978498,,,
56159,-0.002841152,,,
56048.40136,-0.001971326,,,
55570.5056,-0.008563042,,,
55324,-0.004445775,,,
55325.86118,3.36408E-05,,,
54986.45155,-0.006153632,,,
55108.665,0.002220144,,,
55328.69831,0.003984767,,,
55501,0.003109308,,,
55504.14429,5.66513E-05,,,
55228.2226,-0.004983588,,,
55790,0.01012054,,,
55819.27004,0.000524509,,,
55712.39828,-0.001916439,,,
55723.76438,0.000203993,,,
55858.29154,0.00241127,,,
55962.18957,0.001858301,,,
56163.81038,0.00359633,,,
56051.32373,-0.00200484,,,
56231.2889,0.003205578,,,
56298,0.001185667,,,
56433.61451,0.002405972,,,
56659.54407,0.003995465,,,
56573.18922,-0.001525263,,,
56555.78219,-0.000307738,,,
56918.70298,0.00639654,,,
56813.32537,-0.001853086,,,
56735,-0.001379596,,,
56765.99999,0.000546251,,,
56468.76082,-0.005249975,,,
56573.2285,0.001848299,,,
57016.95018,0.007812717,,,
56831.87898,-0.003251177,,,
56488.5,-0.00606034,,,
56465.82314,-0.000401523,,,
56386.57129,-0.001404523,,,
56239.70471,-0.002608035,,,
56488.19837,0.004408741,,,
56386.09664,-0.001809123,,,
56468.76363,0.001465015,,,
56653.00263,0.00325736,,,
56659.64945,0.000117318,,,
56165,-0.00876852,,,
55663.0723,-0.008976835,,,
55743.6422,0.00144641,,,
55877.01677,0.002389784,,,
55842.2671,-0.000622089,,,
56075.72843,0.004172013,,,
55975.20704,-0.001794209,,,
56016.77843,0.000742399,,,
56113.2874,0.001721376,,,
56143.55833,0.000539316,,,
56077,-0.001186206,,,
55749.31258,-0.005860666,,,
55775,0.000460661,,,
55205,-0.010272211,,,
55086.14125,-0.002155364,,,
55370,0.005139766,,,
55422,0.000938696,,,
55401,-0.000378983,,,
55656.40918,0.004599596,,,
55460.973,-0.003517656,,,
55262.06545,-0.003592889,,,
55406.46783,0.002609639,,,
55571.99649,0.002983079,,,
55774.31145,0.003633981,,,
55742.92029,-0.000562983,,,
55556.40174,-0.00335166,,,
55390.05222,-0.002998738,,,
55278.02876,-0.002024495,,,
55272.1493,-0.000106367,,,
55299.63957,0.000497238,,,
55200.31547,-0.001797722,,,
55211.59338,0.000204288,,,
55401.85153,0.003440058,,,
55438.34407,0.000658471,,,
55581.73961,0.002583237,,,
55620.05349,0.000689088,,,
55546.16558,-0.001329323,,,
55600,0.000968714,,,
55335.70936,-0.004764762,,,
55185.29367,-0.00272194,,,
55121,-0.00116573,,,
54911.09936,-0.003815267,,,
55095.31786,0.003349235,,,
54575.32764,-0.009482831,,,
54700.66149,0.002293896,,,
54563.14948,-0.002517065,,,
54804.04251,0.004405223,,,
55276.70554,0.008587622,,,
55400,0.002228012,,,
55423.32895,0.000421012,,,
55343,-0.001450422,,,
55448,0.001895461,,,
55574.68638,0.002282172,,,
55572.54857,-3.84681E-05,,,
55432.88586,-0.002516323,,,
55554.89485,0.002198603,,,
56173.43256,0.011072286,,,
56161.6156,-0.000210388,,,
56186.84857,0.000449191,,,
56002.20482,-0.003291656,,,
55962.30075,-0.000712799,,,
56140.21557,0.003174148,,,
56195.37644,0.000982073,,,
56018.50787,-0.00315235,,,
55805,-0.003818663,,,
55750.19982,-0.000982477,,,
55702.69758,-0.000852418,,,
55658.98673,-0.000785025,,,
55493.28884,-0.00298146,,,
55530.29651,0.000666663,,,
55463.9744,-0.001195055,,,
55427.57207,-0.000656539,,,
55304.95872,-0.002214587,,,
55294.73433,-0.00018489,,,
55414.39529,0.002161719,,,
55546.19018,0.002375527,,,
55586.02597,0.000716908,,,
55474.69465,-0.002004874,,,
55026.05555,-0.008120154,,,
55011.9436,-0.000256492,,,
54800,-0.003860124,,,
54945.94963,0.002659774,,,
54867.43558,-0.001429954,,,
54913,0.000830101,,,
54790.4238,-0.002234684,,,
54752.0517,-0.000700588,,,
54824.74256,0.001326757,,,
54448.82388,-0.006880349,,,
54033.85458,-0.007650462,,,
53987.08468,-0.000865941,,,
53870.6318,-0.002159381,,,
53892.67237,0.000409055,,,
54243.64833,0.006491384,,,
53771.35422,-0.008745028,,,
53442.97927,-0.006125598,,,
53937.17578,0.00920468,,,
53970.91964,0.000625418,,,
54074.7627,0.001922207,,,
54467.34171,0.007233704,,,
54407.876,-0.001092365,,,
54310.16209,-0.001797566,,,
53909.07286,-0.007412565,,,
52945.84866,-0.018029123,,,
53447.47096,0.009429653,,,
53737.9325,0.00541981,,,
53755.87578,0.000333848,,,
53925.56298,0.003151654,,,
53812.1391,-0.002105557,,,
53414.55863,-0.007415733,,,
53457.35965,0.000800978,,,
54018.23036,0.010437269,,,
54263.28678,0.004526291,,,
53906.1401,-0.006603492,,,
54261.34747,0.006567752,,,
54231.26125,-0.000554623,,,
54180.51569,-0.000936163,,,
54173.91295,-0.000121873,,,
54450,0.005083368,,,
54567.27171,0.002151434,,,
54653.82972,0.001585006,,,
54492,-0.002965387,,,
54457.11375,-0.000640414,,,
54316,-0.002594645,,,
54210.28742,-0.001948148,,,
54349.84608,0.002571086,,,
54119.38114,-0.004249413,,,
53823.94797,-0.005473871,,,
53642.05688,-0.003385094,,,
53357.7668,-0.005313855,,,
53635.17729,0.005185596,,,
53433.19734,-0.00377292,,,
53669.22372,0.004407496,,,
53936.0801,0.004959921,,,
54298.11311,0.006689833,,,
54236.40799,-0.00113706,,,
54381.06091,0.002663531,,,
54259.31736,-0.002241222,,,
53894.89026,-0.006739053,,,
54002.1974,0.001989065,,,
54981.64542,0.017974672,,,
54892.77148,-0.001617737,,,
54861.25514,-0.000574309,,,
54797,-0.001171916,,,
54938.41086,0.002577307,,,
55160.2655,0.004030111,,,
55010.31687,-0.002722119,,,
54919,-0.001661375,,,
55273.7594,0.00643891,,,
54701,-0.010416292,,,
54416.22649,-0.0052196,,,
54644.56953,0.004187451,,,
54545.79162,-0.001809279,,,
54619.12491,0.001343532,,,
54752.89284,0.00244611,,,
54460.62848,-0.005352177,,,
54436.37914,-0.000445363,,,
54485,0.00089277,,,
54643.71946,0.002908851,,,
54573.92718,-0.001278041,,,
55096.92814,0.00953772,,,
54943,-0.00279768,,,
54906.16276,-0.000670688,,,
54592.59878,-0.005727276,,,
54349,-0.004472106,,,
53974.00547,-0.006923664,,,
53466.97943,-0.009438294,,,
53348.55855,-0.002217298,,,
53300,-0.000910627,,,
53543.71085,0.004562014,,,
53381.24933,-0.003038797,,,
52679.95323,-0.013224559,,,
52961.17934,0.005324191,,,
53271,0.005832913,,,
52943.01623,-0.006175923,,,
52600.50892,-0.006490375,,,
52218.1806,-0.007295073,,,
52335.43212,0.002242898,,,
51614.63352,-0.013868392,,,
51297.50165,-0.006163177,,,
51770.72342,0.009182754,,,
51682.20761,-0.001711229,,,
51673.58213,-0.000166909,,,
52177.3941,0.009702671,,,
51835.85206,-0.006567303,,,
51811.92067,-0.000461783,,,
51592,-0.00425363,,,
51992.4222,0.007731359,,,
52124.58114,0.002538663,,,
51956.29176,-0.003233822,,,
51711.1229,-0.004729921,,,
51981.07043,0.005206721,,,
52068.97299,0.001689621,,,
51654.62592,-0.007989489,,,
51489.74369,-0.003197118,,,
51068.29743,-0.008218734,,,
51350.76692,0.005515969,,,
50702.66877,-0.012701324,,,
51064.85961,0.007118034,,,
50265.60527,-0.015775531,,,
49341.57599,-0.018553999,,,
49397.70363,0.001136886,,,
50000.9924,0.012138915,,,
49978.94919,-0.000440953,,,
49997.79357,0.000376975,,,
50397,0.007952774,,,
50328.36781,-0.001362759,,,
49758,-0.011397636,,,
49957,0.003991381,,,
49498.38896,-0.009222513,,,
49122.86758,-0.007615462,,,
49004.00076,-0.002422718,,,
49227.66374,0.004553794,,,
49468,0.004870259,,,
49514.58774,0.000941332,,,
49397.2812,-0.002371942,,,
48767.05864,-0.012840329,,,
49075.05253,0.006295753,,,
49016.37636,-0.001196357,,,
49383.70149,0.007465987,,,
48922.12884,-0.009390614,,,
48293.87792,-0.012925025,,,
48047.88272,-0.005106731,,,
48191.54196,0.002985457,,,
48334.68562,0.002965904,,,
48236.16311,-0.00204042,,,
48725.53324,0.010094178,,,
48711.94343,-0.000278944,,,
48374.37109,-0.006954094,,,
48204.32963,-0.003521307,,,
48218.47479,0.000293399,,,
49264.97897,0.021471221,,,
49293.17275,0.000572125,,,
49548.5101,0.005166604,,,
49462.94054,-0.001728478,,,
49555.08741,0.001861215,,,
49803.78839,0.005006125,,,
50113.38951,0.006197175,,,
50093,-0.00040695,,,
49808.10658,-0.005703524,,,
49684.70495,-0.002480615,,,
49892.08538,0.004165242,,,
49235.30881,-0.013251356,,,
49392.90631,0.003195792,,,
48930,-0.009416112,,,
48664.12066,-0.005448689,,,
49155.77592,0.010052339,,,
49354.18166,0.004028141,,,
49293,-0.001240414,,,
49762.83147,0.009486266,,,
49714.83196,-0.000965031,,,
49283,-0.008724124,,,
49127.68826,-0.003156402,,,
49601.36765,0.009595615,,,
49802.2191,0.004041136,,,
49586.43752,-0.004342184,,,
49629.87609,0.000875634,,,
49893.58339,0.005299412,,,
49827.66012,-0.001322151,,,
49659.43392,-0.003381873,,,
49960.55148,0.006045343,,,
49829.89791,-0.00261856,,,
49857,0.000543744,,,
50000,0.002864098,,,
50345.87029,0.00689359,,,
50663.86048,0.00629625,,,
50569.8102,-0.001858083,,,
50574.06895,8.42117E-05,,,
50605.91114,0.000629417,,,
50716.41092,0.002181154,,,
50865.94495,0.002944097,,,
51137.89879,0.00533224,,,
51223.14517,0.001665602,,,
51055,-0.003288001,,,
50533.74868,-0.010262079,,,
50864,0.006514,,,
50673.19482,-0.003758335,,,
50622.36999,-0.001003496,,,
50281.18016,-0.006762718,,,
50462.19908,0.003593668,,,
50440.53313,-0.000429442,,,
50586.77867,0.00289517,,,
50460.23527,-0.002504645,,,
50690.79434,0.004558717,,,
50834.79046,0.002836649,,,
50964.56148,0.002549546,,,
51130.62384,0.003253092,,,
50757.51124,-0.007323998,,,
50065.94027,-0.01371867,,,
49810.60434,-0.005113042,,,
49899.48033,0.001782689,,,
49969.99913,0.00141222,,,
49860.91988,-0.002185281,,,
49901.40175,0.000811566,,,
49732.27555,-0.003394964,,,
49350.43351,-0.00770758,,,
49846.86176,0.010008991,,,
50267.18801,0.008396998,,,
50091.28625,-0.003505473,,,
50068.58269,-0.000453346,,,
50225.96113,0.003138328,,,
50291.91737,0.001312329,,,
50106.06495,-0.003702318,,,
50265,0.003166952,,,
50190.04342,-0.001492341,,,
50379.74684,0.003772577,,,
50430,0.00099699,,,
50292.71051,-0.00272609,,,
50300,0.000144931,,,
50373.88993,0.001467907,,,
50465,0.001807043,,,
50511.29885,0.000917024,,,
50389.23571,-0.002419476,,,
50186,-0.004041472,,,
50212.45856,0.000527071,,,
49885.66258,-0.006529536,,,
49916,0.000607954,,,
49811.94833,-0.002086711,,,
49825,0.000261985,,,
49943.72897,0.002380085,,,
50005.73965,0.001240841,,,
50093.34827,0.001750438,,,
49762.99796,-0.006616535,,,
49696.38484,-0.001339504,,,
49546.05633,-0.003029523,,,
49681.01655,0.002720231,,,
49501,-0.003630028,,,
49205.74726,-0.00598244,,,
49226.02355,0.000411987,,,
49194.5987,-0.000638583,,,
49000,-0.003963537,,,
49099.15479,0.002021523,,,
49331.47709,0.004720537,,,
49000,-0.00674206,,,
49077.72213,0.001584909,,,
49296.39444,0.004445736,,,
49444.18852,0.002993585,,,
49669.48644,0.004546261,,,
49556,-0.002287446,,,
49538.93923,-0.000344332,,,
49538.93923,0,,,
49538.93923,0,,,
49538.93923,0,,,
49538.93923,0,,,
49538.93923,0,,,
49538.93923,0,,,
49538.93923,0,,,
49538.93923,0,,,
49616.93154,0.001573126,,,
49897.75673,0.005643909,,,
50217.70571,0.006391621,,,
49891.9414,-0.006508173,,,
50005.42336,0.002271972,,,
50009.69811,8.54821E-05,,,
49887.21783,-0.002452134,,,
49736.16008,-0.003032579,,,
49931.55718,0.003920976,,,
49977.37829,0.000917258,,,
50117,0.002789803,,,
50196.65003,0.00158802,,,
50668.12028,0.00934863,,,
50718.65142,0.0009968,,,
50556.83525,-0.003195567,,,
50627.20144,0.001390856,,,
50829.39171,0.003985755,,,
50697.64283,-0.002595347,,,
50665.10819,-0.000641945,,,
50535.38127,-0.002563762,,,
50818.81638,0.005592977,,,
50688.06184,-0.002576271,,,
50927.35226,0.004709736,,,
50699.22227,-0.004489581,,,
50839.98561,0.002772593,,,
50971.58453,0.002585148,,,
50777.96054,-0.003805899,,,
50712.59623,-0.001288087,,,
50520.08589,-0.003803328,,,
50619.26798,0.001961296,,,
50312.30531,-0.006082608,,,
50362.5768,0.00099869,,,
50290.70449,-0.001428117,,,
50299,0.000164938,,,
50021.51824,-0.005531919,,,
50178,0.003123406,,,
50116.78998,-0.001220602,,,
49982.56729,-0.002681791,,,
49800.79565,-0.003643329,,,
49847,0.000927353,,,
50221.11506,0.007477243,,,
50162.08907,-0.001176013,,,
50136.63238,-0.000507618,,,
50189.17089,0.001047358,,,
50389,0.003973613,,,
50265,-0.002463887,,,
50294,0.000576776,,,
50208.87739,-0.001693934,,,
49948.32257,-0.005202929,,,
49814.52893,-0.002682235,,,
49629.49832,-0.003721306,,,
49658.98229,0.000593905,,,
49673.04751,0.000283196,,,
49500.54672,-0.003478768,,,
49657.10873,0.003157843,,,
49655.83009,-2.57496E-05,,,
49799.60021,0.002891149,,,
49733.54443,-0.001327312,,,
49802.75302,0.001390621,,,
49822.07223,0.000387839,,,
49619.4581,-0.004075046,,,
49565.01027,-0.001097911,,,
49377.42739,-0.003791762,,,
49439.77253,0.001261828,,,
49250.6635,-0.003832373,,,
49500,0.00504983,,,
49658.86755,0.003204306,,,
49661.69781,5.69925E-05,,,
49696.86497,0.000707884,,,
49722.33566,0.00051239,,,
50064.16382,0.006851217,,,
49851.89399,-0.00424897,,,
49391.64517,-0.009275206,,,
49353.21013,-0.000778472,,,
49495.24991,0.002873892,,,
49855,0.007242089,,,
49678.47219,-0.003547108,,,
49446.27886,-0.004684879,,,
49358.20475,-0.001782796,,,
49412.10587,0.001091444,,,
49505,0.001878222,,,
49423.53138,-0.00164702,,,
49561.40489,0.002785749,,,
49803.06525,0.00486413,,,
49694.24761,-0.002187349,,,
49814,0.002406885,,,
49851.43662,0.000751246,,,
49930.60465,0.001586819,,,
49850,-0.001615638,,,
49849.44747,-1.10839E-05,,,
49875.72745,0.000527048,,,
49727.38282,-0.002978717,,,
50014,0.005747223,,,
50391.54673,0.007520471,,,
50336.1018,-0.001100888,,,
50385,0.000970962,,,
50383,-3.96951E-05,,,
50315.93894,-0.001331912,,,
50224.63262,-0.001816308,,,
50150,-0.001487082,,,
50205.03895,0.001096885,,,
50236.86918,0.000633804,,,
50388.67074,0.00301716,,,
50060,-0.006544077,,,
49909,-0.003020939,,,
49845.49161,-0.001273294,,,
49925.3,0.001599835,,,
49809.49111,-0.002322338,,,
49633.48042,-0.003539936,,,
49591.70973,-0.000841937,,,
49612.11638,0.000411409,,,
49703.28226,0.001835887,,,
49550,-0.003088712,,,
49507,-0.000868187,,,
49324.84462,-0.003686172,,,
49437.29969,0.002277292,,,
49526.96549,0.001812085,,,
49382.15142,-0.002928227,,,
48053.76891,-0.027268482,,,
48249.23846,0.004059475,,,
47937.15668,-0.006489127,,,
47147.29683,-0.016614241,,,
47626.91857,0.010121441,,,
47989.81671,0.007590719,,,
47940.71558,-0.001023681,,,
48418.41797,0.009915122,,,
48636.57916,0.004495627,,,
48594.21201,-0.000871476,,,
49032.50097,0.008978934,,,
48977.10076,-0.001130506,,,
49093.37723,0.002371285,,,
49892.32711,0.016143083,,,
50099.55783,0.004144957,,,
50766.26677,0.013219912,,,
50898.00139,0.002591563,,,
50601.6558,-0.005839358,,,
50842.92064,0.004756593,,,
51483.2117,0.012514876,,,
51928.40365,0.008610149,,,
52247.3876,0.006123975,,,
51954.85536,-0.005614716,,,
51912.03372,-0.000824548,,,
51960,0.000923565,,,
52242.29592,0.005418242,,,
51952.47754,-0.005563026,,,
52023.21735,0.001360699,,,
52395.75525,0.007135475,,,
52224.60633,-0.003271812,,,
52191.77646,-0.000628826,,,
52243,0.000980967,,,
52280,0.000707978,,,
52090.20922,-0.00363688,,,
52328.87791,0.004571369,,,
52386.63628,0.001103148,,,
52524.35751,0.002625489,,,
52823.37065,0.005676704,,,
52657.1261,-0.003152141,,,
52991.82572,0.006336092,,,
52850.86391,-0.002663611,,,
52646.85932,-0.003867474,,,
52697.96771,0.000970307,,,
52925.08991,0.004300624,,,
52813.79153,-0.002105156,,,
52576.0848,-0.004511005,,,
52679.52529,0.001965511,,,
52611.2489,-0.001296911,,,
52586.59063,-0.000468798,,,
52409.39863,-0.003375218,,,
52361.85203,-0.000907627,,,
52617.61917,0.004872717,,,
53430.75333,0.015335456,,,
53365.37009,-0.00122445,,,
53418,0.000985732,,,
53169.57386,-0.004661455,,,
53245.6736,0.001430242,,,
53475.81757,0.004312989,,,
53421.32899,-0.001019458,,,
53607.73431,0.003483269,,,
53610.68054,5.49575E-05,,,
53580,-0.000572448,,,
53793.324,0.003973506,,,
53823.84245,0.000567167,,,
53491.844,-0.006187344,,,
53246.78725,-0.004591724,,,
53682.05446,0.008141295,,,
53890.33805,0.003872441,,,
53678.70995,-0.003934745,,,
53653.72375,-0.000465585,,,
53605.46677,-0.00089982,,,
53619.93284,0.000269825,,,
53520.12564,-0.001863117,,,
53368,-0.002846448,,,
53503.90379,0.002543304,,,
53588.86422,0.00158667,,,
53571.10483,-0.000331456,,,
53288.03448,-0.005298021,,,
53062.13583,-0.004248211,,,
53214.05417,0.002858937,,,
53280.32504,0.001244589,,,
53721.59036,0.008247849,,,
54273.0355,0.010212544,,,
54176.92916,-0.001772363,,,
54047,-0.002401118,,,
54182.03432,0.002495345,,,
54125.89842,-0.001036598,,,
54135.94598,0.000185616,,,
54244.73758,0.002007584,,,
53907.74559,-0.006231814,,,
53798.44209,-0.002029661,,,
53848.18041,0.000924104,,,
54030.62824,0.003382462,,,
53770.50114,-0.004826064,,,
53209.09924,-0.010495591,,,
53439.84795,0.004327264,,,
53202.1956,-0.004457018,,,
52961.05883,-0.004542762,,,
52671.44355,-0.005483464,,,
53485.33276,0.015334022,,,
53336.66237,-0.002783518,,,
53937.193,0.011196333,,,
53718.1529,-0.00406929,,,
53541.47254,-0.003294446,,,
53582,0.000756649,,,
53657.20529,0.001402571,,,
53781.24768,0.002309088,,,
53880.5967,0.001845576,,,
54011.8843,0.002433676,,,
53841.58627,-0.003157955,,,
53568.36952,-0.005087374,,,
53754.18253,0.003462706,,,
53688.03734,-0.00123127,,,
53795.12865,0.001992709,,,
53792,-5.81604E-05,,,
53711.34999,-0.001500419,,,
53802.49294,0.001695465,,,
53905,0.001903435,,,
53926.91822,0.000406526,,,
53899.10553,-0.000515881,,,
53821.80989,-0.001435109,,,
53693.71332,-0.002382849,,,
53467,-0.004231283,,,
53482,0.000280508,,,
53460.11681,-0.000409253,,,
53440.08303,-0.000374813,,,
53415.21192,-0.00046551,,,
53423.14863,0.000148574,,,
53462.90375,0.000743878,,,
53868.75403,0.007562582,,,
53901.6482,0.000610449,,,
53856.56425,-0.000836761,,,
53908.82788,0.000969952,,,
54620.35789,0.013112421,,,
54744.09825,0.0022629,,,
54700,-0.000805859,,,
54694.80982,-9.4889E-05,,,
54745.36848,0.000923951,,,
54664.72499,-0.001474151,,,
54646.78533,-0.00032823,,,
54539.01499,-0.001974073,,,
54739,0.003660118,,,
54782.37783,0.000792135,,,
54574.46594,-0.003802453,,,
54433.26957,-0.002590577,,,
54369,-0.001181401,,,
54527,0.002901853,,,
54630.96613,0.001904875,,,
54501.53556,-0.002371991,,,
54508.53194,0.000128362,,,
54563.01683,0.000999067,,,
54575,0.000219597,,,
54708.36686,0.002440754,,,
54841.09839,0.002423227,,,
54747.64692,-0.001705494,,,
54883.00181,0.00246929,,,
55119,0.004290805,,,
55033,-0.001561479,,,
54915.25936,-0.002141747,,,
54813.90119,-0.001847425,,,
54798.42967,-0.000282295,,,
54950.31337,0.002767846,,,
54855,-0.001736043,,,
54531.99414,-0.005905762,,,
54717.97782,0.00340474,,,
54483.25,-0.004299003,,,
54992.51558,0.009303781,,,
54963.47918,-0.000528146,,,
54943.60807,-0.000361598,,,
54954.84994,0.000204587,,,
54945.52363,-0.000169723,,,
55181.30724,0.004282044,,,
54997.62271,-0.003334298,,,
54943,-0.000993677,,,
54794.83887,-0.002700276,,,
54842.31551,0.000866069,,,
54659,-0.003348191,,,
54521.76351,-0.002513933,,,
54811.67249,0.00530322,,,
54782.32134,-0.000535634,,,
54850,0.001234648,,,
54741.77945,-0.001974976,,,
54870,0.002339541,,,
54833.66551,-0.000662412,,,
54962.97121,0.002355368,,,
54847.35034,-0.00210583,,,
54689.99816,-0.002873034,,,
54670.6953,-0.000353013,,,
54763.4559,0.001695277,,,
54890.75897,0.002321901,,,
54938.38874,0.000867343,,,
54994,0.001011736,,,
55109.55306,0.00209899,,,
54926.5,-0.00332715,,,
54911.91542,-0.000265564,,,
55154.83468,0.004414042,,,
55264.41224,0.001984755,,,
55252.79994,-0.000210145,,,
55089.3068,-0.002963388,,,
55040.56606,-0.00088515,,,
54923.5,-0.00212917,,,
54938.25352,0.000268583,,,
54996.71254,0.00106352,,,
55019.56623,0.00041546,,,
55013.89901,-0.000103009,,,
55077.898,0.001162648,,,
55306.10394,0.004134771,,,
55333.90301,0.000502514,,,
55383.99999,0.000904948,,,
55578.76708,0.003510498,,,
55629.64223,0.000914952,,,
55578,-0.000928753,,,
55473.6497,-0.001879312,,,
55575,0.001825332,,,
55517.20003,-0.001040577,,,
55515.7812,-2.55569E-05,,,
55193,-0.005831193,,,
55215.29473,0.00040386,,,
55114.68144,-0.001823862,,,
54873.28331,-0.004389544,,,
54775.1135,-0.00179063,,,
54916,0.002568787,,,
54970.89303,0.000999082,,,
54899.46711,-0.001300186,,,
54818.6213,-0.001473701,,,
54890.48969,0.001310163,,,
54757.73799,-0.002421412,,,
54517.78416,-0.004391729,,,
54561.69673,0.000805148,,,
54109.6427,-0.008319703,,,
54015.21077,-0.001746721,,,
54328.9573,0.005791681,,,
54135.80947,-0.003561489,,,
54355.24469,0.004045228,,,
54461.39333,0.001950964,,,
54423.61524,-0.000693908,,,
54299.01439,-0.002292088,,,
54417.38278,0.002177564,,,
54482.93251,0.001203848,,,
54312.39882,-0.003134947,,,
54074.01761,-0.004398736,,,
54239.36171,0.003053071,,,
53926.83314,-0.00577869,,,
54256.16305,0.006088405,,,
54224.01341,-0.000592729,,,
54431.76365,0.003824012,,,
54344.74552,-0.001599944,,,
54305.35677,-0.000725057,,,
54400,0.00174128,,,
54730.42269,0.006055575,,,
54926.22345,0.003571165,,,
55023.96401,0.001777907,,,
54852,-0.00313015,,,
55252.08768,0.007267477,,,
55169.7124,-0.001492011,,,
55203.92533,0.000619947,,,
55166.60941,-0.000676193,,,
54827.76163,-0.006161204,,,
54804.97675,-0.000415658,,,
54759.14389,-0.00083664,,,
54775.50586,0.000298754,,,
54797.67412,0.000404629,,,
54665.0781,-0.00242267,,,
54508.16967,-0.002874487,,,
54493,-0.00027834,,,
54248.80315,-0.004491323,,,
54327.41859,0.001448115,,,
54414.31402,0.001598199,,,
54330.53905,-0.001540762,,,
54367.58941,0.000681711,,,
54398.04743,0.000560067,,,
54704.12224,0.005610807,,,
54681.28505,-0.000417555,,,
54530,-0.002770504,,,
54760.07494,0.00421036,,,
54950,0.003462312,,,
54812.25971,-0.002509795,,,
54908.26693,0.001750033,,,
54883.63712,-0.000448664,,,
54841.78149,-0.000762916,,,
54928.11268,0.001572949,,,
54816.39496,-0.002035961,,,
54978.9044,0.002960228,,,
54948,-0.000562272,,,
55388.50187,0.007984741,,,
55490.1934,0.001834285,,,
54779.07999,-0.012897941,,,
54579.80103,-0.003644499,,,
54353.81352,-0.004149093,,,
54362.72087,0.000163864,,,
54542.46437,0.00330092,,,
54700.83143,0.002899348,,,
54803.3027,0.001871551,,,
54709.03135,-0.001721658,,,
54542.11641,-0.003055621,,,
54422.52556,-0.00219504,,,
54440.46571,0.000329591,,,
54681.24998,0.004413139,,,
54630.49714,-0.000928589,,,
54724.70189,0.001722913,,,
54827,0.001867577,,,
54945.21239,0.002153777,,,
54918.78916,-0.000481017,,,
54841.84914,-0.00140196,,,
54696.79539,-0.00264845,,,
54671,-0.000471718,,,
54497.31288,-0.003182009,,,
54540.42602,0.000790793,,,
54580.32976,0.000731368,,,
54505.26277,-0.001376295,,,
54429.1935,-0.001396606,,,
54449.42239,0.000371586,,,
54578.17699,0.002361873,,,
54576.8082,-2.50798E-05,,,
54474.88016,-0.001869353,,,
54203.21356,-0.004999484,,,
54257.9477,0.001009286,,,
54132.98343,-0.002305808,,,
54107.94574,-0.000462629,,,
53722,-0.007158445,,,
53563.96482,-0.002946057,,,
53798.87596,0.00437603,,,
53830.5007,0.00058766,,,
53673.59126,-0.002919136,,,
53912.83368,0.004447453,,,
54257.18589,0.006366891,,,
54324,0.001230676,,,
54306.90462,-0.000314743,,,
54379.18107,0.001330004,,,
54371.3295,-0.000144396,,,
54418,0.000857998,,,
54302.4452,-0.002125724,,,
54422,0.002199227,,,
54147.54589,-0.005055832,,,
53933.29784,-0.003964594,,,
53974.78203,0.00076888,,,
53949,-0.000477782,,,
54190.72587,0.004470629,,,
54550,0.006607928,,,
54654.76507,0.001918691,,,
54547.92267,-0.001956773,,,
54624.90615,0.001410305,,,
54377.60255,-0.004537584,,,
54430.4988,0.000972285,,,
54426.97578,-6.47273E-05,,,
54276.48698,-0.002768797,,,
54227,-0.000912173,,,
54301.86753,0.00137968,,,
54296.45311,-9.97146E-05,,,
54371.56497,0.00138241,,,
54379,0.000136736,,,
54466,0.001598604,,,
54326.31252,-0.002567967,,,
54102.12222,-0.004135274,,,
53939.36848,-0.003012803,,,
53805,-0.00249421,,,
53601,-0.003798675,,,
53645.1205,0.00082279,,,
53750.37548,0.001960138,,,
53752.03441,3.08632E-05,,,
53658.54757,-0.001740738,,,
53619.29915,-0.000731715,,,
53728.23305,0.002029556,,,
53846.7665,0.002203737,,,
53721.42121,-0.002330528,,,
53761.55473,0.000746788,,,
53477.92053,-0.005289747,,,
53385.77112,-0.001724616,,,
52970.74011,-0.007804564,,,
52798.41228,-0.003258568,,,
53080,0.00531909,,,
52832.71764,-0.004669558,,,
52751.32687,-0.001541725,,,
52626.3421,-0.002372131,,,
52773.44929,0.002791415,,,
52665.78669,-0.002042174,,,
52895.09154,0.004344511,,,
52934.44244,0.000743666,,,
53022.199,0.001656462,,,
52989.9822,-0.000607794,,,
52855,-0.002550565,,,
52526.76351,-0.006229494,,,
53057,0.010043987,,,
52792.86955,-0.004990672,,,
52967.12603,0.003295322,,,
52957.21439,-0.000187146,,,
52897.70048,-0.001124443,,,
53007.43593,0.002072336,,,
53331.70723,0.006098832,,,
53247.34542,-0.001583085,,,
53116.01494,-0.00246947,,,
53210.05977,0.00176899,,,
53388.52492,0.003348362,,,
53363,-0.000478212,,,
53528.83573,0.003102872,,,
53557.35202,0.000532586,,,
53550.93177,-0.000119883,,,
53367.16435,-0.00343754,,,
53600.71244,0.004366703,,,
53462.95624,-0.002573352,,,
53347.99721,-0.002152571,,,
53297.40297,-0.000948831,,,
53288.36044,-0.000169676,,,
53482.12763,0.003629606,,,
53413.23252,-0.00128902,,,
53546.09755,0.002484404,,,
53486.95349,-0.001105155,,,
53426.65356,-0.001128012,,,
53513.50542,0.001624308,,,
53550.23802,0.000686182,,,
53632.49423,0.001534878,,,
53637.56485,9.45394E-05,,,
53675.72859,0.000711258,,,
54078.4734,0.007475285,,,
54177.21519,0.001824233,,,
54060.24701,-0.002161326,,,
54110.15695,0.000922802,,,
54090.7,-0.000359645,,,
54012.37538,-0.001449073,,,
54023.7481,0.000210536,,,
54248.40721,0.004149902,,,
54173.46986,-0.001382329,,,
54238.48214,0.001199357,,,
54328.02944,0.00164963,,,
54424.45506,0.001773305,,,
54422.09669,-4.33338E-05,,,
54342.76555,-0.001458764,,,
54340.85444,-3.51684E-05,,,
54317.09504,-0.000437325,,,
54189.90775,-0.002344316,,,
54313.00702,0.002269051,,,
54351,0.000699275,,,
54525,0.003196299,,,
54766.59603,0.004421134,,,
54571.58553,-0.003567111,,,
54410.85432,-0.002949674,,,
54323,-0.001615952,,,
54434.70692,0.002054235,,,
54335.46854,-0.001824736,,,
54385.11757,0.000913333,,,
54162.05215,-0.004110024,,,
54320.87604,0.002928092,,,
54280.28789,-0.000747472,,,
54150.27587,-0.002398071,,,
54203,0.000973189,,,
54372.94521,0.003130442,,,
54465.86914,0.001707552,,,
54522.90359,0.001046612,,,
54651.68698,0.00235922,,,
54605,-0.000854629,,,
54806.13508,0.003676688,,,
55339.89369,0.009691912,,,
55948.09072,0.010930256,,,
55929.44171,-0.000333383,,,
56059.00129,0.002313804,,,
56152.95942,0.001674655,,,
55940.91516,-0.003783338,,,
56235.62813,0.005254461,,,
56772.85688,0.009507831,,,
56914.25207,0.002487446,,,
57153.45007,0.004193972,,,
56906,-0.004338973,,,
56893,-0.000228473,,,
57019.74284,0.002225263,,,
56731.73301,-0.005063854,,,
56686.19074,-0.000803088,,,
56686.19074,0,,,
56686.19074,0,,,
56686.19074,0,,,
56686.19074,0,,,
56686.19074,0,,,
56686.19074,0,,,
56686.19074,0,,,
56686.19074,0,,,
56686.19074,0,,,
56686.19074,0,,,
56686.19074,0,,,
56686.19074,0,,,
56686.19074,0,,,
56797,0.001952876,,,
56739.01419,-0.001021452,,,
56817.79587,0.001387529,,,
56669.5732,-0.002612145,,,
56920.10486,0.004411177,,,
56996.30506,0.001337827,,,
56922.71126,-0.001292037,,,
57232.1471,0.005421348,,,
57300,0.001184871,,,
57099.06231,-0.003512929,,,
57413,0.005483064,,,
57458.06046,0.00078454,,,
57700,0.004201875,,,
57655.73573,-0.000767439,,,
57800,0.002499042,,,
57953.22051,0.002647366,,,
57798.37971,-0.002675399,,,
57755.52717,-0.000741689,,,
57617.83335,-0.002386927,,,
57809.79037,0.003326018,,,
58036.14,0.003907775,,,
58300,0.004536173,,,
58131.52446,-0.002893987,,,
58279.585,0.002543754,,,
58080.94811,-0.003414166,,,
58057.39226,-0.000405652,,,
58041.14217,-0.000279936,,,
58181,0.002406734,,,
58128.09399,-0.000909749,,,
58172.98233,0.000771933,,,
58178.74117,9.89903E-05,,,
58028.25904,-0.002589899,,,
57860.5201,-0.002894828,,,
58059.96796,0.003441118,,,
58000.82781,-0.001019124,,,
58198.57394,0.003403569,,,
58250.49891,0.000891806,,,
58105,-0.002500939,,,
57983.09881,-0.00210015,,,
58176,0.00332133,,,
57969.06866,-0.003563329,,,
57913.64914,-0.000956476,,,
57710.17766,-0.003519546,,,
57909.25657,0.003443696,,,
57840.16117,-0.001193879,,,
57738.32906,-0.00176213,,,
57770.24502,0.000552616,,,
57805.90085,0.00061701,,,
57527.39157,-0.004829652,,,
57467.25066,-0.001045978,,,
57257.00145,-0.003665301,,,
57463.40054,0.003598302,,,
57713.19409,0.004337582,,,
57482.01125,-0.004013763,,,
57388.3443,-0.001630829,,,
57477,0.001543646,,,
57516.96202,0.000695028,,,
57373.7391,-0.002493204,,,
57603.5955,0.003998296,,,
57633.3471,0.000516355,,,
57659.32637,0.000450666,,,
57785.41449,0.00218439,,,
57985.12825,0.003450169,,,
57812.72664,-0.002977633,,,
57849.37908,0.000633785,,,
57752.96789,-0.00166798,,,
57828.85282,0.001313095,,,
57856.71292,0.000481652,,,
57599.56908,-0.004454401,,,
57592.91817,-0.000115475,,,
57360.38832,-0.004045646,,,
57492.25893,0.002296345,,,
57402.31829,-0.001565621,,,
57402.99566,1.18004E-05,,,
57230.3752,-0.003011699,,,
57101,-0.002263163,,,
57347.533,0.004308196,,,
57341.18311,-0.000110733,,,
57418,0.00133875,,,
57404.2436,-0.000239612,,,
57386.83521,-0.000303306,,,
57483.01801,0.00167464,,,
57647.50513,0.002857404,,,
57687.21126,0.000688537,,,
57622.18819,-0.001127802,,,
57568.61917,-0.000930092,,,
57431.90053,-0.002377706,,,
57497.69754,0.001144997,,,
57554.84657,0.000993442,,,
57587.29826,0.000563681,,,
57499.68848,-0.001522497,,,
57966.95673,0.008093607,,,
57868.54332,-0.001699193,,,
57755.8,-0.001950166,,,
57732.78879,-0.000398502,,,
57750.54398,0.000307494,,,
57803.40038,0.000914835,,,
57646.27218,-0.002722022,,,
57651.90996,9.77948E-05,,,
57593.73077,-0.001009655,,,
57510.93031,-0.001438699,,,
57417.36946,-0.001628161,,,
57461.61942,0.000770375,,,
57540.81416,0.001377271,,,
57600,0.00102806,,,
57644.98369,0.000780662,,,
57641.99496,-5.18485E-05,,,
57840.88581,0.003444511,,,
57883.3467,0.000733829,,,
57794.78993,-0.001531089,,,
57635.63274,-0.002757632,,,
57556.13212,-0.001380318,,,
57398,-0.002751223,,,
57437.05101,0.000680124,,,
57377.15453,-0.001043364,,,
57392.32445,0.000264355,,,
57391.0226,-2.26836E-05,,,
57417.91684,0.000468504,,,
57543.71135,0.002188462,,,
57645,0.001758656,,,
57647.75113,4.77242E-05,,,
57658.95802,0.000194384,,,
57621.1807,-0.0006554,,,
57330.32117,-0.005060572,,,
56831.97999,-0.008730454,,,
56520.4696,-0.005496329,,,
56631.94982,0.001970444,,,
56633.06559,1.9702E-05,,,
56738.27633,0.001856038,,,
56893.87358,0.002738615,,,
56795.58577,-0.001729058,,,
56974.84413,0.003151232,,,
56969.57856,-9.24234E-05,,,
56903.12973,-0.001167072,,,
56941.31595,0.000670849,,,
56856.90388,-0.00148354,,,
56720.20213,-0.002407207,,,
56888.57501,0.002964084,,,
56867.08835,-0.000377769,,,
56567.86489,-0.005275696,,,
56534.96437,-0.000581781,,,
56637.88733,0.001818863,,,
56406.95765,-0.004085635,,,
56292.54158,-0.002030464,,,
56371.14574,0.001395377,,,
56501.64266,0.002312284,,,
56514.10739,0.000220584,,,
56227.19518,-0.005089755,,,
56257.1517,0.000532634,,,
56452.00556,0.003457644,,,
56714,0.004630276,,,
56717,5.28956E-05,,,
56753.08802,0.00063608,,,
56812.212,0.001041233,,,
56717.99999,-0.001659682,,,
56732.69542,0.000259063,,,
56674.52316,-0.001025901,,,
57073.94283,0.007022887,,,
56864.78975,-0.003671329,,,
56842.21597,-0.000397052,,,
56838.68868,-6.2056E-05,,,
56837.88734,-1.40985E-05,,,
56742.04187,-0.001687719,,,
56779.74169,0.000664186,,,
56702.12748,-0.00136787,,,
56658,-0.000778536,,,
56847.33788,0.003336196,,,
56816.90839,-0.000535428,,,
56797.42866,-0.00034291,,,
56832.14393,0.000611025,,,
56747.30413,-0.001493929,,,
56609.16121,-0.00243732,,,
56630.31029,0.000373528,,,
56575.37509,-0.000970538,,,
56705.50208,0.002297423,,,
56505.27996,-0.00353716,,,
56658.38369,0.002705883,,,
56556.45716,-0.001800586,,,
56593.07224,0.000647198,,,
56649.40079,0.000994831,,,
56794.65592,0.002560825,,,
56780.22503,-0.000254121,,,
56738.40358,-0.000736821,,,
56804.06403,0.00115658,,,
56738.8801,-0.001148181,,,
56822,0.001463883,,,
56721,-0.001779062,,,
56705.05614,-0.000281132,,,
56720.78481,0.000277338,,,
56839.33786,0.002087935,,,
56834.76175,-8.05128E-05,,,
56832.68321,-3.65722E-05,,,
56738.67151,-0.001655553,,,
56985.53638,0.004341473,,,
56906.49866,-0.001387941,,,
56981.17826,0.001311461,,,
56930,-0.000898564,,,
56653.71385,-0.0048649,,,
56545,-0.001920762,,,
56459.31355,-0.001516517,,,
56282.6538,-0.00313388,,,
56364.78336,0.00145817,,,
56500.67998,0.002408118,,,
56503.56827,5.11182E-05,,,
56538.27875,0.000614117,,,
56576.03748,0.000667621,,,
57016.49,0.007754995,,,
57198.24551,0.003182701,,,
57446.56581,0.004332,,,
57416.50643,-0.000523395,,,
57562.16872,0.002533728,,,
57653.22201,0.001580575,,,
58092.15306,0.007584461,,,
58021,-0.001225581,,,
57967,-0.000931131,,,
58182.98652,0.003719101,,,
58111.1723,-0.001235045,,,
58055.51868,-0.000958168,,,
58051.14615,-7.53192E-05,,,
57943.54697,-0.001855244,,,
57974.66916,0.000536968,,,
57946.42643,-0.000487275,,,
58010,0.001096508,,,
57916.36299,-0.001615457,,,
57733.459,-0.003163068,,,
57804.4348,0.001228615,,,
57918.53169,0.001971898,,,
57929.20679,0.000184295,,,
58025.66941,0.001663796,,,
57940.24908,-0.001473197,,,
58023,0.001427192,,,
57937,-0.00148327,,,
58016.41043,0.001369696,,,
57940.13007,-0.001315672,,,
57925.31073,-0.000255803,,,
58428.46298,0.008648716,,,
58649.58095,0.003777279,,,
58782.6427,0.002266189,,,
58628.71928,-0.002621952,,,
58791.7,0.002776022,,,
58685.69558,-0.001804678,,,
58755,0.001180246,,,
58439.663,-0.005381436,,,
58488.82534,0.000840896,,,
58581.57711,0.001584547,,,
58412.6887,-0.002887125,,,
58540.33821,0.00218292,,,
58518,-0.000381659,,,
58352.1452,-0.002838277,,,
58468.66931,0.001994921,,,
58590,0.00207299,,,
58821.77601,0.003948093,,,
58779.98716,-0.000710684,,,
58642.30305,-0.002345111,,,
58671.72052,0.000501517,,,
58505.09445,-0.002844013,,,
58541.02081,0.000613884,,,
58553.78729,0.000218054,,,
58614.67669,0.001039348,,,
58541.44005,-0.00125024,,,
58248,-0.005025123,,,
57693.97094,-0.009557079,,,
57789.6671,0.001657312,,,
57978.9424,0.003269893,,,
58132.2546,0.002640784,,,
57779.88928,-0.006079888,,,
57840.99507,0.001057003,,,
57963.9548,0.002123567,,,
57555.41454,-0.007073134,,,
57543,-0.00021572,,,
57251.20671,-0.005083774,,,
57519.41056,0.004673746,,,
57808,0.005004709,,,
57681.24751,-0.002195053,,,
57813.44999,0.002289326,,,
57877,0.001098622,,,
58128.82517,0.004341602,,,
57967,-0.002787788,,,
57936.86146,-0.000520061,,,
57822.78785,-0.001970871,,,
57809.74361,-0.000225615,,,
57758.57825,-0.000885457,,,
57480.85197,-0.004819996,,,
57527.80995,0.000816599,,,
57533.96497,0.000106986,,,
57560,0.000452413,,,
57464.51135,-0.001660319,,,
57314,-0.002622641,,,
56962.52969,-0.006151244,,,
56762.83331,-0.00351191,,,
56549.44196,-0.003766434,,,
56889.09279,0.005988297,,,
56930.98276,0.000736074,,,
57067.04698,0.002387134,,,
57011.11997,-0.000980503,,,
57064.13491,0.000929473,,,
57143.72444,0.001393766,,,
57288.58599,0.002531831,,,
57181.12315,-0.001877577,,,
57120.31231,-0.001064044,,,
57293.61151,0.00302934,,,
57164.6856,-0.002252802,,,
56543.70081,-0.010922518,,,
56520.78972,-0.000405275,,,
56619.09159,0.001737706,,,
55296.30491,-0.023640148,,,
55363.66069,0.001217347,,,
55546.12033,0.003290238,,,
55587.99143,0.000753524,,,
55681.31625,0.001677459,,,
55731.2734,0.000896796,,,
55740.97084,0.000173988,,,
55813.90096,0.00130752,,,
55712.71552,-0.001814553,,,
55725.80265,0.000234876,,,
55792.40384,0.001194445,,,
55532.09114,-0.004676656,,,
55460.55793,-0.001288972,,,
55668.47346,0.00374188,,,
55717,0.000871326,,,
55745.23934,0.000506707,,,
55801.44862,0.001007816,,,
56099.32737,0.005323993,,,
56006.92,-0.001648568,,,
55856.74508,-0.002684965,,,
55991.66655,0.002412578,,,
55920,-0.00128077,,,
56134.94191,0.003836371,,,
56035.90576,-0.00176581,,,
56059,0.000412048,,,
56334.12181,0.004895715,,,
56170.36801,-0.002911064,,,
55986,-0.003287699,,,
55926.76665,-0.001058563,,,
55609.19605,-0.005694512,,,
55732.93128,0.002222614,,,
55627,-0.001902503,,,
55723.04906,0.001725174,,,
56180,0.008166953,,,
56277.86965,0.001740557,,,
56166.74242,-0.001976569,,,
56072,-0.001688231,,,
56492.22362,0.007466414,,,
56385.11255,-0.001897832,,,
56316,-0.001226475,,,
56421.97315,0.001879991,,,
56149,-0.004849806,,,
56133.31287,-0.000279423,,,
56033.61383,-0.001777691,,,
56142.79088,0.001946525,,,
55726.40038,-0.007444273,,,
55730.34503,7.07835E-05,,,
56162.52043,0.007724846,,,
56015.82009,-0.002615486,,,
55912.65345,-0.001843439,,,
55887.10452,-0.000457048,,,
55611.94874,-0.004935582,,,
55419.72282,-0.003462546,,,
55179.83034,-0.004338044,,,
55338.70286,0.00287504,,,
54742.73796,-0.010827815,,,
54833.70534,0.001660346,,,
54200,-0.011624157,,,
54255.95837,0.00103191,,,
54447.75458,0.003528792,,,
53814.07322,-0.011706593,,,
54111.44226,0.005510649,,,
54017.78856,-0.001732256,,,
53579.32509,-0.008150142,,,
53863.32844,0.005286616,,,
53952.69812,0.001657819,,,
54143.50017,0.00353023,,,
54253.48403,0.00202928,,,
54167,-0.001595345,,,
54246.83965,0.001472869,,,
54149.20392,-0.001801464,,,
54610.97619,0.00849162,,,
54714.78935,0.001899153,,,
54491.24103,-0.004094071,,,
54408.34889,-0.001522359,,,
54465.86695,0.001056597,,,
54561.75796,0.001759023,,,
54676.29097,0.002096944,,,
54049.28865,-0.011533795,,,
54310.71133,0.004825086,,,
54741.48959,0.007900446,,,
54674.42885,-0.001225795,,,
54600.06607,-0.001361027,,,
54410.8389,-0.003471714,,,
54366.55121,-0.000814281,,,
54091.54469,-0.005071214,,,
53958.18306,-0.002468524,,,
53598.56216,-0.006687117,,,
54079.20897,0.008927562,,,
54175.27782,0.001774871,,,
53991.19336,-0.003403728,,,
53789.67635,-0.003739388,,,
53252.32475,-0.010040098,,,
53766.30822,0.009605569,,,
54072.4386,0.005677573,,,
54650.74442,0.010638233,,,
54556.14119,-0.001732551,,,
54942.7094,0.00706071,,,
54791.79562,-0.002750527,,,
54753.19213,-0.000704797,,,
54765.86712,0.000231466,,,
55264.54684,0.00906446,,,
55211.59018,-0.000958699,,,
55107.51187,-0.00188686,,,
55077.23417,-0.000549581,,,
54925.31221,-0.002762155,,,
55024.22423,0.001799226,,,
54989,-0.000640364,,,
54804.28571,-0.003364768,,,
54868.31116,0.001167574,,,
54804.82288,-0.001157773,,,
54763.91792,-0.000746654,,,
54551.28966,-0.003890191,,,
54466.36779,-0.001557947,,,
54632.8141,0.003051287,,,
54785.78216,0.002796018,,,
54696.80805,-0.001625357,,,
54576.87157,-0.002195159,,,
54308.62934,-0.004927061,,,
54036.54838,-0.005022494,,,
54438.03446,0.007402433,,,
54482.0442,0.000808111,,,
54533.50498,0.0009441,,,
54751.64783,0.003992183,,,
54834.64009,0.001514647,,,
54728,-0.001946651,,,
55244.15429,0.009387069,,,
55287.25807,0.000779937,,,
55427.31121,0.002529987,,,
55270,-0.002842189,,,
55137.51794,-0.002399875,,,
55262.57335,0.002265496,,,
55360.98363,0.001779192,,,
55248.23024,-0.002038771,,,
55240.5996,-0.000138125,,,
55332.28444,0.001658361,,,
55653,0.005779441,,,
55371.09423,-0.005078292,,,
55227.52151,-0.002596286,,,
55208.88313,-0.000337541,,,
55122.2512,-0.001570399,,,
55280.80397,0.002872255,,,
55447.14371,0.003004478,,,
55397.7382,-0.000891435,,,
55620.96204,0.004021379,,,
55607.6193,-0.000239916,,,
55909.57413,0.005415408,,,
56100,0.003400175,,,
56260.75203,0.002861358,,,
56073.23068,-0.003338643,,,
55839.51996,-0.004176666,,,
56337.59006,0.008880125,,,
56959.73042,0.010982548,,,
57197.37627,0.004163494,,,
57029.23497,-0.002943997,,,
57218.42945,0.003312009,,,
57592.24824,0.00651194,,,
57685.0342,0.001609788,,,
57577.55413,-0.001864961,,,
57424.10191,-0.002668697,,,
57394.75556,-0.000511176,,,
57431.16703,0.000634203,,,
57544.2492,0.001967068,,,
57316.71093,-0.003961983,,,
57271.7376,-0.000784954,,,
57433.3153,0.002817274,,,
57321.22116,-0.001953634,,,
57117.13844,-0.003566688,,,
57310,0.003370909,,,
57393.05996,0.001448261,,,
57309.79234,-0.001451884,,,
57108.40851,-0.00352014,,,
57111.44025,5.30862E-05,,,
57201,0.001566929,,,
56804.05985,-0.006963581,,,
56704,-0.001763044,,,
56846.54092,0.002510618,,,
56876.82201,0.00053254,,,
56826.72227,-0.000881235,,,
56699.63971,-0.002238821,,,
56786.04084,0.001522679,,,
56872.55984,0.001522437,,,
57530.46697,0.011501695,,,
57270.12547,-0.004535551,,,
57086.1459,-0.003217659,,,
57016.03756,-0.001228869,,,
57209.23112,0.00338268,,,
57267.33729,0.001015163,,,
57424,0.002731903,,,
57492.32267,0.001189086,,,
56885.52791,-0.010610454,,,
56599.59674,-0.005039106,,,
56919.91659,0.005643447,,,
56746.79389,-0.003046148,,,
56935.83714,0.00332581,,,
57080.25568,0.002533302,,,
56806.02536,-0.004815872,,,
56914.94946,0.001915638,,,
57127.32169,0.003724452,,,
56987.29563,-0.002454131,,,
57037,0.000871821,,,
56865.92839,-0.003003816,,,
56792.30226,-0.001295571,,,
56690.91941,-0.001786747,,,
56812.99545,0.002151046,,,
57062,0.004373303,,,
57394.69824,0.005813538,,,
57186.90916,-0.003626922,,,
56915.63253,-0.004754971,,,
56916,6.45644E-06,,,
57071.18091,0.00272278,,,
57077,0.000101957,,,
57176.71571,0.001745514,,,
56893,-0.004974437,,,
56903.62721,0.000186775,,,
56857.01631,-0.000819456,,,
56578.07187,-0.004918143,,,
56641.24923,0.001116017,,,
56777.94015,0.002410368,,,
56764.66757,-0.00023379,,,
56822.37296,0.001016056,,,
56951.04385,0.002261881,,,
57149.14479,0.003472407,,,
57073.81978,-0.001318912,,,
56900.84633,-0.003035299,,,
56968.93289,0.001195867,,,
57162.5933,0.003393639,,,
57283.02116,0.002104544,,,
57263.83961,-0.000334912,,,
57973.48485,0.012316395,,,
58271.55833,0.005128376,,,
58132.27917,-0.002393035,,,
57982.98947,-0.002571406,,,
57804.15174,-0.00308908,,,
57840,0.000619975,,,
58051.41099,0.003648437,,,
57963.54489,-0.001514738,,,
57781,-0.003154275,,,
57797.64252,0.000287986,,,
57687.94978,-0.001899679,,,
57628.05861,-0.001038731,,,
57370.42332,-0.00448068,,,
57380.88045,0.000182257,,,
57394.3811,0.000235254,,,
57267.09786,-0.002220158,,,
57030.87826,-0.004133405,,,
57248.11229,0.003801824,,,
57184.32277,-0.001114885,,,
57168.4698,-0.000277264,,,
57059.9044,-0.001900849,,,
57049.43476,-0.000183502,,,
57042.84688,-0.000115483,,,
57115.14417,0.001266618,,,
57157.25591,0.000737041,,,
57269.99179,0.001970438,,,
57097.1,-0.003023456,,,
56735.74486,-0.006348894,,,
56928.9,0.003398688,,,
57000,0.001248147,,,
56957.77515,-0.000741061,,,
56808.99778,-0.002615482,,,
56850,0.000721495,,,
56719.60624,-0.00229628,,,
55639.51818,-0.019226233,,,
55790.79065,0.002715106,,,
55657.94865,-0.002383913,,,
55646.2304,-0.000210563,,,
55931.23871,0.005108718,,,
56166.44367,0.004196435,,,
55801,-0.0065277,,,
56000,0.0035599,,,
55879.29987,-0.002157686,,,
55929.13359,0.000891413,,,
56145.84993,0.00386735,,,
56246.2648,0.001786867,,,
56266.39756,0.000357875,,,
56315,0.000863419,,,
56225.82575,-0.001584745,,,
56269.4073,0.000774816,,,
56504.31621,0.004166028,,,
56516.68863,0.00021894,,,
56564.24183,0.000841047,,,
56549.68656,-0.000257356,,,
56485.68454,-0.001132425,,,
56405.75601,-0.001416025,,,
56709.09333,0.005363364,,,
56799.90448,0.00160007,,,
56731.71671,-0.001201212,,,
56494.58364,-0.004188663,,,
56110.88344,-0.006814974,,,
56290.29822,0.003192403,,,
56131,-0.002833953,,,
56209.81094,0.001403069,,,
56262.36022,0.000934441,,,
56023.04549,-0.004262622,,,
55654.4941,-0.006600302,,,
55846.14966,0.003437751,,,
55902.78638,0.001013642,,,
55567.5758,-0.006014363,,,
55736.08053,0.00302784,,,
55711.98118,-0.000432477,,,
55703.08776,-0.000159645,,,
55450.51588,-0.004544564,,,
55651.46262,0.003617343,,,
55816.21325,0.002956027,,,
55925.30748,0.001952618,,,
55958.97243,0.000601782,,,
55967.84941,0.000158621,,,
55820.19736,-0.002641644,,,
56060.19775,0.004290309,,,
55976.17574,-0.001499906,,,
56067.87472,0.001636838,,,
56109.89598,0.000749191,,,
56123,0.000233515,,,
56258.88176,0.002418216,,,
55955.60534,-0.005405312,,,
55792.59861,-0.002917395,,,
55602.78018,-0.003408016,,,
55840.43194,0.004264991,,,
55824.5178,-0.000285034,,,
56105.75768,0.00502528,,,
56183.1704,0.001378813,,,
56234.76324,0.000917876,,,
56368,0.002366493,,,
56248.3628,-0.002124687,,,
56517.88116,0.004780134,,,
56451.99696,-0.001166403,,,
56554.92821,0.001821681,,,
56419.82207,-0.002391795,,,
56331.21974,-0.001571646,,,
56614.8047,0.005021612,,,
56571,-0.000774032,,,
56466.97461,-0.001840539,,,
56461.16387,-0.00010291,,,
56490.94993,0.00052741,,,
57347.22113,0.015043941,,,
57450,0.001790616,,,
57319.13518,-0.002280489,,,
57159.77688,-0.002784066,,,
57086.35649,-0.001285302,,,
56964.35683,-0.002139394,,,
56920.3411,-0.000772988,,,
56945.58348,0.00044337,,,
57079.81514,0.002354418,,,
57114.54475,0.000608254,,,
57440.80677,0.005696162,,,
57323.63514,-0.002041951,,,
57368.74729,0.000786663,,,
57473.05531,0.001816552,,,
57825,0.006104974,,,
57587.87071,-0.004109241,,,
57731.10621,0.002484163,,,
58300,0.009805963,,,
58449.57803,0.002562375,,,
58299.29193,-0.002574521,,,
58099,-0.003441496,,,
58111.38448,0.000213139,,,
57797.189,-0.00542145,,,
57987.54634,0.003288128,,,
57967.94438,-0.000338094,,,
57884.82529,-0.001434909,,,
57820.4336,-0.00111303,,,
57631.64693,-0.003270393,,,
57591.96019,-0.000688865,,,
57600.57819,0.000149628,,,
58076.13226,0.008222169,,,
57763.64389,-0.005395196,,,
57639.4334,-0.002152638,,,
57647.11218,0.000133212,,,
57409.02966,-0.004138551,,,
57405,-7.01945E-05,,,
57586.95074,0.003164585,,,
57353.42475,-0.004063434,,,
57253.57871,-0.001742408,,,
57048.2619,-0.003592541,,,
56913.39928,-0.002366808,,,
57008,0.001660807,,,
57263.6697,0.004474777,,,
57273.7932,0.000176772,,,
57240.8199,-0.000575879,,,
57313.91439,0.00127615,,,
57040.45347,-0.004782702,,,
57279.1779,0.004176444,,,
57447.26503,0.002930227,,,
57725.5363,0.004832249,,,
57612.16677,-0.001965872,,,
57524.15133,-0.001528891,,,
57758.62069,0.004067732,,,
57560.23116,-0.003440716,,,
57633.61025,0.001274011,,,
57639.39024,0.000100284,,,
57965.40966,0.005640255,,,
58261.25692,0.005090878,,,
58307,0.000784829,,,
58085.91937,-0.003798872,,,
58169.01517,0.001429545,,,
58097.78051,-0.001225366,,,
58173.51202,0.001302669,,,
58323.92033,0.002582175,,,
58210.67345,-0.001943576,,,
58091.83467,-0.002043616,,,
57951.70946,-0.002415047,,,
57896.39327,-0.000954978,,,
57870.36807,-0.000449614,,,
57899.8291,0.000508957,,,
57765.83083,-0.002316994,,,
57752.7,-0.000227337,,,
57721.00195,-0.000549009,,,
57772.23547,0.000887212,,,
57752.74541,-0.000337417,,,
58042.62617,0.005006787,,,
58175.83404,0.002292371,,,
58471.03827,0.005061513,,,
58940.55981,0.007997916,,,
59156.25629,0.003652879,,,
59084.36851,-0.001215958,,,
58855.3814,-0.003883125,,,
58655.63171,-0.003399679,,,
59087.09258,0.007328908,,,
58792.22156,-0.005002941,,,
58810,0.000302349,,,
58669.08021,-0.002399063,,,
58803.96547,0.002296447,,,
58500,-0.005182538,,,
58540.04085,0.000684225,,,
58590.94434,0.000869172,,,
58592.34719,2.39428E-05,,,
58621.73918,0.00050151,,,
58549.88547,-0.00122647,,,
58357.55373,-0.003290328,,,
58530.99092,0.002967567,,,
58622.73849,0.001566277,,,
58861.06558,0.004057196,,,
59000,0.002357598,,,
59194.27294,0.003287352,,,
59223.65762,0.000496288,,,
58829.2318,-0.006682213,,,
58702.10888,-0.002163218,,,
58722.15508,0.000341432,,,
58912.86955,0.003242481,,,
58890.70466,-0.000376302,,,
58628.31868,-0.004465429,,,
58588.16214,-0.000685169,,,
58402.94664,-0.00316632,,,
57623.87678,-0.013429336,,,
58092.52918,0.008100061,,,
58076.282,-0.000279717,,,
58086.68373,0.000179089,,,
58264.76885,0.003061161,,,
58574.93055,0.005309196,,,
58497.5256,-0.001322343,,,
58570,0.001238164,,,
58633.4649,0.001082987,,,
58885.00604,0.004280885,,,
58950,0.001103135,,,
59040,0.001525553,,,
58897.5182,-0.002416226,,,
59175.36219,0.004706322,,,
59084.56072,-0.001535626,,,
58983.91687,-0.001704839,,,
58938.67275,-0.000767353,,,
58922.6926,-0.000271169,,,
59249.83453,0.005536698,,,
58926.99841,-0.005463624,,,
58790.6425,-0.002316662,,,
58855.925,0.001109807,,,
58799.70831,-0.000955614,,,
58948.4112,0.002525781,,,
58854.227,-0.001599017,,,
58885.9557,0.000538961,,,
58970.55879,0.001435697,,,
58656.24579,-0.005344254,,,
58523.63764,-0.002263327,,,
58602.38366,0.001344638,,,
58570,-0.000552752,,,
58510.84079,-0.00101057,,,
58773.13755,0.004472856,,,
58761.09226,-0.000204966,,,
58962.38391,0.00341974,,,
58824.6305,-0.002339027,,,
58512.61027,-0.005318362,,,
58598.55463,0.00146774,,,
58398.27962,-0.0034236,,,
59029.54288,0.010751615,,,
59073.42637,0.000743139,,,
59056.26035,-0.00029063,,,
58743.93035,-0.00530272,,,
58512.48237,-0.003947729,,,
58572.92861,0.001032515,,,
58730.93701,0.002694003,,,
58930.01171,0.003383874,,,
58805.23703,-0.002119581,,,
58618.1169,-0.003187105,,,
58121.92336,-0.00850088,,,
58249.0892,0.002185525,,,
58068.13957,-0.003111315,,,
58110.6713,0.000732177,,,
58245.14455,0.002311415,,,
58382.4212,0.002354104,,,
58298.10302,-0.001445283,,,
58444,0.002499476,,,
58446.83723,4.8545E-05,,,
58441.19296,-9.65758E-05,,,
58381.14676,-0.001027992,,,
58337.85183,-0.000741866,,,
58140,-0.003397247,,,
57988.36002,-0.002611594,,,
57880.33155,-0.001864671,,,
57969,0.001530755,,,
57868,-0.00174383,,,
58078.84428,0.003636917,,,
58075.82923,-5.19142E-05,,,
58149.76023,0.001272198,,,
57951.90686,-0.003408281,,,
58134.78115,0.003150653,,,
57825.45898,-0.005334982,,,
57926.03467,0.001737787,,,
57650.39791,-0.004769784,,,
57767.6185,0.002031236,,,
57818.00624,0.000871869,,,
57955.3905,0.002373332,,,
58019.2944,0.001102032,,,
58028.46954,0.000158127,,,
58098.89948,0.001212978,,,
57923.54594,-0.003022754,,,
57219.69452,-0.012225819,,,
56895.41984,-0.005683306,,,
57115.1328,0.003854261,,,
56424.76907,-0.012160874,,,
56952.62931,0.009311627,,,
56869.44742,-0.001461613,,,
57057.9738,0.003309591,,,
57230.53899,0.003019819,,,
57304.99833,0.001300196,,,
57333.43743,0.000496153,,,
57245.8517,-0.001528823,,,
57153.14683,-0.001620729,,,
57223.41484,0.001228714,,,
57346.84346,0.002154637,,,
57295.0068,-0.000904324,,,
57378.59901,0.001457916,,,
57564.28238,0.003230884,,,
57639.7801,0.001310678,,,
57590.26218,-0.000859462,,,
57627.13329,0.000640027,,,
57489.23909,-0.002395737,,,
57430.76003,-0.001017735,,,
57323.67535,-0.001866328,,,
57500,0.003071227,,,
57513.98992,0.000243273,,,
57509.16556,-8.38849E-05,,,
57335.54259,-0.003023615,,,
57447.26386,0.001946656,,,
57498.56474,0.00089261,,,
57118,-0.006640683,,,
57144.72678,0.000467813,,,
57265.81838,0.002116792,,,
57850.62302,0.010160315,,,
57650.6194,-0.003463232,,,
57779.82369,0.002238653,,,
57854.17283,0.001285939,,,
57972.04875,0.002035393,,,
57872.77043,-0.001713989,,,
58031.47583,0.002738562,,,
58025,-0.000111598,,,
58082.76192,0.000994971,,,
58155.47888,0.001251171,,,
57966.64566,-0.003252324,,,
57959.0894,-0.000130364,,,
58078.5,0.002058137,,,
58262.6224,0.003165219,,,
58288.96815,0.000452087,,,
58235.33738,-0.000920508,,,
58133.84594,-0.001744301,,,
58148.30833,0.000248747,,,
58525.1592,0.006459946,,,
58850,0.0055351,,,
58792.9396,-0.000970061,,,
58690.97578,-0.001735792,,,
58666,-0.000425638,,,
58734.32965,0.001164045,,,
58734.17722,-2.59525E-06,,,
58695.12869,-0.000665056,,,
58805.59891,0.001880333,,,
58978.38931,0.002934024,,,
59152.61206,0.002949656,,,
59200,0.000800792,,,
59228.57749,0.000482611,,,
59288.45561,0.001010456,,,
59047.04825,-0.004080055,,,
59164.86575,0.001993328,,,
59298.21932,0.002251395,,,
59177.2881,-0.002041456,,,
59279.93224,0.001733017,,,
58901.49334,-0.006404394,,,
58787.2402,-0.001941616,,,
59046.64879,0.004402961,,,
59128.89793,0.001391983,,,
58924.43025,-0.003463992,,,
58892.20171,-0.000547097,,,
58858.84379,-0.000566584,,,
58745.33678,-0.001930323,,,
58854.02055,0.001848374,,,
58685.75321,-0.002863158,,,
58379.47225,-0.005232667,,,
58146.05239,-0.004006336,,,
58006.5625,-0.002401839,,,
58351.51352,0.005929146,,,
58294.77781,-0.000972782,,,
58265.58468,-0.00050091,,,
58055.24777,-0.0036165,,,
57802.1106,-0.004369814,,,
57880.95809,0.001363164,,,
57842.29537,-0.000668193,,,
58029.01074,0.003222809,,,
57983.70392,-0.000781067,,,
57784.81013,-0.003436064,,,
57510,-0.004767095,,,
57700,0.003298328,,,
58120.18154,0.007255789,,,
58086.90036,-0.000572791,,,
58034.42869,-0.000903739,,,
57779,-0.004411045,,,
57864.33723,0.00147587,,,
57643.7476,-0.003819471,,,
57891.42308,0.004287454,,,
57578.00004,-0.005428689,,,
57815.5,0.004116355,,,
57673.79656,-0.002453968,,,
57580.59158,-0.001617379,,,
57256,-0.005653119,,,
57450.33211,0.003388345,,,
56889,-0.009818784,,,
57147,0.004524895,,,
57310,0.002848233,,,
57218.0516,-0.001605693,,,
58229,0.017514076,,,
58280.41062,0.000882515,,,
58000,-0.004823016,,,
57821.43583,-0.003083441,,,
57634.64745,-0.003235664,,,
57532.2462,-0.001778311,,,
57368.91881,-0.002842922,,,
57200.75576,-0.002935562,,,
56952.29771,-0.004353076,,,
57058.48449,0.00186275,,,
56729.50316,-0.005782372,,,
56735.83708,0.000111645,,,
56733.0021,-4.99693E-05,,,
56944.25346,0.003716691,,,
56524.52264,-0.007398207,,,
56150.55317,-0.00663804,,,
55754.00003,-0.007087376,,,
55130.11364,-0.011253063,,,
55394.79233,0.004789494,,,
55227,-0.003033624,,,
55221.90878,-9.21913E-05,,,
55628.12368,0.007329122,,,
55377.3,-0.004519133,,,
55738.6082,0.00650329,,,
55653.47871,-0.001528466,,,
55903.42,0.004480973,,,
55778.99999,-0.002228105,,,
55594.21748,-0.003318261,,,
56195.157,0.010751385,,,
55795,-0.007146319,,,
55644,-0.002710004,,,
55872.22798,0.004093185,,,
55810.51115,-0.001105217,,,
55522.631,-0.00517152,,,
56332.18352,0.014475312,,,
56021.25717,-0.005534804,,,
55466.428,-0.009953274,,,
55207.4761,-0.004679556,,,
55258.05943,0.000915821,,,
55645.39994,0.006985212,,,
55529.0995,-0.002092215,,,
55490.87981,-0.000688519,,,
55777.24115,0.005147242,,,
55243.23958,-0.009619949,,,
54582.11748,-0.012039662,,,
54787.58412,0.003757291,,,
54733.77337,-0.000982653,,,
55039.59941,0.005571967,,,
55110.24962,0.001282802,,,
55328.82866,0.003958369,,,
55452.18389,0.002227011,,,
55316.4557,-0.002450662,,,
55335,0.000335184,,,
55252.33813,-0.001494961,,,
55033.42364,-0.003969955,,,
54725,-0.00562006,,,
54792,0.001223554,,,
55067,0.005006428,,,
55199.99999,0.002412327,,,
55350,0.002713706,,,
55735.85618,0.006947018,,,
55600.00001,-0.002440476,,,
55445.86499,-0.002776062,,,
55468.45426,0.000407328,,,
55651.44518,0.003293579,,,
55643.59782,-0.000141019,,,
55347.76863,-0.005330683,,,
55365.96221,0.00032866,,,
55308,-0.001047441,,,
55505,0.003555543,,,
55499.6524,-9.63492E-05,,,
55705.38007,0.003699975,,,
55876.62602,0.003069421,,,
56018,0.002526914,,,
56111.86793,0.001674272,,,
55845.20787,-0.004763621,,,
55834.03931,-0.000200011,,,
55686.85025,-0.00263967,,,
55911.74132,0.004030362,,,
55554.06122,-0.006417777,,,
55200,-0.006393669,,,
55216.86924,0.000305555,,,
54942.91184,-0.004973829,,,
55171.95979,0.00416017,,,
55288.1189,0.002103188,,,
55482.20921,0.003504377,,,
55013,-0.008492894,,,
55362.44641,0.00633198,,,
55700,0.006078646,,,
55764.06016,0.001149432,,,
55746.30806,-0.000318394,,,
55643.56484,-0.00184475,,,
55651.89085,0.00014962,,,
55870.59586,0.003922174,,,
56000,0.002313462,,,
55800.56552,-0.003567687,,,
56000,0.003567687,,,
56104,0.00185542,,,
56092,-0.000213911,,,
55889,-0.003625619,,,
55949.03866,0.001073672,,,
56099.38433,0.002683585,,,
56176,0.001364782,,,
56379,0.003607129,,,
56399.99992,0.000372408,,,
56388.82051,-0.000198236,,,
56613.3955,0.003974706,,,
56440.9435,-0.003050783,,,
56359.23078,-0.001448805,,,
56372,0.000226543,,,
56680.5835,0.005459128,,,
56701.33367,0.000366023,,,
56591,-0.00194777,,,
56628.60585,0.000664299,,,
56700.32474,0.001265677,,,
56674.64888,-0.000452937,,,
56769.59389,0.001673863,,,
56677.51201,-0.001623345,,,
56575.64646,-0.0017989,,,
56552.55723,-0.000408196,,,
56492.94703,-0.001054623,,,
56482.7112,-0.000181204,,,
56507.65886,0.000441589,,,
56465.62666,-0.000744109,,,
56385.97658,-0.00141159,,,
56419.05763,0.000586517,,,
56299,-0.00213023,,,
56481.90427,0.003243535,,,
56659.75343,0.003143834,,,
56982.15189,0.005673951,,,
56980.80998,-2.35498E-05,,,
57037.56443,0.000995532,,,
57300,0.004590548,,,
57228,-0.001257335,,,
57073.17921,-0.002708999,,,
57136.37672,0.001106694,,,
57052,-0.001477852,,,
56998.48693,-0.00093841,,,
57228.03141,0.004019116,,,
57044.47995,-0.003212524,,,
57120.61162,0.001333712,,,
57205.9897,0.001493582,,,
57217.03144,0.000192999,,,
57607.56704,0.006802325,,,
57729.19731,0.002109133,,,
57822.59904,0.001616621,,,
57658.01756,-0.002850376,,,
57406.42824,-0.004373023,,,
57331.5482,-0.001305236,,,
57407.90144,0.001330898,,,
57398.85127,-0.000157659,,,
57322.69996,-0.001327585,,,
57240.45869,-0.001435737,,,
57159.89504,-0.001408451,,,
57103.22758,-0.000991877,,,
57111.11524,0.00013812,,,
57012.39336,-0.001730089,,,
57063,0.000887249,,,
57199,0.002380495,,,
57035.32401,-0.00286562,,,
57097.45685,0.001088782,,,
56821,-0.004853601,,,
56640.9974,-0.003172917,,,
56728.65959,0.001546484,,,
56913.99661,0.003261754,,,
56878.15679,-0.000629917,,,
56872.83293,-9.36055E-05,,,
57070.21417,0.003464563,,,
56862.38298,-0.003648322,,,
56337,-0.009282502,,,
56399,0.001099915,,,
56051.29685,-0.006184141,,,
56018.94012,-0.000577437,,,
56106.82726,0.001567653,,,
56209.1618,0.001822262,,,
56391.55234,0.003239601,,,
56410.38115,0.000333838,,,
56442.68283,0.000572456,,,
56604.98681,0.002871427,,,
56343.67126,-0.004627165,,,
56348.74655,9.00734E-05,,,
56143.90023,-0.003641955,,,
55882.63607,-0.004664335,,,
56350,0.008328533,,,
56756.09215,0.007180761,,,
56647.15042,-0.001921317,,,
56748,0.001778729,,,
56535.37899,-0.003753794,,,
56045.57124,-0.008701487,,,
55863.46392,-0.003254563,,,
55525.29923,-0.006071811,,,
55698.3562,0.003111876,,,
55474.48912,-0.004027375,,,
55206.08598,-0.004850059,,,
55070.0464,-0.002467255,,,
54603.29332,-0.008511748,,,
55013.69902,0.007488029,,,
55135.3,0.002207937,,,
55072.64461,-0.001137039,,,
55054.75354,-0.000324916,,,
54870.84743,-0.003346014,,,
54578.9667,-0.005333612,,,
54332,-0.004535211,,,
53996.32332,-0.006197414,,,
54089.29051,0.001720251,,,
53632.77351,-0.008475882,,,
54111.28554,0.008882442,,,
54361.4852,0.004613141,,,
54407.396,0.00084419,,,
54289.95336,-0.002160912,,,
54050.6103,-0.004418353,,,
54536.18094,0.008943516,,,
54440.12294,-0.001762916,,,
54517.06892,0.001412408,,,
54710.51579,0.003542092,,,
54549.2263,-0.002952407,,,
54543.35551,-0.000107629,,,
52576.0848,-0.036734545,,,
52741,0.003131787,,,
52289.78033,-0.008592195,,,
52875,0.01112969,,,
52617.75604,-0.004877007,,,
51578.50739,-0.019948568,,,
51278.05878,-0.005842106,,,
49560.08364,-0.034077212,,,
48257.82247,-0.026627806,,,
49605.63596,0.027546517,,,
49900.63158,0.005929204,,,
49658.15337,-0.004871066,,,
50255.11613,0.011949761,,,
50407.39791,0.003025593,,,
49989,-0.008334967,,,
50584.97844,0.011851682,,,
50699.2052,0.00225557,,,
50478.95707,-0.004353676,,,
50429.56084,-0.00097903,,,
50282.51545,-0.002920116,,,
49825.80326,-0.009124424,,,
49787.33642,-0.000772325,,,
49600.13399,-0.003767128,,,
50421.535,0.01642483,,,
50897.25041,0.009390537,,,
50949.36709,0.001023435,,,
50619.88321,-0.006487889,,,
50466.00355,-0.003044535,,,
50802.29213,0.006641562,,,
51038.66042,0.004641919,,,
51040.84512,4.28039E-05,,,
50877.99157,-0.003195752,,,
51015.05325,0.002690307,,,
50864.04561,-0.00296445,,,
51051.20873,0.003672921,,,
51303.29238,0.004925707,,,
51266.77502,-0.000712047,,,
50957.56096,-0.006049734,,,
50702.18478,-0.005024146,,,
50838.54245,0.002685775,,,
50394.653,-0.008769698,,,
50468.78257,0.0014699,,,
50283.60333,-0.003675932,,,
50030.09978,-0.005054226,,,
49939.80128,-0.001806514,,,
49795.87476,-0.002886161,,,
49566.66233,-0.004613667,,,
49200,-0.007424854,,,
49972.5016,0.015579263,,,
49734.83663,-0.00476726,,,
49318.1589,-0.008413278,,,
49194.00011,-0.002520681,,,
48928.44676,-0.005412706,,,
49403,0.00965219,,,
49720.71174,0.00641043,,,
49786.74293,0.001327161,,,
50043.62469,0.005146376,,,
50234.9405,0.003815692,,,
50093.99159,-0.002809738,,,
50166.11755,0.001438777,,,
50087.93802,-0.001559629,,,
49948.82674,-0.002781205,,,
50311.81792,0.007240982,,,
50513,0.003990731,,,
50769.43832,0.005063837,,,
50520.64414,-0.004912518,,,
50296.91749,-0.004438255,,,
50294,-5.80071E-05,,,
49992,-0.006022793,,,
49937.43144,-0.001092142,,,
49715.4236,-0.004455632,,,
49648.80937,-0.001340809,,,
49940.79965,0.005863887,,,
50407.64115,0.009304477,,,
49545.52306,-0.017250869,,,
48595.8313,-0.019354153,,,
48322.05577,-0.005649654,,,
47521.64458,-0.016702815,,,
47777.19429,0.005363136,,,
48434.7009,0.013668099,,,
48829.31915,0.008114417,,,
48444.99093,-0.007901988,,,
47765.63946,-0.014122405,,,
47837.01115,0.00149309,,,
48601.19,0.015848384,,,
48873.6231,0.00558983,,,
49209.90717,0.006857122,,,
48550.66751,-0.013487025,,,
49194,0.013163721,,,
49055.2192,-0.002825079,,,
49258.97393,0.004144977,,,
49296.67126,0.000764996,,,
49749.70529,0.009147981,,,
49644.73817,-0.002112133,,,
49481.86736,-0.00328612,,,
49562,0.001618125,,,
49097,-0.009426478,,,
49304.37714,0.00421493,,,
49667.52651,0.007338466,,,
48890.93484,-0.015759332,,,
49110.24052,0.00447558,,,
49144.6364,0.000700136,,,
49386.87378,0.004916963,,,
49680.8,0.005933865,,,
50129.83444,0.008997788,,,
49770,-0.007203936,,,
49876.18099,0.002131161,,,
50020.42834,0.002887935,,,
50250.93191,0.004597604,,,
50194.20372,-0.001129536,,,
50126.26849,-0.001354365,,,
50047.92108,-0.001564224,,,
49640.36,-0.008176755,,,
49465,-0.003538864,,,
49609.48496,0.002916696,,,
49472,-0.002775192,,,
49447.96892,-0.000485869,,,
49570.28959,0.00247067,,,
49281.90217,-0.005834736,,,
49177.0719,-0.002129421,,,
49407.05107,0.004665652,,,
49278.75363,-0.002600121,,,
48852.44298,-0.00868864,,,
49190.382,0.00689373,,,
49439.12252,0.005043948,,,
49301,-0.0027977,,,
49304.28011,6.653E-05,,,
49664.45523,0.007278596,,,
49327.55969,-0.006806546,,,
48999.79553,-0.00666682,,,
48965,-0.000710368,,,
49079.62388,0.002338199,,,
49828.3133,0.015139406,,,
49923.42176,0.001906904,,,
49907.93642,-0.00031023,,,
49990.3334,0.001649618,,,
50272.35917,0.005625752,,,
50144.02563,-0.002556029,,,
50243.14092,0.001974661,,,
50363.04635,0.00238366,,,
50547.86186,0.003662948,,,
50627.53132,0.001574878,,,
50741.79167,0.002254339,,,
50410.26099,-0.006555119,,,
50374.89338,-0.000701842,,,
50356,-0.000375126,,,
50416.96648,0.001209977,,,
50724.56983,0.00608265,,,
50782.44153,0.00114025,,,
50649.14417,-0.002628322,,,
50736.97296,0.001732561,,,
50531,-0.004067885,,,
50409,-0.002417279,,,
50320,-0.001767118,,,
50353.29532,0.000661453,,,
50310.65776,-0.000847127,,,
50217.80202,-0.001847353,,,
50339.78959,0.002426224,,,
50627.85908,0.00570619,,,
50929.76757,0.005945578,,,
50718.71597,-0.004152583,,,
50576.46483,-0.002808648,,,
50524.52617,-0.001027461,,,
50862.26401,0.006662388,,,
51337.16455,0.009293672,,,
51339.79708,5.12779E-05,,,
51216.58715,-0.002402776,,,
51229.92768,0.000260439,,,
51153,-0.001502745,,,
51029.34911,-0.002420202,,,
50754.86946,-0.005393377,,,
50838.68386,0.001649995,,,
50869.9433,0.000614686,,,
50732,-0.002715369,,,
50660.5173,-0.001410019,,,
50583.21483,-0.001527057,,,
50629.00868,0.000904908,,,
50368.3242,-0.005162217,,,
50361.4378,-0.00013673,,,
50466.06953,0.002075461,,,
50232.31825,-0.00464261,,,
50175.53334,-0.001131085,,,
50254.93247,0.001581176,,,
50136.19813,-0.002365436,,,
50239.44283,0.002057167,,,
49770.75798,-0.00937281,,,
49473.39664,-0.005992539,,,
49144,-0.00668032,,,
49341.75876,0.004015992,,,
49690.4054,0.007041108,,,
49674.65164,-0.000317089,,,
49809.10199,0.002702963,,,
49745.67028,-0.001274308,,,
49837.71038,0.001848504,,,
50008.20434,0.003415145,,,
49917.54831,-0.001814468,,,
49946.04675,0.000570747,,,
49959.96521,0.000278631,,,
49930,-0.000599964,,,
49832,-0.001964677,,,
50156,0.0064808,,,
49552.30876,-0.012109294,,,
49478,-0.001500728,,,
49459.41883,-0.000375615,,,
50004.4111,0.010958712,,,
50321.82946,0.006327745,,,
50285.76954,-0.000716843,,,
50619.54341,0.00661561,,,
50454.04835,-0.003274747,,,
50275.439,-0.003546321,,,
50279.56926,8.21494E-05,,,
50079.40697,-0.003988932,,,
49939.16733,-0.002804274,,,
49813.03277,-0.002528959,,,
49854.34996,0.000829102,,,
49628,-0.004550563,,,
49677.33656,0.000993634,,,
49781,0.002084561,,,
49675.67867,-0.002117935,,,
49369.38599,-0.006184935,,,
49489.42099,0.002428414,,,
49401.31548,-0.001781876,,,
49489.30351,0.001779503,,,
49665.33451,0.00355064,,,
49218,-0.009047785,,,
49481.85076,0.005346541,,,
49141.90674,-0.006893783,,,
48986.54418,-0.003166517,,,
48750.36346,-0.004832999,,,
48863,0.002307811,,,
48909,0.000940965,,,
48506.44222,-0.00826481,,,
48497.6747,-0.000180766,,,
48656.24039,0.003264219,,,
48643.43216,-0.000263274,,,
48803.43664,0.003283936,,,
49076.97162,0.005589182,,,
48487.38848,-0.012086182,,,
48573,0.001764088,,,
48638.17975,0.001340993,,,
48096.49657,-0.011199476,,,
47972.27737,-0.002586049,,,
48216.18244,0.005071411,,,
48393.21424,0.003664902,,,
48614.09608,0.004553929,,,
48720.10827,0.002178314,,,
48728.45421,0.000171289,,,
48964.7222,0.004836949,,,
48812,-0.003123899,,,
48865.4828,0.00109509,,,
49148.19496,0.005768847,,,
49186,0.000768909,,,
49163.9746,-0.000447898,,,
49051.9696,-0.002280792,,,
49252,0.004069636,,,
49003.33025,-0.005061716,,,
49244.496,0.004909345,,,
48907,-0.006877069,,,
49265.55089,0.007304536,,,
49403.67731,0.002799789,,,
49345.95175,-0.00116913,,,
49253.71714,-0.001870891,,,
49031.2194,-0.004527614,,,
48973.55146,-0.00117684,,,
48316.94019,-0.013498159,,,
47892.88289,-0.008815317,,,
47932.73383,0.000831739,,,
47878.77933,-0.001126264,,,
47550.81172,-0.006873526,,,
47750.96209,0.004200356,,,
48154.24194,0.008410018,,,
47817.98161,-0.00700748,,,
47859.4164,0.000866135,,,
48074.12767,0.004476257,,,
47888.3157,-0.003872602,,,
47896.24265,0.000165516,,,
47532.94774,-0.007613953,,,
47177.96941,-0.007496073,,,
47561.10255,0.00808822,,,
48068.189,0.010605353,,,
48338.21795,0.005601903,,,
48442.6265,0.002157629,,,
48312.06245,-0.002698869,,,
48221.64998,-0.00187318,,,
48351,0.002678814,,,
48419.38581,0.001413363,,,
48541,0.002508535,,,
48408.80943,-0.002726992,,,
48536,0.002623981,,,
48427.98088,-0.002228027,,,
47897,-0.011024892,,,
47982.89353,0.001791691,,,
47702.2,-0.005867044,,,
47424.10953,-0.005846779,,,
46786.34786,-0.013539291,,,
46788.1454,3.84193E-05,,,
47518,0.015478719,,,
47482,-0.000757895,,,
47216.45063,-0.00560833,,,
47298.9408,0.00174554,,,
48065.32565,0.016073135,,,
47887.05201,-0.003715882,,,
47953.61446,0.001389023,,,
48043.47484,0.001872149,,,
47968.76623,-0.001556231,,,
48159.19941,0.003962082,,,
48009.75512,-0.003107956,,,
48124.09994,0.002378868,,,
48029.25941,-0.001972694,,,
47807,-0.004638324,,,
47872.96074,0.001378779,,,
48385.91042,0.010657813,,,
48386.09969,3.91163E-06,,,
48363.63056,-0.000464479,,,
48232.10441,-0.002723231,,,
48107.93847,-0.002577661,,,
48080.77174,-0.000564863,,,
48174.98335,0.001957527,,,
48250.50204,0.001566364,,,
48160.88434,-0.001859069,,,
49241.42095,0.022187995,,,
49120.07545,-0.002467339,,,
49125,0.00010025,,,
49056.13947,-0.001402724,,,
48969,-0.001777901,,,
48913.76039,-0.001128689,,,
48959.02578,0.000924984,,,
49376.30375,0.008486888,,,
49041.55682,-0.006802591,,,
48883.19156,-0.003234431,,,
48886.93177,7.65104E-05,,,
48936.07655,0.001004769,,,
49081.60959,0.002969528,,,
49141,0.001209302,,,
49381.44278,0.004880985,,,
49256.06288,-0.002542237,,,
49315,0.00119583,,,
49442.40596,0.002580182,,,
49433.70387,-0.00017602,,,
49577.42733,0.00290318,,,
49398,-0.003625698,,,
49335,-0.001276169,,,
49167.20497,-0.003406933,,,
49023.52778,-0.002926494,,,
49020.45137,-6.27557E-05,,,
49013.74437,-0.00013683,,,
48824,-0.003878761,,,
48680.20576,-0.0029495,,,
48661.43419,-0.000385684,,,
48660.64493,-1.62195E-05,,,
48856.23285,0.004011371,,,
48937.39311,0.001659828,,,
48835.40648,-0.002086197,,,
48384.75873,-0.009270731,,,
48271.10147,-0.002351793,,,
48294.72342,0.00048924,,,
48074.90954,-0.004561899,,,
47903.24889,-0.003577081,,,
47940.06472,0.00076825,,,
47730,-0.004391448,,,
48000,0.00564088,,,
47620.1544,-0.007944928,,,
47117.06152,-0.010620908,,,
47261.56054,0.003062116,,,
46689.55762,-0.012176757,,,
46976.18158,0.006120164,,,
47228.2433,0.00535139,,,
47120,-0.002294549,,,
46940.17652,-0.003823588,,,
46280.67973,-0.014149361,,,
46438.56581,0.003405684,,,
45502.27542,-0.02036794,,,
45657.49596,0.003405464,,,
45927.70642,0.005900762,,,
45527.0438,-0.008762042,,,
45641.73892,0.002516106,,,
45866.558,0.004913643,,,
44775.22614,-0.024081269,,,
44243.51222,-0.011946254,,,
44099.40264,-0.003262507,,,
44648.99446,0.01238555,,,
44569.39022,-0.001784481,,,
45454.75053,0.019670032,,,
45179.12934,-0.006082097,,,
45914.77813,0.016151789,,,
45883.88248,-0.000673118,,,
45586.11041,-0.006510837,,,
45553.73352,-0.000710488,,,
45574.16634,0.000448443,,,
46011.90856,0.009559216,,,
46056.18965,0.000961921,,,
46395.31727,0.007336368,,,
46066,-0.007123382,,,
46037,-0.00062973,,,
46190.9881,0.003339295,,,
45557.00931,-0.013820223,,,
45055.27911,-0.011074333,,,
45033.69852,-0.000479095,,,
45012.30484,-0.000475172,,,
44867.29406,-0.003226781,,,
45159.92872,0.006501049,,,
44844.73392,-0.007003995,,,
44319.92402,-0.011771838,,,
44493.70333,0.003913353,,,
44128.25378,-0.008247428,,,
43279.32925,-0.019425116,,,
43682.3154,0.009268202,,,
42962.38473,-0.016618379,,,
43147.2536,0.004293809,,,
43562.85244,0.009586011,,,
43156.67939,-0.009367579,,,
43571.9245,0.009575809,,,
43299.73294,-0.006266542,,,
42956.21922,-0.007965028,,,
42651.52367,-0.007118441,,,
44111.25848,0.033652046,,,
45006.36306,0.020088837,,,
44807,-0.004439504,,,
44407.81739,-0.008948856,,,
44316.49141,-0.002058647,,,
44538.26987,0.004991942,,,
44689.24336,0.003384015,,,
44862.8759,0.003877803,,,
45128.50437,0.005903437,,,
45031.91505,-0.002142611,,,
45115.93937,0.001864145,,,
45261.65593,0.00322462,,,
45342.63795,0.001787598,,,
45017.17944,-0.007203643,,,
45090.95932,0.001637585,,,
45064.37781,-0.000589682,,,
45412.23753,0.007689532,,,
45349.08439,-0.001391631,,,
44962.838,-0.00855366,,,
45002.25026,0.000876168,,,
44548.11735,-0.010142601,,,
44703.66285,0.003485547,,,
45082.85219,0.008446516,,,
45708.46259,0.013781501,,,
45750.35014,0.000915987,,,
45554.44838,-0.004291167,,,
45118.6149,-0.00961337,,,
44972.66575,-0.003240031,,,
44953.96585,-0.000415892,,,
44660.37627,-0.006552313,,,
44577.33206,-0.001861191,,,
44995.51514,0.009337341,,,
45036.79589,0.000917021,,,
44250.52968,-0.0176125,,,
44140,-0.002500941,,,
44303.49302,0.003697122,,,
44451.45502,0.003334172,,,
44051.02041,-0.009049178,,,
43979.94487,-0.001614785,,,
43656.13764,-0.007389849,,,
43351.02719,-0.007013484,,,
42907.25764,-0.010289411,,,
43549.49623,0.014857148,,,
42988.61843,-0.012962743,,,
42585.56858,-0.009419963,,,
42304.44776,-0.006623202,,,
42449.35474,0.003419484,,,
42600.16859,0.003546499,,,
42592.41161,-0.000182105,,,
43226.68358,0.014781874,,,
42990.21979,-0.005485337,,,
43580.09845,0.013627945,,,
43514.1797,-0.001513733,,,
43918.25125,0.009243124,,,
44129.70966,0.004803264,,,
44057.61938,-0.001634936,,,
44191.72001,0.003039133,,,
44113.39037,-0.001774069,,,
44292,0.004040701,,,
44613.39817,0.007230147,,,
44753.20506,0.003128842,,,
44273.81083,-0.010769739,,,
44317.92284,0.00099585,,,
44024,-0.006654234,,,
43492.43297,-0.012147971,,,
44139.91547,0.014777517,,,
43473.04491,-0.015223397,,,
43132.936,-0.007854207,,,
42925.68853,-0.004816435,,,
42808.33773,-0.002737557,,,
43225.16032,0.00968985,,,
43675.93122,0.010374437,,,
43533.07607,-0.003276159,,,
44176.38137,0.01466927,,,
44477.59347,0.006795257,,,
44297.26552,-0.004062596,,,
44385.95923,0.002000237,,,
45007.59442,0.013908055,,,
45082.86479,0.001670996,,,
44952.73734,-0.00289058,,,
45061.22449,0.002410453,,,
44654.79965,-0.009060313,,,
44643.01544,-0.000263931,,,
44982.0022,0.007564593,,,
45021.47111,0.000877053,,,
44800,-0.004931372,,,
44942.25285,0.003170256,,,
44682,-0.00580766,,,
44773.61193,0.002048211,,,
45140,0.008149825,,,
45039,-0.00223999,,,
45439.98964,0.008863765,,,
45302.00001,-0.003041365,,,
45360.03312,0.001280208,,,
45250.86548,-0.002409593,,,
45425,0.003840818,,,
45356.07114,-0.001518574,,,
45710.75714,0.007789616,,,
45465.55098,-0.005378738,,,
45247,-0.004818548,,,
44908,-0.007520417,,,
44924.38995,0.000364901,,,
45020.87652,0.002145452,,,
45029.64206,0.00019468,,,
45152.16957,0.002717346,,,
45234.12518,0.001813453,,,
45291.91003,0.001276646,,,
44976.28592,-0.006993059,,,
44921.23251,-0.001224804,,,
44753.07988,-0.003750301,,,
44855.4,0.002283716,,,
44942,0.001928787,,,
44938.32221,-8.18374E-05,,,
44895.26701,-0.000958555,,,
45143.84319,0.00552153,,,
45343.76366,0.004418744,,,
45344.2495,1.07147E-05,,,
45236.11544,-0.002387584,,,
45532.60647,0.006532913,,,
45436.60897,-0.00211055,,,
45314.98032,-0.002680476,,,
44977.26752,-0.007480473,,,
44669.2914,-0.006870924,,,
44196.58639,-0.010638717,,,
43976.34747,-0.004995623,,,
43756.66594,-0.005007966,,,
43612,-0.003311624,,,
43902.18062,0.006631649,,,
43682.14815,-0.005024482,,,
43082.18505,-0.013829938,,,
43195.30607,0.002622262,,,
42977.27665,-0.005060308,,,
43229.1664,0.005843889,,,
43583,0.008151751,,,
43646.12356,0.001447305,,,
43067.80626,-0.013338708,,,
42983.07426,-0.001969347,,,
42664.71068,-0.007434286,,,
43372.1932,0.016446395,,,
43424.49387,0.001205131,,,
43618.00074,0.004446269,,,
43602.73406,-0.00035007,,,
43792.81074,0.004349809,,,
43577.90406,-0.004919431,,,
43345.23454,-0.005353467,,,
42898.59611,-0.010357667,,,
42910.43062,0.000275834,,,
42760.17004,-0.003507871,,,
42832.31922,0.001685877,,,
42668.8104,-0.003824722,,,
42719.67965,0.001191478,,,
43452.47,0.017008001,,,
43249.46852,-0.004682752,,,
42901.93535,-0.008068007,,,
43401.05578,0.01156683,,,
43272.08761,-0.002975968,,,
43275.588,8.08893E-05,,,
43342.56919,0.001546586,,,
43241.13448,-0.002343045,,,
42874.0032,-0.008526573,,,
42977.98114,0.002422262,,,
42922,-0.001303403,,,
43117.51245,0.004544721,,,
43239,0.00281363,,,
42836.55776,-0.009350974,,,
42455.18975,-0.00894273,,,
42875.02227,0.009840264,,,
42708.20293,-0.003898417,,,
42861.82151,0.00359048,,,
43376.2603,0.011930806,,,
43211.65542,-0.003802033,,,
42809.73774,-0.009344666,,,
42586.95343,-0.005217645,,,
42231.34715,-0.00838518,,,
41489.50312,-0.01772231,,,
41207.39803,-0.006822654,,,
40850.08881,-0.008708809,,,
40815.95925,-0.000835832,,,
40844.94045,0.000709794,,,
41086.37512,0.005893604,,,
40301.21634,-0.01929491,,,
40540.61401,0.005922636,,,
40923.076,0.009389823,,,
40603,-0.007852154,,,
40571.42857,-0.000777866,,,
40369.81913,-0.004981635,,,
39564.58289,-0.020148108,,,
39312.85523,-0.006382776,,,
39320.58145,0.000196512,,,
39783.62235,0.011707246,,,
39713.51939,-0.00176366,,,
39152.73243,-0.014221455,,,
39228.71064,0.001938679,,,
39845.64814,0.0156043,,,
39773.13816,-0.001821429,,,
39404.75284,-0.009305324,,,
39372.25405,-0.000825083,,,
38951.94772,-0.01073258,,,
39512,0.014275647,,,
40094.01015,0.014622527,,,
40372.61829,0.00692484,,,
40170.87482,-0.005009564,,,
40293.66938,0.003052143,,,
40411.53838,0.002920978,,,
40445.5212,0.000840565,,,
40453.44514,0.000195897,,,
40137.42815,-0.007842541,,,
40100.16639,-0.000928786,,,
40349.24962,0.006192314,,,
39703.58539,-0.016131302,,,
39589.35963,-0.00288111,,,
39155.31209,-0.011024287,,,
39364.64251,0.005331917,,,
39384.11858,0.000494638,,,
38164.42406,-0.031458879,,,
38395.9338,0.006047789,,,
38663.73164,0.00695043,,,
38647.34849,-0.000423824,,,
38364.4,-0.007348223,,,
36518.71256,-0.049305144,,,
35144.00599,-0.038370725,,,
31703.19759,-0.103036531,,,
34235.87026,0.076856386,,,
37202.31811,0.083097142,,,
35886.22847,-0.03601746,,,
35100,-0.022152483,,,
35490.82261,0.011073014,,,
35300,-0.005391181,,,
37487.28786,0.060118921,,,
36982.14876,-0.013566555,,,
36827.63914,-0.004186703,,,
37557.80349,0.019632546,,,
37278.17221,-0.007473213,,,
36532.43129,-0.020207565,,,
37423.22741,0.024091171,,,
39467.1908,0.053178149,,,
39598,0.003308898,,,
39920.24931,0.008105085,,,
40031.53263,0.002783763,,,
39160.36825,-0.022002238,,,
39361.43433,0.005121292,,,
38319.23233,-0.026834593,,,
38536.55339,0.00565531,,,
37641.86746,-0.023490302,,,
37951.49669,0.008192014,,,
38516.57733,0.014779787,,,
38582.8252,0.001718506,,,
39071.72695,0.012591875,,,
39258.20212,0.004761284,,,
39706.56261,0.011356085,,,
39096.0921,-0.015493963,,,
38388.32793,-0.018269063,,,
38220.92667,-0.004370269,,,
37676.7748,-0.014339333,,,
37647.98809,-0.000764336,,,
38915.99999,0.033125961,,,
38784.35102,-0.003388636,,,
39442.44295,0.016825628,,,
38938.52498,-0.012858349,,,
39337.09254,0.010183784,,,
39068.29639,-0.0068566,,,
38003.12463,-0.027642921,,,
37821.7,-0.004785372,,,
37505.25345,-0.008401997,,,
36645.5424,-0.023189221,,,
37800.0302,0.031018107,,,
36976.94486,-0.022015295,,,
35562.02798,-0.039016168,,,
35905.79,0.009620125,,,
36028.53945,0.003412823,,,
37121.68927,0.029890028,,,
36896.83853,-0.006075545,,,
36977.53944,0.002184815,,,
37961.00749,0.026248828,,,
37860.16325,-0.002660056,,,
37817.5261,-0.001126809,,,
38151.13914,0.008782968,,,
38471.52604,0.008362768,,,
38399.92002,-0.001863007,,,
37950.56435,-0.011771002,,,
38335,0.010078942,,,
39272.76623,0.02416799,,,
39599,0.008272558,,,
39338.73247,-0.006594273,,,
39401.13922,0.001585137,,,
39535.30348,0.003399302,,,
39247.52775,-0.007305577,,,
39917.78214,0.016933437,,,
39907.89757,-0.000247654,,,
39599.88612,-0.007747996,,,
39323.96907,-0.00699201,,,
40008.06327,0.017246783,,,
39719.02194,-0.0072508,,,
40111.25466,0.009826745,,,
40662.83246,0.013657508,,,
40354.17187,-0.007619686,,,
39951,-0.010041078,,,
39579.67016,-0.009338097,,,
39701.13014,0.003064048,,,
39572.72049,-0.00323965,,,
39821.55009,0.006268221,,,
39627.2197,-0.004891977,,,
39042.15146,-0.014874379,,,
39565.7166,0.013321132,,,
39914.21219,0.008769455,,,
40007.99963,0.002346969,,,
39906.78928,-0.002532958,,,
39992.32314,0.002141047,,,
40395.97056,0.010042527,,,
39987.58909,-0.010160908,,,
39718.4129,-0.006754252,,,
40626.63205,0.022608932,,,
40471,-0.003838145,,,
40307.64879,-0.004044421,,,
41647.36721,0.032696907,,,
41890.96963,0.005832127,,,
41688.89475,-0.004835501,,,
41737.67097,0.001169321,,,
42250.44297,0.012210737,,,
41476.48627,-0.018488168,,,
41731.87065,0.00613845,,,
41577.76352,-0.003699628,,,
41709.92154,0.003173534,,,
41838.95861,0.003088902,,,
41379.8563,-0.01103373,,,
41754.26413,0.009007381,,,
41712.8807,-0.00099161,,,
41600.39852,-0.002700224,,,
41412.15884,-0.004535218,,,
39451.58574,-0.048500287,,,
39889.7745,0.01104577,,,
38636.23928,-0.031929335,,,
39288.71637,0.016746685,,,
39201.66131,-0.002218236,,,
39221.04966,0.000494458,,,
39570.65353,0.008874187,,,
39778.21895,0.005231729,,,
39295.39227,-0.012212233,,,
39783.38522,0.012342101,,,
39736.83076,-0.001170884,,,
39817.14978,0.002019234,,,
39690.31964,-0.003190398,,,
40253.09589,0.014079597,,,
40125.65416,-0.003171033,,,
40205.66533,0.00199203,,,
40216.90837,0.000279599,,,
40448.86921,0.005751174,,,
40147.35525,-0.007482121,,,
39996.88798,-0.003754916,,,
40326.43431,0.008205542,,,
40566.65283,0.005939178,,,
40630.90516,0.001582618,,,
40663.08344,0.000791652,,,
40351,-0.007704462,,,
40130,-0.005491993,,,
39630.36374,-0.012528599,,,
41499.11787,0.046076585,,,
41026.75544,-0.011447745,,,
40959.74085,-0.001634772,,,
40655.91362,-0.007445352,,,
40475.04969,-0.004458575,,,
41013.91291,0.013225621,,,
41045.89672,0.000779524,,,
41952.98649,0.021858749,,,
41671.17153,-0.006740062,,,
41618.69029,-0.001260207,,,
41510.68164,-0.002598569,,,
41687.24302,0.004244376,,,
41435.16629,-0.006065212,,,
41458.14597,0.00055444,,,
41141.2637,-0.007672787,,,
41252.00287,0.002688065,,,
41256.13401,0.000100139,,,
40937.10651,-0.007762903,,,
40579,-0.00878621,,,
40716.93422,0.003393389,,,
40678.63962,-0.00094095,,,
40361.31098,-0.007831452,,,
40044.3909,-0.007883066,,,
39840,-0.005117179,,,
39943.433,0.002592846,,,
39662,-0.007070728,,,
39974.33515,0.007844076,,,
40117.98836,0.003587194,,,
39823.45755,-0.007368697,,,
39243.2,-0.014677944,,,
39610.30615,0.00931116,,,
39843.90104,0.005880005,,,
40571.10178,0.018086689,,,
39794.72712,-0.019321615,,,
39601.94388,-0.004856214,,,
39636,0.000859591,,,
39808.12734,0.0043333,,,
39469.23604,-0.008549562,,,
40114.66325,0.016220401,,,
39671.1,-0.011118972,,,
40024.15359,0.008860149,,,
40118.8599,0.002363434,,,
40433.28642,0.007806821,,,
41019.03918,0.014382962,,,
40930.96466,-0.00214947,,,
40935.55755,0.000112205,,,
40948.85299,0.000324737,,,
41161.70042,0.005184423,,,
40774.17157,-0.009459391,,,
40474.19939,-0.007384112,,,
40418.20521,-0.001384411,,,
40548.66136,0.00322246,,,
41147.94271,0.014671163,,,
41190.11602,0.001024394,,,
40920.43271,-0.00656881,,,
40909.90141,-0.000257393,,,
40532.13662,-0.009276966,,,
40743.30167,0.005196294,,,
41083.46035,0.008314166,,,
41191,0.00261417,,,
41106.05877,-0.00206426,,,
40608.39001,-0.01218083,,,
38426.404,-0.055229868,,,
37926.30701,-0.01309984,,,
37852.07258,-0.001959252,,,
37938.48433,0.002280279,,,
37591,-0.009201355,,,
37383.19455,-0.0055434,,,
36802.91379,-0.015644239,,,
36924.8276,0.003307138,,,
37316.17498,0.010542719,,,
37341,0.000665041,,,
37077.32739,-0.007086257,,,
36973.43118,-0.002806083,,,
36992.88728,0.00052608,,,
37127.69142,0.003637432,,,
37342.94566,0.005780932,,,
36841.26265,-0.013525538,,,
36570.98069,-0.007363436,,,
37128,0.015116353,,,
37140,0.000323154,,,
36980.48572,-0.004304195,,,
36070.35988,-0.024918888,,,
35719.06738,-0.009786826,,,
36039.74727,0.008937774,,,
35594.07946,-0.012443104,,,
36127.47311,0.014874287,,,
35935.80001,-0.005319591,,,
35242.66039,-0.019476722,,,
34127.09035,-0.032165784,,,
35765.43992,0.046890554,,,
36552,0.021753843,,,
36594.6016,0.001164828,,,
36296.44647,-0.008180889,,,
36596.49668,0.008232674,,,
36826.62145,0.006268476,,,
36657.39709,-0.004605754,,,
37136.19808,0.012976945,,,
37229.19913,0.002501193,,,
36972.52569,-0.006918288,,,
37263.8795,0.007849391,,,
37060,-0.005486259,,,
36915.45888,-0.003907818,,,
37216,0.008108373,,,
37661.96781,0.011911997,,,
37232.78736,-0.01146102,,,
37944.79481,0.018942581,,,
37875.65427,-0.001823797,,,
37616.52344,-0.006865131,,,
37795.48141,0.004746149,,,
37930.02016,0.003553331,,,
37391.86373,-0.014289754,,,
37387,-0.000130083,,,
37422,0.000935716,,,
36985.45203,-0.01173412,,,
36638,-0.009438694,,,
36949.88156,0.008476489,,,
37121.6426,0.004637716,,,
36444.76748,-0.018402263,,,
36400.4,-0.001218131,,,
36305.18412,-0.002619219,,,
35930.91447,-0.010362492,,,
35410.65483,-0.014585293,,,
35907.32253,0.013928486,,,
36368.14466,0.012752,,,
35801,-0.015717419,,,
35657.50683,-0.004016131,,,
35901.19552,0.006810901,,,
36392.35187,0.013588043,,,
35762.28022,-0.017464926,,,
36125.41752,0.010102991,,,
36295.18122,0.00468828,,,
36264.8343,-0.000836464,,,
36510.8574,0.006761159,,,
36582.74581,0.001967024,,,
36915.61295,0.009057873,,,
36810.22297,-0.002858972,,,
36804.48662,-0.000155848,,,
37084.98299,0.00759236,,,
37217.0975,0.003556149,,,
37182,-0.000943493,,,
37095.65756,-0.002324857,,,
37384.47455,0.007755583,,,
37819.38906,0.01156641,,,
38333.56173,0.013503888,,,
38277.91716,-0.001452643,,,
38162.74562,-0.00301336,,,
37949.179,-0.005611924,,,
38143.18975,0.005099359,,,
37929.80991,-0.005609885,,,
38443.51539,0.013452687,,,
38390.34347,-0.001384076,,,
38152.84906,-0.00620552,,,
38293.53979,0.003680773,,,
38541.03444,0.006442295,,,
38429.31115,-0.002903024,,,
38300,-0.003370583,,,
38117.75171,-0.004769798,,,
38388.92336,0.007088866,,,
37530.64795,-0.022611086,,,
37808.95768,0.007388172,,,
37211.72176,-0.015922238,,,
37495.20488,0.007589242,,,
38526.42194,0.027131235,,,
38178.84944,-0.009062607,,,
38026.62325,-0.003995157,,,
38265.09505,0.006251598,,,
38212.17106,-0.001384045,,,
38174.93639,-0.000974894,,,
38407.68109,0.006078283,,,
38220.17614,-0.004893921,,,
37856.80269,-0.009552856,,,
37978.2311,0.003202438,,,
37931.36478,-0.001234793,,,
37635.60288,-0.007827849,,,
37366.134,-0.007185701,,,
37659.65269,0.007824515,,,
37839.79559,0.004772041,,,
37734.40589,-0.002789041,,,
37847.54674,0.002993861,,,
37288.98058,-0.014868306,,,
37607.71544,0.008511371,,,
37807.71061,0.005303839,,,
38120.85785,0.008248516,,,
38030.83399,-0.002364331,,,
38005.55034,-0.000665041,,,
38001.61201,-0.00010363,,,
37981.12461,-0.000539265,,,
38169.16942,0.004938791,,,
37992.86986,-0.004629599,,,
37715.80917,-0.007319159,,,
37451.45025,-0.007033914,,,
37597.90698,0.003902949,,,
37772.80642,0.004641054,,,
37804.64308,0.000842491,,,
37614,-0.005055606,,,
37448.70775,-0.004404118,,,
37199.70305,-0.006671424,,,
37556.74937,0.009552327,,,
38102.54909,0.01442808,,,
38175.32996,0.001908309,,,
38136.01954,-0.001030264,,,
38115.33081,-0.000542646,,,
37998.63589,-0.003066323,,,
37906.13485,-0.002437293,,,
37823.78585,-0.002174808,,,
37603.84573,-0.005831835,,,
37508.70428,-0.002533305,,,
37463.07263,-0.001217302,,,
37396.01369,-0.001791605,,,
37456.52458,0.001616803,,,
37574.27492,0.003138723,,,
37434.0455,-0.003739041,,,
37371.2929,-0.001677758,,,
37275.3307,-0.002571108,,,
37352.8783,0.002078239,,,
37180,-0.004638989,,,
36860.343,-0.008634725,,,
36952.39454,0.002494193,,,
37039,0.002340961,,,
36909.74,-0.003495939,,,
36837.17862,-0.001967849,,,
36587.66183,-0.006796549,,,
36558.79964,-0.000789162,,,
36650.92763,0.002516825,,,
36693.08199,0.001149497,,,
36275.06487,-0.011457649,,,
36068.72923,-0.005704323,,,
35907.68396,-0.004474953,,,
35109.01607,-0.022493345,,,
35437.07389,0.009300591,,,
34837.23553,-0.017071756,,,
34412.63142,-0.012263112,,,
34149.22542,-0.007683785,,,
35026.23244,0.025357375,,,
34552.69457,-0.013611741,,,
34185.01085,-0.010698269,,,
34761.11024,0.016711971,,,
35182.4172,0.012047207,,,
35411.01886,0.006476592,,,
35000,-0.011674977,,,
35187.29197,0.005336932,,,
35464.38018,0.007843824,,,
35680.06803,0.006063397,,,
35413.99929,-0.007485012,,,
35337.46695,-0.002163414,,,
35015.06328,-0.00916544,,,
33459.48921,-0.045442919,,,
33897.84278,0.013015948,,,
33753.41441,-0.004269798,,,
33054.10713,-0.020935751,,,
33342.44075,0.008685254,,,
33646.74265,0.009085168,,,
33432,-0.006402725,,,
33650,0.006499531,,,
34347.93784,0.020528927,,,
33891.41933,-0.013380118,,,
33500.02769,-0.0116156,,,
33911.34439,0.012203336,,,
33207.95141,-0.020960254,,,
33301.46488,0.002812039,,,
32291.56675,-0.030795282,,,
31880.44829,-0.012813189,,,
31339,-0.017129587,,,
32246.11528,0.028534251,,,
33366.239,0.034147001,,,
32946.76291,-0.012651567,,,
32977.38556,0.000929027,,,
32700,-0.008446963,,,
32320.17392,-0.011683463,,,
32933.35042,0.01879422,,,
32568.29729,-0.011146496,,,
32563.31343,-0.00015304,,,
32778.0884,0.006573956,,,
33220.06238,0.013393726,,,
33031.43625,-0.00569426,,,
33067.74035,0.001098474,,,
33641.56434,0.017204141,,,
33349.55458,-0.00871792,,,
33622.4963,0.008150959,,,
33630.13579,0.000227188,,,
34100,0.013874821,,,
34208.01718,0.003162653,,,
33835,-0.010964267,,,
33993.8892,0.004685009,,,
34520.9906,0.015386783,,,
34389.95592,-0.00380302,,,
34137.19784,-0.007376907,,,
33836.59417,-0.008844751,,,
34198.23515,0.010631154,,,
34720.8632,0.015166712,,,
34570.49793,-0.004340094,,,
34643.06183,0.002096812,,,
35343.40241,0.020014269,,,
35635.9956,0.008244501,,,
35090.50369,-0.015425696,,,
35216.89939,0.00359552,,,
34756.20437,-0.013167965,,,
35039.9169,0.008129795,,,
35426.86141,0.010982435,,,
35078.16593,-0.009891446,,,
35118.98546,0.001162997,,,
35345.11237,0.006418238,,,
35091.01302,-0.007215061,,,
35273.71921,0.00519313,,,
35514.20616,0.006794602,,,
35684,0.004769619,,,
35380.59485,-0.008538907,,,
35257.80569,-0.003476559,,,
35100,-0.004485812,,,
35038.22427,-0.001761543,,,
34451.8386,-0.016877221,,,
34909.54902,0.013198037,,,
35425.1643,0.014662021,,,
35137.99579,-0.008139377,,,
34907.9807,-0.00656757,,,
35302.36654,0.011234526,,,
35442.57395,0.003963749,,,
35426.75203,-0.00044651,,,
35588,0.004541261,,,
36076.48096,0.013632654,,,
36510,0.01194504,,,
36211,-0.008223256,,,
36661.38825,0.01236117,,,
36647.88291,-0.000368448,,,
36697.66516,0.001357472,,,
36378.0445,-0.008747714,,,
36539.96094,0.004441062,,,
36625.96151,0.002350838,,,
36258.01653,-0.010096817,,,
36370.53669,0.003098513,,,
36526.13394,0.004268988,,,
36215.09643,-0.008551942,,,
36320.84781,0.002915836,,,
36348.98771,0.000774459,,,
36221.42274,-0.003515623,,,
36415.26124,0.005337219,,,
36951.13095,0.014608303,,,
37193.16109,0.006528648,,,
37703.67246,0.0136326,,,
37615.65775,-0.002337109,,,
37567.12171,-0.001291148,,,
38149.74321,0.015389781,,,
38481.03862,0.00864659,,,
38227.25773,-0.006616803,,,
38026.22069,-0.005272874,,,
37837.69006,-0.004970242,,,
37805.00854,-0.000864103,,,
37601.19379,-0.005405795,,,
37993.87196,0.010389083,,,
37542.24806,-0.011957969,,,
37607.83935,0.001745608,,,
37654.00064,0.001226685,,,
37620.79871,-0.000882153,,,
37906.16723,0.007556768,,,
37718.9399,-0.00495147,,,
37550.8333,-0.004466783,,,
37332.12015,-0.005841483,,,
37194.95653,-0.003680911,,,
37529.08326,0.008943011,,,
37328.92873,-0.005347591,,,
37498.26803,0.004526151,,,
37649.98716,0.004037867,,,
37598.85938,-0.001358899,,,
37636.45706,0.000999469,,,
37462.0975,-0.004643495,,,
38110.16668,0.0171514,,,
37822.92514,-0.007565685,,,
37945.9127,0.003246392,,,
38187.08947,0.006335691,,,
38101.11264,-0.002254002,,,
39268.85449,0.030188213,,,
39576.25617,0.007797649,,,
39523.36408,-0.001337354,,,
39078.21175,-0.011326925,,,
38796,-0.007247919,,,
38961.22682,0.004249819,,,
39174.95872,0.005470767,,,
38968.5528,-0.005282752,,,
38419.64346,-0.014186105,,,
38483.26674,0.001654639,,,
38769.99303,0.007423055,,,
38463,-0.007949832,,,
38103,-0.009403721,,,
38405.62325,0.007910868,,,
38452,0.001206823,,,
38381.99508,-0.001822239,,,
38708.77321,0.008477801,,,
38795.91837,0.002248772,,,
38908.43688,0.002896069,,,
39445.40274,0.013706393,,,
39644.88725,0.005044486,,,
39379.62606,-0.006713415,,,
39237,-0.003628398,,,
39000,-0.006058533,,,
38670.06315,-0.008495907,,,
38791.19981,0.003127673,,,
38306.46519,-0.012574726,,,
38309.97682,9.16679E-05,,,
38509.06255,0.005183251,,,
38074.67694,-0.011344191,,,
38112,0.000979779,,,
38219.84563,0.002825707,,,
38302.36473,0.002156737,,,
38316,0.000355927,,,
38234.77744,-0.002122058,,,
37875.20445,-0.009448844,,,
38341.98779,0.012248921,,,
38368,0.000678196,,,
38084.08848,-0.007427209,,,
38233.57816,0.003917569,,,
38212.70283,-0.000546144,,,
38361.08191,0.003875459,,,
38375.98626,0.000388452,,,
38432,0.00145854,,,
38716.49806,0.00737537,,,
38875.14713,0.00408934,,,
39091.256,0.005543655,,,
38917.01171,-0.004467336,,,
38729.30613,-0.004834896,,,
38972.99512,0.006272396,,,
38690.50417,-0.007274774,,,
38544.74978,-0.003774301,,,
38179.99141,-0.009508305,,,
38158.04243,-0.000575047,,,
38129.17227,-0.000756881,,,
37978.37447,-0.003962761,,,
38037.62621,0.001558929,,,
37954.22474,-0.002195012,,,
37251.01133,-0.018701727,,,
37216.2817,-0.000932749,,,
36905.3398,-0.008390095,,,
37121.40202,0.005837427,,,
37052.79393,-0.001849918,,,
37146.44744,0.00252438,,,
37205,0.001575022,,,
36537.43562,-0.018105792,,,
37007.51697,0.012783685,,,
36959.89897,-0.00128754,,,
36721,-0.006484715,,,
37132.7071,0.011149376,,,
37007.90458,-0.003366647,,,
37671.09176,0.017761476,,,
37719.5085,0.001284424,,,
37467.96367,-0.006691162,,,
37847.21949,0.01007125,,,
37943.49753,0.00254063,,,
37967.06907,0.000621035,,,
37651.59605,-0.008343836,,,
37546.95001,-0.002783195,,,
37422.88884,-0.003309632,,,
38089.95307,0.01766803,,,
38318.88559,0.005992322,,,
38033.09609,-0.007486141,,,
37902.95324,-0.0034277,,,
37757.22795,-0.003852105,,,
37792.39234,0.000930895,,,
37869.33543,0.002033872,,,
37735.27934,-0.003546245,,,
37840.30962,0.002779478,,,
37978.1944,0.003637237,,,
37913.64883,-0.001700989,,,
38029.14285,0.003041608,,,
37990.17859,-0.001025115,,,
37884.31067,-0.002790608,,,
37730.9555,-0.004056202,,,
37744,0.000345664,,,
37738.23727,-0.000152691,,,
37297.6288,-0.011744078,,,
37565.13729,0.007146667,,,
37637.08272,0.001913386,,,
37513.80253,-0.003280874,,,
37607.9429,0.002506343,,,
37590.95782,-0.000451738,,,
37627.19806,0.000963604,,,
37720.48267,0.002476112,,,
37936,0.005697275,,,
38125.14066,0.004973395,,,
38235.23601,0.002883575,,,
38354.55173,0.003115711,,,
38397.67353,0.001123663,,,
38216.50528,-0.004729375,,,
38240,0.000614591,,,
38206.57287,-0.000874523,,,
38329,0.003199224,,,
38154.54219,-0.004561978,,,
37907.98953,-0.006482916,,,
37974.77458,0.001760217,,,
38087.98964,0.002976887,,,
38279,0.005002443,,,
38442.34101,0.00425804,,,
38817.45156,0.009710445,,,
38624.20256,-0.004990839,,,
39087.94959,0.011935136,,,
39326.75251,0.006090788,,,
39432.3,0.002680265,,,
39196.82604,-0.005989502,,,
39210.51078,0.000349068,,,
39420.16165,0.00533256,,,
39320.91251,-0.0025209,,,
39509.12967,0.004775274,,,
39159,-0.008901495,,,
39107.853,-0.00130699,,,
39215.59959,0.002751326,,,
39392.59141,0.004503147,,,
39339.1958,-0.001356393,,,
39446.24597,0.002717513,,,
39370.238,-0.001928734,,,
39235.09383,-0.003438553,,,
39484,0.006323929,,,
40270.88772,0.019733292,,,
40698.38196,0.010559518,,,
40550.35206,-0.003643874,,,
40393.00007,-0.003887958,,,
40372.8069,-0.000500042,,,
40468.97655,0.002379208,,,
40482.46762,0.000333313,,,
40008.50782,-0.011776855,,,
40112.6822,0.002600422,,,
40205.78015,0.002318222,,,
40152.6263,-0.00132292,,,
40220.82714,0.001697099,,,
40210.29434,-0.000261909,,,
40208.33228,-4.87962E-05,,,
40164.32558,-0.001095067,,,
39696.38147,-0.011719142,,,
39607.28813,-0.002246891,,,
39682.67374,0.001901518,,,
39667.47281,-0.000383136,,,
39608,-0.001500409,,,
39671.95082,0.001613292,,,
39706.19979,0.000862932,,,
39846.84553,0.003535902,,,
40138.57247,0.007294535,,,
40151,0.000309568,,,
40150,-2.49063E-05,,,
40095.00522,-0.001370672,,,
39580.9503,-0.012903819,,,
39303,-0.007047098,,,
39249.64962,-0.001358334,,,
38842,-0.010440382,,,
38896.62646,0.001405388,,,
39083,0.004780066,,,
39206.87475,0.003164518,,,
39129.83766,-0.00196682,,,
38729.56031,-0.010282147,,,
38581.98391,-0.003817711,,,
38779.77516,0.005113423,,,
38752.10411,-0.000713798,,,
39106.5379,0.009104609,,,
39091.98952,-0.000372088,,,
38776.66909,-0.008098821,,,
38561,-0.005577351,,,
38293.08591,-0.006972048,,,
38524.33203,0.006020687,,,
38702.18412,0.004605993,,,
38966.80325,0.006814049,,,
38649.74972,-0.008169786,,,
38795.53819,0.003764945,,,
38651,-0.003732597,,,
38609.84926,-0.001065242,,,
38354.11191,-0.006645663,,,
38159.0831,-0.005097924,,,
38244.30348,0.002230802,,,
38459.46616,0.005610239,,,
38498.22283,0.00100722,,,
38677.00044,0.004633039,,,
38644.82411,-0.00083227,,,
38706,0.001581778,,,
38826.72113,0.003114072,,,
38702.41228,-0.003206767,,,
38697.46232,-0.000127906,,,
39083.65522,0.00993033,,,
38962,-0.003117542,,,
39082.34411,0.003083995,,,
38874.77153,-0.005325314,,,
38956.10427,0.002089987,,,
38812.28016,-0.003698785,,,
39042.76845,0.005920977,,,
39182.4448,0.003571138,,,
39233.81219,0.001310121,,,
38996.99987,-0.006054214,,,
38775.93902,-0.005684791,,,
38511.3059,-0.006848068,,,
38616.77217,0.002734836,,,
38318.2579,-0.007760204,,,
38215.39632,-0.002688011,,,
38135.41973,-0.002094977,,,
37603,-0.014059668,,,
37908.91975,0.0081026,,,
37812.76793,-0.002539612,,,
37724.87269,-0.002327192,,,
37836,0.002941401,,,
37285.45251,-0.014657793,,,
37452.77422,0.004477548,,,
37488.23739,0.000946429,,,
37595.49008,0.002856884,,,
37591.89069,-9.57446E-05,,,
37383.07477,-0.005570298,,,
37602.51648,0.00585292,,,
37720.44464,0.00313127,,,
37560.49877,-0.004249312,,,
37541.54499,-0.000504747,,,
37776.40681,0.006236563,,,
38147.99014,0.009788324,,,
37968.78772,-0.004708627,,,
37967.45303,-3.5153E-05,,,
38188.09621,0.005794556,,,
38222.35521,0.00089671,,,
38141.0605,-0.002129154,,,
38173.48983,0.000849886,,,
38337.721,0.004293003,,,
38273.54397,-0.001675394,,,
38459.16795,0.004838206,,,
38678.6724,0.005691242,,,
38898.62929,0.005670666,,,
38819.7181,-0.002030697,,,
39046.76595,0.005831739,,,
39159.53174,0.002883805,,,
39045.18081,-0.002924402,,,
39269.77591,0.005735704,,,
39439.73939,0.00431876,,,
39348.97623,-0.002303964,,,
39283.90094,-0.001655168,,,
39205.57188,-0.001995913,,,
39494.22279,0.007335526,,,
39601.93408,0.002723555,,,
39470.47323,-0.003325078,,,
39714.73312,0.006169351,,,
39650.68578,-0.001613986,,,
39613.09633,-0.000948465,,,
39299.5341,-0.007947115,,,
39306.14786,0.000168277,,,
39668.2902,0.009171192,,,
40226.85019,0.013982555,,,
39966.34643,-0.006496927,,,
39845.98911,-0.00301601,,,
40097.35632,0.006288654,,,
40214.80055,0.002924696,,,
40055.99442,-0.003956765,,,
40021.32208,-0.000865972,,,
40015.1518,-0.000154187,,,
39608,-0.010227059,,,
39567.74714,-0.001016798,,,
39663.89378,0.002426977,,,
39302.37737,-0.009156287,,,
39129.76199,-0.004401656,,,
38947.38123,-0.004671818,,,
38810.94105,-0.003509343,,,
38908,0.002497692,,,
38965.05943,0.001465448,,,
39045.21345,0.002054961,,,
39073,0.000711397,,,
39092,0.000486151,,,
38971.36474,-0.003090704,,,
39117,0.003730016,,,
39090.69945,-0.000672582,,,
39061.45009,-0.000748524,,,
38562.65692,-0.012851679,,,
38595,0.000838364,,,
38774.20724,0.004632529,,,
38763,-0.00028908,,,
38622.81283,-0.003623076,,,
38667.22033,0.001149113,,,
38469,-0.005139499,,,
38322.6753,-0.003810957,,,
38759.6,0.011336702,,,
38902.11997,0.00367028,,,
38985.74959,0.002147437,,,
38842.05729,-0.003692574,,,
39120.02231,0.007130805,,,
38667.38385,-0.011637965,,,
38538.40117,-0.003341273,,,
38599.29486,0.001578831,,,
38419.92025,-0.004657927,,,
38516.12674,0.002500948,,,
38495.73922,-0.000529464,,,
38405,-0.002359906,,,
38642.85646,0.006174272,,,
38336.24751,-0.007966073,,,
38000,-0.008809699,,,
37840.79598,-0.00419838,,,
38149.36379,0.008121302,,,
38123,-0.000691307,,,
38144.58658,0.000566075,,,
38293.6327,0.003899785,,,
38183.57739,-0.002878122,,,
38270.48925,0.002273571,,,
38289.67683,0.000501242,,,
38091.38104,-0.005192288,,,
37913.59825,-0.004678197,,,
38090.74034,0.004661376,,,
38249.08173,0.004148336,,,
37887.74988,-0.009491715,,,
37820.88653,-0.001766334,,,
37371.43008,-0.011954993,,,
37314.17142,-0.001533326,,,
37544.54408,0.006154885,,,
37306,-0.006373899,,,
37023.90954,-0.007590264,,,
36967.12299,-0.001534958,,,
36888.04126,-0.002141536,,,
36691.39059,-0.005345275,,,
36914.51959,0.00606282,,,
36920.49159,0.000161766,,,
36966.86075,0.001255131,,,
36970.9914,0.000111733,,,
36767.83504,-0.005510174,,,
36975.07779,0.005620697,,,
36830.72801,-0.003911615,,,
36803.99649,-0.000726057,,,
36891.85778,0.002384431,,,
35986.60545,-0.024844072,,,
35726.84607,-0.007244402,,,
35424.84482,-0.008488992,,,
35926.5438,0.014062999,,,
36043.83084,0.003259317,,,
35890,-0.004277016,,,
36290.88945,0.011108025,,,
36231.16614,-0.001647039,,,
35960.86488,-0.007488431,,,
35940.57067,-0.000564501,,,
35594,-0.009689675,,,
35739.3539,0.004075347,,,
35365.01515,-0.010529373,,,
36526.22939,0.032307557,,,
36638.91415,0.003080288,,,
36582.45577,-0.001542129,,,
36609.55222,0.000740421,,,
36909.07379,0.008148227,,,
36752.56651,-0.004249363,,,
36947.08659,0.005278737,,,
36967.6,0.000555056,,,
36820,-0.004000678,,,
36789,-0.000842288,,,
36777.98369,-0.000299491,,,
36593.99344,-0.005015284,,,
36531,-0.001722898,,,
36786.71086,0.006975447,,,
36974.26242,0.005085398,,,
36743.66134,-0.00625633,,,
36231.59542,-0.01403419,,,
36206.60596,-0.000689953,,,
36268.90407,0.00171915,,,
35843.01953,-0.011811902,,,
35932.99191,0.002507033,,,
36064.42366,0.003651017,,,
36146.90995,0.002284581,,,
35957.51102,-0.005253474,,,
35686.16517,-0.007574909,,,
35925,0.006670349,,,
36172.52843,0.006866516,,,
36189.15891,0.000459649,,,
36489.2395,0.008257813,,,
36066.50101,-0.011652924,,,
35776.45822,-0.008074399,,,
35783.24108,0.000189572,,,
36101.99131,0.008868367,,,
35895.10666,-0.005747043,,,
35448.73626,-0.012513378,,,
35200.41488,-0.007029735,,,
35000.40877,-0.005698128,,,
34857.96394,-0.004078109,,,
34848.1074,-0.000282803,,,
35046.2993,0.005671196,,,
35433.649,0.010991881,,,
34843.24066,-0.016802742,,,
34872.71559,0.000845572,,,
35062.39132,0.005424348,,,
35282.15939,0.006248353,,,
35408,0.003560347,,,
35666.67547,0.007279009,,,
35671.78384,0.000143215,,,
35869.8851,0.005538081,,,
35902.63465,0.000912593,,,
35862.38571,-0.001121687,,,
36223.49329,0.0100189,,,
36294,0.001944544,,,
36368.71593,0.002056514,,,
36261.02008,-0.002965615,,,
36372.93732,0.00308168,,,
36465.10262,0.002530693,,,
36132.89092,-0.009152154,,,
36341.3767,0.00575339,,,
36327.21362,-0.000389799,,,
36299.89556,-0.000752283,,,
36587.1575,0.007882426,,,
36360.5,-0.00621427,,,
36465.15113,0.00287402,,,
36433.32844,-0.000873069,,,
36490.78099,0.001575681,,,
36323,-0.004608504,,,
35707.8816,-0.017079712,,,
36258.99675,0.015316099,,,
37143.64184,0.024105072,,,
36943.88187,-0.005392553,,,
36885.91128,-0.001570385,,,
36993.93602,0.002924338,,,
36883.7546,-0.002982809,,,
36783,-0.002735417,,,
36479.4,-0.008288064,,,
36569.51019,0.002467121,,,
36519.57847,-0.001366325,,,
36091.85741,-0.01178123,,,
36158.07717,0.001833075,,,
36203.46697,0.001254528,,,
35829,-0.010397266,,,
35725.21512,-0.002900876,,,
35757.17265,0.000894137,,,
35369.4771,-0.010901663,,,
35081.05076,-0.008188099,,,
35270,0.005371624,,,
35384.42589,0.003239033,,,
35185.81715,-0.005628697,,,
35231.46899,0.001296609,,,
35174.26307,-0.001625036,,,
35269.40906,0.002701337,,,
35151.44543,-0.00335025,,,
35346.90525,0.005545103,,,
35505.14587,0.004466798,,,
35436.51321,-0.001934905,,,
35094.92287,-0.009686263,,,
34941,-0.004395548,,,
34862.17538,-0.002258483,,,
34759.04966,-0.002962481,,,
34456.12862,-0.008753079,,,
34280.29147,-0.005116284,,,
34414.30967,0.00390186,,,
34883.04755,0.013528511,,,
35068,0.005288066,,,
34753.00102,-0.009023105,,,
34474,-0.008060512,,,
34566.06975,0.002667141,,,
34096.6097,-0.013674601,,,
34540,0.012920116,,,
34366.81872,-0.005026546,,,
34379.33854,0.000364233,,,
34149.7953,-0.006699168,,,
34252.5602,0.00300472,,,
34585.00306,0.009658838,,,
34813.49811,0.006585038,,,
34368.18488,-0.01287391,,,
34282.60574,-0.002493174,,,
34133.94823,-0.004345666,,,
33890.55179,-0.007156171,,,
33649.6832,-0.007132626,,,
33839.84778,0.005635395,,,
34014.56223,0.005149697,,,
34044.01342,0.000865466,,,
33849,-0.005744743,,,
33793.59797,-0.001638081,,,
34017.55526,0.006605347,,,
34036.24994,0.000549409,,,
33939,-0.002861336,,,
34108.09956,0.004970084,,,
34357.78543,0.007293763,,,
34253.83443,-0.003030131,,,
34272,0.000530182,,,
34132.80246,-0.004069823,,,
34314.47351,0.005308362,,,
34672.79609,0.010388172,,,
34391,-0.008160503,,,
34356.54664,-0.001002315,,,
34466.90574,0.003207023,,,
34449.33673,-0.000509866,,,
34386.86124,-0.001815193,,,
34843.3954,0.013189053,,,
34669.9248,-0.004991013,,,
34591,-0.002279058,,,
34276.3,-0.009139379,,,
33919,-0.010478824,,,
33547.39486,-0.011016118,,,
33834.69388,0.008527511,,,
33785.43956,-0.001456795,,,
33730.86284,-0.001616698,,,
33760.89165,0.000889851,,,
33905.47323,0.004273373,,,
33994.22622,0.00261424,,,
34312.60618,0.009322121,,,
34495.25436,0.005308946,,,
34534.54752,0.00113844,,,
34627.55006,0.002689409,,,
34541.27324,-0.002494675,,,
34508.45843,-0.000950469,,,
34741.9931,0.006744665,,,
34720.24857,-0.000626082,,,
34821.4835,0.002911489,,,
34851.096,0.000850048,,,
34734.24722,-0.003358434,,,
34998.73275,0.007585702,,,
35239.29114,0.006849832,,,
35266.05181,0.00075911,,,
35319.63344,0.001518201,,,
35425,0.002978788,,,
35401,-0.000677717,,,
35652,0.007065178,,,
35787.8375,0.003802855,,,
35657,-0.00366262,,,
35689.60181,0.000913899,,,
36138,0.012485563,,,
35984.53572,-0.00425566,,,
35832.87626,-0.00422348,,,
35623.55757,-0.005858655,,,
35797.92818,0.004882871,,,
35682.97676,-0.003216286,,,
35849.49887,0.004655855,,,
35863.62712,0.000394021,,,
35860.73022,-8.07787E-05,,,
35831.9912,-0.000801728,,,
35678,-0.004306851,,,
35898.44077,0.00615961,,,
35906.06683,0.000212412,,,
35708.29038,-0.005523388,,,
35814.44095,0.002968305,,,
35757.18318,-0.001600014,,,
36004.5154,0.006893181,,,
36334.36289,0.009119571,,,
36064.27446,-0.007461181,,,
35975.62162,-0.002461216,,,
35690,-0.007970994,,,
35524.4666,-0.004648878,,,
35681,0.004396675,,,
35662,-0.000532638,,,
35511.77608,-0.004221334,,,
35705.34671,0.005436083,,,
35605.39404,-0.002803301,,,
35268.68726,-0.009501621,,,
35439,0.004817385,,,
35357.66366,-0.002297746,,,
35348.14453,-0.00026926,,,
35349,2.42009E-05,,,
35435.14326,0.002433972,,,
35492.87372,0.001627861,,,
35518.31978,0.000716677,,,
35829.4685,0.008722084,,,
35697.58306,-0.003687712,,,
35745.02333,0.001328067,,,
35814.77031,0.001949335,,,
35922.39915,0.003000646,,,
35890.81837,-0.000879525,,,
35818.74089,-0.002010262,,,
35943,0.003463105,,,
36097,0.004275409,,,
36149.67048,0.001458074,,,
36123.44803,-0.000725649,,,
36209.36201,0.00237552,,,
36200,-0.000258586,,,
36194.25332,-0.000158761,,,
36082,-0.003106232,,,
36155,0.002021126,,,
36286.82513,0.00363948,,,
36084,-0.005605178,,,
36067,-0.000471234,,,
35982.91955,-0.002333951,,,
35991.8,0.000246766,,,
36167.25939,0.004863138,,,
35956.58903,-0.005841922,,,
35996.49539,0.001109233,,,
35910.93208,-0.002379819,,,
35750.2712,-0.004483909,,,
35724,-0.000735123,,,
35568.77094,-0.0043547,,,
35556.86894,-0.000334675,,,
35648.03454,0.002560656,,,
35660.36414,0.000345811,,,
35800,0.00390807,,,
35435.35533,-0.010237834,,,
35268.71573,-0.004713729,,,
35322.7663,0.001531363,,,
35252.24622,-0.001998444,,,
35183.61422,-0.00194878,,,
34889.3615,-0.008398515,,,
34800,-0.002564568,,,
34670.62608,-0.003724569,,,
34680.8,0.000293402,,,
34785,0.00300004,,,
34741,-0.001265714,,,
34425.63971,-0.009118918,,,
34734,0.008917407,,,
34445.40263,-0.008343496,,,
34515.0751,0.00202065,,,
34319.61304,-0.005679189,,,
34289,-0.000892396,,,
34428.39307,0.004057001,,,
34477.07238,0.001412931,,,
34292.87435,-0.005356947,,,
34624.53207,0.009624863,,,
34515.62784,-0.003150248,,,
34455.78175,-0.001735389,,,
34696.15728,0.006952126,,,
34834.12204,0.003968485,,,
34840,0.000168727,,,
35046.16801,0.005900126,,,
35363.81797,0.009022928,,,
35739.26218,0.010560659,,,
35851,0.003121595,,,
35840,-0.000306873,,,
35698.64127,-0.00395196,,,
35984.94681,0.007988079,,,
36117.67816,0.003681738,,,
36139.03373,0.000591103,,,
36179,0.001105292,,,
36184.14109,0.000142091,,,
36115,-0.00191264,,,
35932,-0.005080028,,,
36737.84282,0.0221791,,,
36728.29049,-0.000260047,,,
36904.75605,0.004793117,,,
36889.40448,-0.000416065,,,
36959.32911,0.001893727,,,
36976.71269,0.000470233,,,
36894,-0.002239392,,,
36836.18256,-0.001568352,,,
37175.34185,0.009165104,,,
36941.67084,-0.006305483,,,
36639.9778,-0.008200271,,,
36755.89078,0.003158572,,,
36844.28561,0.002402029,,,
36996,0.004109264,,,
36658.31671,-0.009169474,,,
36728.86311,0.001922582,,,
36466,-0.007182587,,,
36430.10435,-0.000984844,,,
36515.16855,0.002332276,,,
36621,0.002894095,,,
36822.54492,0.005488445,,,
36949.5151,0.003442233,,,
36913,-0.000988732,,,
36971.17112,0.001574658,,,
37129.02265,0.004260495,,,
37133,0.000107117,,,
37046.93179,-0.002320526,,,
37126.79295,0.002153355,,,
37016,-0.002988639,,,
36875.74296,-0.003796289,,,
36791.8829,-0.002276715,,,
36940.72612,0.004037384,,,
36766,-0.004741126,,,
36755.06532,-0.000297457,,,
36677.87432,-0.002102354,,,
36680.71482,7.74415E-05,,,
36754.93777,0.002021443,,,
36695.16387,-0.001627606,,,
36638,-0.001559019,,,
36855,0.005905341,,,
36810.57611,-0.001206096,,,
36778.00503,-0.000885221,,,
36596.57988,-0.004945187,,,
36682.72741,0.002351211,,,
36828.9783,0.003978988,,,
36765,-0.001738684,,,
36789.27483,0.000660052,,,
36933.04704,0.003900376,,,
37213.97198,0.007577548,,,
37120.67547,-0.002510177,,,
36906.11799,-0.005796768,,,
36859,-0.001277514,,,
37012.46825,0.004155013,,,
37282.19071,0.007260916,,,
37391.96071,0.002939975,,,
37263.56006,-0.00343982,,,
37551.95022,0.007709406,,,
37743.02375,0.005075344,,,
37709.9,-0.000877998,,,
37783.63284,0.001953356,,,
37667,-0.003091636,,,
37481.97451,-0.004924242,,,
37384.6,-0.002601283,,,
37206.92912,-0.004763844,,,
36902.14834,-0.00822524,,,
36785.82847,-0.003157095,,,
36826.43157,0.001103161,,,
36822.18513,-0.000115316,,,
36973.3769,0.00409759,,,
36890,-0.002257599,,,
36658.9177,-0.006283792,,,
36694.06188,0.000958221,,,
36690.07435,-0.000108675,,,
36828.5413,0.003766859,,,
36891.9029,0.00171897,,,
36750.93764,-0.003828354,,,
36867.31355,0.003161607,,,
36967.79885,0.002721886,,,
37116.08675,0.004003248,,,
37264.99488,0.00400393,,,
37367.03528,0.002734495,,,
37100.37032,-0.007161955,,,
36809.97423,-0.007858104,,,
36928.82552,0.003223578,,,
36910.39975,-0.000499078,,,
36757.00162,-0.00416462,,,
36744,-0.000353781,,,
36815.51113,0.001944307,,,
36285.08958,-0.014512353,,,
36156,-0.003563992,,,
36047.67751,-0.003000472,,,
36200.1802,0.004221659,,,
36233.99999,0.000933808,,,
36059.52231,-0.004826934,,,
36214.01537,0.004275238,,,
36227.62769,0.000375815,,,
36221.34,-0.000173576,,,
36449.82255,0.006288142,,,
36491.92809,0.001154498,,,
36425.9484,-0.001809699,,,
36412.46236,-0.0003703,,,
36578.30287,0.004544158,,,
36614.52784,0.00098985,,,
36599,-0.00042418,,,
36221.53413,-0.01036711,,,
36210,-0.000318484,,,
36292.08669,0.002264396,,,
36153.71576,-0.003819989,,,
35810.20905,-0.009546709,,,
36520.2816,0.019634745,,,
37355.21608,0.022604789,,,
37024.78482,-0.008885007,,,
37013.04484,-0.000317135,,,
36852.48222,-0.004347437,,,
36841.62105,-0.000294764,,,
36618.54086,-0.00607352,,,
36285.50179,-0.009136431,,,
36368.7667,0.002292087,,,
36281.33799,-0.002406845,,,
36228,-0.001471203,,,
36200.59426,-0.000756766,,,
36308.99999,0.002990109,,,
36265,-0.001212555,,,
35951.91316,-0.008670789,,,
35793,-0.004429956,,,
35886.45952,0.002607709,,,
36104.60271,0.006060304,,,
36170,0.00180969,,,
36168.24962,-4.83942E-05,,,
36213.08663,0.001238911,,,
36428.18874,0.005922328,,,
36229.18753,-0.005477812,,,
36012,-0.006012863,,,
36092.13131,0.002222656,,,
35829,-0.007317251,,,
35963.42293,0.003744771,,,
36079.4335,0.003220602,,,
36081.53682,5.82952E-05,,,
36237,0.004299407,,,
36311,0.002040029,,,
36303,-0.000220343,,,
36294.31936,-0.000239145,,,
36119.2369,-0.004835636,,,
36419,0.008265015,,,
36462.68979,0.001198924,,,
36303.44794,-0.004376819,,,
36394,0.002491204,,,
36406.11967,0.000332958,,,
36483.34498,0.002118971,,,
36735.48153,0.006887233,,,
36776.48838,0.001115651,,,
36685,-0.002490786,,,
36656.62611,-0.000773746,,,
36352.81766,-0.00832249,,,
36458.49563,0.002902792,,,
36190,-0.00739167,,,
36048.33213,-0.00392224,,,
36093.54914,0.001253558,,,
36109.61877,0.000445123,,,
36285.414,0.004856564,,,
36350,0.001778362,,,
36467,0.003213538,,,
36448.33918,-0.000511849,,,
36279.6084,-0.004640062,,,
36610.23951,0.009072138,,,
36538.63739,-0.00195771,,,
36400,-0.003801485,,,
36460.21333,0.001652846,,,
36522.89603,0.001717732,,,
36721.79043,0.005430971,,,
36635,-0.002366256,,,
36657.57878,0.000616127,,,
36518.8559,-0.003791468,,,
36599.26452,0.002199418,,,
36718.10105,0.003241705,,,
36814.59649,0.00262456,,,
36842.52049,0.000758216,,,
36797.23329,-0.001229966,,,
36737.36647,-0.001628263,,,
36731.83904,-0.000150469,,,
37104,0.010080853,,,
37086.86322,-0.000461965,,,
37308.99996,0.005971768,,,
37216.64948,-0.002478356,,,
37135.17793,-0.002191515,,,
37108.35755,-0.000722498,,,
37227.22823,0.00319822,,,
37368.77269,0.003794966,,,
37267.01628,-0.002726747,,,
37327,0.001608272,,,
37346,0.000508885,,,
37273.39645,-0.001945971,,,
37137.1322,-0.003662503,,,
37256.00686,0.003195853,,,
37159,-0.002607187,,,
37172.91173,0.000374314,,,
36963.95667,-0.005637023,,,
37119.72496,0.004205205,,,
37287,0.004496242,,,
37172.35721,-0.003079341,,,
37420.52488,0.006653948,,,
37371.46508,-0.0013119,,,
37295.70261,-0.002029339,,,
37272.34393,-0.000626506,,,
37160.24871,-0.003011995,,,
37655.85099,0.01324874,,,
37650,-0.000155393,,,
37545.22419,-0.002786769,,,
37484.75722,-0.001611809,,,
37882.13979,0.010545379,,,
37923,0.001078033,,,
37858,-0.00171547,,,
38146.34819,0.007587713,,,
38095.09532,-0.001344489,,,
38025.59947,-0.001825939,,,
38029.79731,0.000110389,,,
38086.81859,0.001498261,,,
38042.42153,-0.00116636,,,
37902,-0.003698012,,,
37853.94647,-0.001268641,,,
37823.30414,-0.000809816,,,
37789.80548,-0.000886054,,,
37878.36486,0.002340731,,,
38003.80046,0.003306066,,,
37916.38249,-0.002302892,,,
37979,0.001650101,,,
38059.51499,0.002117743,,,
38006.65402,-0.001389868,,,
38003.69802,-7.7779E-05,,,
37843.39362,-0.004227048,,,
37868.22703,0.000656,,,
37880,0.000310845,,,
37753.62319,-0.003341819,,,
37658.07035,-0.002534166,,,
37708.57032,0.001340115,,,
37744.17573,0.000943781,,,
37834.09539,0.002379512,,,
37786.18764,-0.001267061,,,
37807.31745,0.000559038,,,
37773.93413,-0.000883376,,,
37735.82144,-0.001009477,,,
37574.59639,-0.00428162,,,
37448.0961,-0.003372324,,,
37524.41397,0.00203589,,,
37570.28805,0.001221766,,,
37693.53809,0.00327515,,,
37688.30181,-0.000138927,,,
37575.9079,-0.002986652,,,
37487.94433,-0.002343701,,,
37494.04581,0.000162745,,,
37400,-0.002511438,,,
37498.67827,0.002634982,,,
37551.11014,0.001397256,,,
37486.33704,-0.001726421,,,
37418.41751,-0.001813491,,,
37292.13495,-0.003380585,,,
37311.72289,0.000525119,,,
37310.85571,-2.32419E-05,,,
37345.39117,0.000925186,,,
37400.04842,0.001462491,,,
37393.7241,-0.000169113,,,
37452,0.001557228,,,
37500,0.00128082,,,
37635.59478,0.003609339,,,
37770,0.003564865,,,
37800.18617,0.000798891,,,
37854.91703,0.001446852,,,
37956.88897,0.002690135,,,
38340,0.010042723,,,
38258,-0.002141049,,,
38757.21717,0.012964299,,,
38801.16984,0.001133409,,,
38714.96197,-0.002224257,,,
38761.16907,0.001192809,,,
38886.02793,0.003216059,,,
38936.14538,0.001288,,,
38660.95617,-0.0070928,,,
38595.22013,-0.001701768,,,
38657.86614,0.001621839,,,
38627,-0.000798763,,,
38776.73038,0.00386882,,,
38849.82792,0.001883313,,,
38770.20573,-0.00205159,,,
38817.2032,0.001211472,,,
39098.28333,0.007215032,,,
39016.2929,-0.002099236,,,
39167.2281,0.003861054,,,
39125.01797,-0.001078271,,,
39282.41034,0.004014736,,,
39400.02748,0.002989669,,,
39320.59489,-0.002018089,,,
39266.33983,-0.001380766,,,
39061.32763,-0.005234745,,,
38875.40957,-0.004771008,,,
38931.00745,0.001429134,,,
38787.65349,-0.003689053,,,
38637.02277,-0.003891031,,,
38730.27725,0.002410696,,,
38895,0.004244056,,,
38994.85271,0.002563948,,,
39120.06624,0.003205883,,,
38844,-0.007081914,,,
38397.91345,-0.011550504,,,
38448.07768,0.001305578,,,
38623.18841,0.004544133,,,
38377.99998,-0.006368454,,,
38526,0.00384896,,,
38617.86888,0.002381756,,,
38722.84721,0.002714699,,,
38500,-0.005771552,,,
38600.0005,0.002594048,,,
38553.92129,-0.001194475,,,
38647.48444,0.002423873,,,
38777.06207,0.003347201,,,
38864.76323,0.002259122,,,
38870.6955,0.000152627,,,
38856.34787,-0.00036918,,,
38959.78415,0.002658481,,,
38876.84608,-0.002131081,,,
38795.93719,-0.002083327,,,
38837.29976,0.001065589,,,
38679.3165,-0.004076119,,,
38635.73655,-0.001127334,,,
38561.80055,-0.001915502,,,
38572.61985,0.000280531,,,
38601.12315,0.000738679,,,
38514,-0.002259562,,,
38597,0.002152742,,,
38615,0.000466249,,,
38727.68105,0.002913815,,,
38587.23585,-0.003633072,,,
38712.09648,0.003230577,,,
38851,0.003581695,,,
38826.97345,-0.000618619,,,
38814.55866,-0.000319798,,,
38777,-0.000968112,,,
38906,0.003321193,,,
38905.00615,-2.55452E-05,,,
38939.32242,0.000881664,,,
38892.03191,-0.001215205,,,
39061.73008,0.004353823,,,
39093.99463,0.000825648,,,
39196.2,0.002610938,,,
39236.6777,0.001032162,,,
38856.01743,-0.009749012,,,
38787.92224,-0.001754038,,,
38780.94254,-0.000179961,,,
38687.26967,-0.002418357,,,
38233.57818,-0.011796457,,,
37872.91347,-0.009477967,,,
37851.05839,-0.00057723,,,
37898.55071,0.00125393,,,
37463.64575,-0.011541856,,,
37573,0.002914691,,,
37724.11397,0.00401381,,,
37761.94942,0.001002449,,,
37635.3445,-0.003358344,,,
37915.13138,0.007406655,,,
37983.79359,0.001809307,,,
37919.17533,-0.001702655,,,
37879.67493,-0.001042243,,,
37668,-0.005603759,,,
37601.99999,-0.001753687,,,
37569.41353,-0.000866991,,,
37001.97402,-0.015218986,,,
37114.82882,0.003045325,,,
36680.54889,-0.011769977,,,
36750.18237,0.001896576,,,
36870.42911,0.003266663,,,
36856.21459,-0.000385601,,,
36772.87566,-0.002263751,,,
36753.16438,-0.000536171,,,
36520.44571,-0.006352067,,,
36585.66286,0.001784178,,,
36661.24256,0.002063697,,,
36623.99086,-0.001016623,,,
36595.62079,-0.000774931,,,
36708.11956,0.003069389,,,
36787.73553,0.002166544,,,
36697.41526,-0.002458192,,,
36508,-0.005174909,,,
36654.18543,0.003996207,,,
36840,0.00505659,,,
36832.78378,-0.000195899,,,
36961.84824,0.00349794,,,
36713.19401,-0.006750052,,,
36692.03599,-0.000576472,,,
36638.8,-0.00145194,,,
36729.0791,0.002460999,,,
36670.01976,-0.001609267,,,
36393.05405,-0.007581587,,,
36591,0.005424375,,,
35854.3693,-0.020336872,,,
35816,-0.001070716,,,
36590,0.021380258,,,
36847.26441,0.007006401,,,
36796.5523,-0.001377227,,,
36786.59658,-0.000270598,,,
36823.25806,0.000996103,,,
36733.23953,-0.002447604,,,
36305.66216,-0.011708343,,,
36395.58992,0.0024739,,,
36628.9883,0.006392346,,,
36708.51452,0.002168774,,,
36737.51345,0.000789666,,,
36813.93526,0.002078051,,,
36979.90419,0.004498186,,,
36967.94366,-0.000323486,,,
37008.97002,0.001109167,,,
36940.63547,-0.001848139,,,
36857.75123,-0.002246235,,,
36894,0.000982994,,,
36993.28836,0.002687564,,,
37178.7584,0.005001087,,,
37147.67583,-0.00083638,,,
37082.60805,-0.001753134,,,
37003,-0.002149083,,,
37112.08129,0.002943567,,,
37103,-0.000244729,,,
37112,0.000242539,,,
37096.8371,-0.000408655,,,
37081.27011,-0.000419719,,,
36910.45427,-0.004617169,,,
36806.25104,-0.002827129,,,
36908.45204,0.002772881,,,
37067.52187,0.004300588,,,
37067.48486,-9.98562E-07,,,
37036.29366,-0.000841825,,,
37161.85841,0.003384582,,,
37150.73589,-0.000299344,,,
37197,0.001244533,,,
37182,-0.00040334,,,
37173.91304,-0.00021752,,,
37113.14434,-0.001636051,,,
37102.54226,-0.00028571,,,
37100,-6.85223E-05,,,
36578.6304,-0.014152769,,,
36796.4443,0.005937017,,,
37040.74288,0.006617248,,,
36834.99643,-0.005570083,,,
37097.10946,0.007090671,,,
37285.43794,0.005063792,,,
37599.44577,0.008386463,,,
37692.70406,0.002477239,,,
37650.56463,-0.001118599,,,
37605.7075,-0.001192117,,,
37722.51143,0.003101202,,,
37697.66979,-0.000658753,,,
37572.48082,-0.003326394,,,
37509.29726,-0.00168306,,,
37451.38656,-0.001545096,,,
37646.01429,0.005183353,,,
37527.25563,-0.003159601,,,
37570.7867,0.001159313,,,
37416.13084,-0.004124882,,,
37399.23197,-0.000451749,,,
37536.23188,0.003656481,,,
37510.73331,-0.000679536,,,
37515.94393,0.0001389,,,
37681.0912,0.004392395,,,
37602.29942,-0.002093206,,,
37586,-0.000433563,,,
37513.48295,-0.001931227,,,
37604.55371,0.002424739,,,
37751.78504,0.003907608,,,
37748.50863,-8.67922E-05,,,
37643.2397,-0.002792587,,,
37699.99013,0.001506451,,,
37838.21624,0.003659771,,,
37834.45789,-9.93316E-05,,,
37670.48907,-0.004343267,,,
37593.33001,-0.002050363,,,
37540.31685,-0.00141117,,,
37702.04307,0.004298814,,,
37826.11426,0.003285432,,,
37784.47703,-0.00110136,,,
37747.82039,-0.000970622,,,
37665.06999,-0.002194596,,,
37359.59031,-0.008143492,,,
36346.79682,-0.027483568,,,
36387.58254,0.001121498,,,
36632.59073,0.006710724,,,
36368.72446,-0.007229114,,,
36453.02122,0.002315155,,,
36360.89109,-0.002530565,,,
36205.9128,-0.004271334,,,
36102.2798,-0.002866427,,,
35887.51795,-0.00596647,,,
35871.4522,-0.00044777,,,
35931.60877,0.0016756,,,
36050.74318,0.003310103,,,
36012.23967,-0.001068607,,,
35888.81585,-0.003433161,,,
35992,0.002870981,,,
35750.94541,-0.006719978,,,
35734.54826,-0.000458754,,,
35566.01952,-0.004727285,,,
35899.51917,0.009333228,,,
35840.85716,-0.001635398,,,
35638.78194,-0.005654079,,,
35690.03172,0.001437001,,,
35942.02899,0.007035908,,,
36116.54322,0.004843687,,,
36304.3294,0.00518598,,,
36148.07243,-0.004313376,,,
36130.93325,-0.00047425,,,
36076.57509,-0.00150561,,,
36073.3888,-8.83241E-05,,,
35941.91465,-0.003651288,,,
36142.13844,0.005555301,,,
36062,-0.002219775,,,
36011.93222,-0.001389345,,,
36105.79125,0.002602941,,,
36153.74701,0.00132732,,,
36142.79335,-0.00030302,,,
36026,-0.003236675,,,
36085,0.001636367,,,
36170.74702,0.002373432,,,
36071,-0.002761481,,,
35783.21202,-0.008010373,,,
35980,0.005484383,,,
35824.59719,-0.004328499,,,
35914.3921,0.00250338,,,
35832.13259,-0.00229306,,,
35720.40874,-0.00312285,,,
35164.89725,-0.015673851,,,
34951.26377,-0.006093721,,,
34980.7551,0.000843429,,,
35093.84565,0.003227722,,,
35205.61762,0.003179884,,,
34917.30926,-0.008222988,,,
35050.11657,0.003796266,,,
35364.32637,0.008924643,,,
35278.5849,-0.002427463,,,
35413.14347,0.003806916,,,
35509.43819,0.00271549,,,
35432,-0.002183159,,,
35695.29685,0.007403573,,,
35618.75007,-0.002146753,,,
35572.47739,-0.001299955,,,
35708,0.003802522,,,
35997.27141,0.008068388,,,
36080.0799,0.002297769,,,
36211,0.00362203,,,
36191.22268,-0.000546318,,,
36062.11807,-0.003573669,,,
36100.4787,0.001063172,,,
36150.42657,0.001382623,,,
36102.44903,-0.001328045,,,
35944.381,-0.004387932,,,
35979.85537,0.000986437,,,
36006.99465,0.000754007,,,
35965.61166,-0.001149965,,,
35978.35711,0.000354316,,,
36144.707,0.004612954,,,
36084,-0.001680966,,,
35997.75362,-0.002393017,,,
36148.86158,0.004188919,,,
36102.34292,-0.001287692,,,
36232.03326,0.00358586,,,
36141.54612,-0.002500559,,,
35812.63714,-0.009142242,,,
35916.25097,0.002889042,,,
35873.56225,-0.001189269,,,
35927.99221,0.001516122,,,
35938.04002,0.000279626,,,
36102.59091,0.004568288,,,
36136.88802,0.00094954,,,
36156.14114,0.000532641,,,
36165.5681,0.000260695,,,
36128.22209,-0.001033173,,,
36316.3805,0.005194558,,,
36265.6206,-0.001398691,,,
36164.23075,-0.002799672,,,
36226.00262,0.001706636,,,
36178.36782,-0.001315799,,,
36130.53848,-0.001322917,,,
35981.98967,-0.004119923,,,
35901.96226,-0.002226573,,,
36022.03876,0.003338986,,,
35938.36246,-0.002325622,,,
35882.12334,-0.001566103,,,
35992.52083,0.003071948,,,
35873.07368,-0.003324185,,,
36077.40028,0.005679661,,,
36086.95652,0.000264846,,,
35927.04945,-0.004441007,,,
35871,-0.001561309,,,
35902.54535,0.000879024,,,
35782.14466,-0.003359178,,,
35769.53474,-0.00035247,,,
35637.87483,-0.003687574,,,
35604.84483,-0.000927253,,,
35707.24118,0.002871783,,,
35789.88235,0.002311735,,,
36111.22236,0.008938448,,,
36223.5547,0.003105904,,,
36154.0901,-0.001919505,,,
36092.39789,-0.001707826,,,
36175.30962,0.002294573,,,
36231,0.001538274,,,
36182.76369,-0.001332242,,,
36245.27291,0.001726106,,,
36223.02478,-0.00061401,,,
36146.54026,-0.002113722,,,
36054,-0.002563424,,,
36050.23111,-0.00010454,,,
36047.4743,-7.64742E-05,,,
35996.78624,-0.001407137,,,
35914.42533,-0.002290629,,,
35886.63926,-0.000773974,,,
35895,0.000232949,,,
35818.8919,-0.002122549,,,
35834.12106,0.000425081,,,
35760.88373,-0.002045879,,,
35753,-0.000220481,,,
35709,-0.001231424,,,
35845.74664,0.003822159,,,
35803.51377,-0.001178878,,,
35976.63769,0.004823736,,,
35878.59246,-0.002728967,,,
35945.15402,0.00185347,,,
35945.53689,1.06515E-05,,,
35937.51169,-0.000223285,,,
35798.21014,-0.003883748,,,
35563.64211,-0.006574069,,,
35336.54311,-0.006406183,,,
35550.70901,0.006042456,,,
35656.83119,0.002980646,,,
35670.62971,0.000386906,,,
35689.61421,0.000532075,,,
35793.27803,0.002900383,,,
36000.07683,0.005760961,,,
36302.7921,0.008373583,,,
36314.46136,0.000321391,,,
36292.50244,-0.000604871,,,
36214.66202,-0.002147111,,,
36244.98341,0.000836918,,,
36361.01408,0.003196176,,,
36683.0089,0.008816516,,,
36661.57399,-0.000584499,,,
36602.10852,-0.001623328,,,
36675.18686,0.001994571,,,
36625.07444,-0.001367319,,,
36699.86515,0.002039981,,,
36551.36335,-0.004054594,,,
36328.69379,-0.006110595,,,
36387.34748,0.001613226,,,
36455.33196,0.001866612,,,
36287.4535,-0.004615682,,,
36314.77182,0.000752548,,,
36260.98126,-0.001482329,,,
36255.57827,-0.000149014,,,
36263.91981,0.00023005,,,
36293.89324,0.000826194,,,
36291.62947,-6.23753E-05,,,
36269.39362,-0.000612887,,,
36151.19259,-0.003264296,,,
36100.78394,-0.001395357,,,
36050.65451,-0.001389562,,,
35997.10897,-0.00148639,,,
36084,0.002410925,,,
36133,0.001357021,,,
36135.29274,6.34509E-05,,,
35996.03242,-0.003861304,,,
35968.24029,-0.000772387,,,
36055,0.002409215,,,
36091.28846,0.001005969,,,
36202.28393,0.003070689,,,
36299.29307,0.002676058,,,
36251.99395,-0.001303881,,,
36276.17114,0.000666698,,,
36432.12114,0.004289751,,,
36555.80934,0.003389281,,,
36499.00245,-0.001555186,,,
36503,0.000109519,,,
36507,0.000109574,,,
36516,0.000246498,,,
36419.48237,-0.002646659,,,
36376.99984,-0.001167159,,,
36314.14919,-0.001729252,,,
36337.5652,0.00064461,,,
36572.79468,0.006452589,,,
36608.24369,0.000968803,,,
36614.41357,0.000168524,,,
36512.82569,-0.002778389,,,
36465,-0.001310691,,,
36330.77093,-0.00368783,,,
36123.00471,-0.005735154,,,
36066.51308,-0.001565093,,,
35986.90994,-0.00220956,,,
36063.85536,0.002135868,,,
36086.01285,0.000614208,,,
36064,-0.000610197,,,
36052.32829,-0.000323691,,,
36021.78284,-0.000847612,,,
35942.8553,-0.00219351,,,
35818.968,-0.003452739,,,
35803.56635,-0.000430078,,,
35785,-0.000518696,,,
35660.22365,-0.003492927,,,
35855.90202,0.0054723,,,
35666.35467,-0.005300386,,,
35738.47671,0.002020089,,,
35563.79302,-0.004899817,,,
35648.56242,0.002380751,,,
35551.16353,-0.002735936,,,
35517,-0.00096143,,,
35450.05069,-0.001886772,,,
35469.88832,0.000559437,,,
35563.35734,0.002631699,,,
35634.08231,0.001986729,,,
35598.33831,-0.001003588,,,
35485.49394,-0.003174969,,,
35399.53991,-0.002425168,,,
34432.72183,-0.027691495,,,
34234.48389,-0.005773891,,,
33974,-0.007637911,,,
33987.33209,0.000392343,,,
34119.17291,0.003871612,,,
34245.69651,0.003701426,,,
34141.62796,-0.003043506,,,
34000,-0.004156876,,,
34150.77251,0.004424682,,,
34034.50742,-0.003410273,,,
33806.36004,-0.006725982,,,
33686,-0.003566631,,,
33559.5595,-0.003760565,,,
33926.43713,0.010872811,,,
33590.61091,-0.009947976,,,
33428.422,-0.004840094,,,
33641.2945,0.006347819,,,
33715.24356,0.002195751,,,
33702.1118,-0.000389566,,,
33677.01122,-0.000745055,,,
33768.10752,0.002701348,,,
33769,2.64292E-05,,,
33588.43259,-0.005361482,,,
33109.38801,-0.014364871,,,
32695.18447,-0.012589065,,,
32578.49361,-0.003575437,,,
32587.14051,0.000265382,,,
32765.64862,0.005462921,,,
32814.20213,0.001480745,,,
33023.91671,0.006370634,,,
32773.08571,-0.007624427,,,
32851.47848,0.00238913,,,
32848.19839,-9.98513E-05,,,
32833.31527,-0.00045319,,,
32715.91958,-0.003581912,,,
32744.37903,0.000869518,,,
32904.58373,0.004880657,,,
32747.38335,-0.00478891,,,
32680.88939,-0.002032576,,,
32738.6072,0.001764545,,,
32622.52083,-0.003552157,,,
32878.84566,0.007826589,,,
33128.57029,0.007566599,,,
32951.09177,-0.005371666,,,
32976.07347,0.000757858,,,
33197.50789,0.006692557,,,
33303,0.003172673,,,
33164.97525,-0.004153126,,,
32893.50943,-0.008219,,,
32879.75586,-0.000418211,,,
32794,-0.002611573,,,
32821.41947,0.000835763,,,
32819.15459,-6.90086E-05,,,
33085.86298,0.008093765,,,
32880.18768,-0.006235813,,,
32826,-0.001649394,,,
32807.38309,-0.0005673,,,
32910.81187,0.003147648,,,
32875.28829,-0.001079972,,,
32962.79661,0.00265829,,,
33095.14933,0.004007176,,,
33039.7819,-0.001674378,,,
33013,-0.000810924,,,
32850,-0.004949678,,,
32878.97498,0.00088165,,,
32779.54439,-0.003028721,,,
32646.7438,-0.004059554,,,
32687.9754,0.001262165,,,
32375,-0.009620766,,,
31900.59579,-0.014761834,,,
31850.64207,-0.001567145,,,
31787.77625,-0.00197572,,,
31726.9458,-0.001915476,,,
31531.8531,-0.006168101,,,
31408.42076,-0.00392221,,,
31485.2807,0.002444123,,,
31709.6862,0.007102035,,,
32152.69397,0.013874048,,,
32045.12351,-0.003351222,,,
31997,-0.001502871,,,
32160.62731,0.005100802,,,
32125.40469,-0.001095809,,,
32000.05162,-0.003909625,,,
31946.92848,-0.001661475,,,
32156.78435,0.006547409,,,
32419.7599,0.00814466,,,
32358.30573,-0.001897377,,,
32414.07036,0.001721865,,,
32728.53015,0.00965458,,,
32739.7022,0.000341297,,,
32667.22071,-0.002216326,,,
32846.71868,0.005479702,,,
32889.44404,0.001299905,,,
32728.69869,-0.004899428,,,
33232.09733,0.015263867,,,
33438.83877,0.006201866,,,
33587.17719,0.004426301,,,
33624.95161,0.001124036,,,
33539.74422,-0.002537269,,,
33503.98347,-0.001066789,,,
33471.74145,-0.000962797,,,
33482.02375,0.000307146,,,
33620.12866,0.004116265,,,
33460.44053,-0.004761093,,,
33427.15092,-0.00099539,,,
33580,0.00456218,,,
33430.40466,-0.004464846,,,
33524.26634,0.00280374,,,
33383.64978,-0.004203293,,,
33087.69775,-0.008904708,,,
32939.08651,-0.004501552,,,
33130.25483,0.005786916,,,
32900,-0.00697425,,,
32937.07903,0.001126387,,,
33001.29612,0.001947792,,,
32746.0378,-0.007764865,,,
32522.23494,-0.006857964,,,
32551.91632,0.000912233,,,
32539.81773,-0.00037174,,,
32632.74054,0.002851595,,,
32809.33025,0.005396838,,,
32974.08255,0.005008942,,,
32975.44495,4.13164E-05,,,
32921.35726,-0.001641588,,,
32863.40625,-0.001761837,,,
32762.52363,-0.003074477,,,
32662.83952,-0.003047264,,,
32703.91783,0.001256856,,,
32978.9454,0.008374458,,,
33196.48857,0.006574765,,,
33572.07483,0.011250511,,,
33550.75233,-0.000635328,,,
33473.39552,-0.002308328,,,
33466,-0.000220962,,,
33878.78489,0.012259006,,,
34091.66389,0.00626389,,,
34211.57643,0.003511185,,,
34334.24449,0.003579159,,,
34156.66541,-0.00518549,,,
34259.15607,0.002996112,,,
34159.24358,-0.002920634,,,
34281.93307,0.003585257,,,
34013.43706,-0.007862829,,,
33989.3126,-0.000709514,,,
34016.19584,0.00079062,,,
34144.8605,0.003775318,,,
34223.1205,0.002289377,,,
34313.44124,0.002635696,,,
33987,-0.009559052,,,
34058.30361,0.00209577,,,
34321.21107,0.007689693,,,
34562.61356,0.007009004,,,
34491.05409,-0.002072576,,,
34547.97536,0.001648959,,,
34593.07559,0.001304586,,,
34703.53609,0.003188052,,,
34959.90228,0.007360169,,,
35246.57349,0.008166563,,,
35121.22378,-0.003562705,,,
35037.65003,-0.002382415,,,
34896.94585,-0.004023885,,,
35077.55797,0.005162238,,,
34908.77273,-0.004823387,,,
34900.81049,-0.000228113,,,
35078.2694,0.005071781,,,
35190.74881,0.003201397,,,
34951.95523,-0.006808819,,,
35141.79166,0.005416657,,,
34652.38926,-0.01402439,,,
35665.57076,0.028819142,,,
36418.46337,0.020890063,,,
36357.10642,-0.001686197,,,
36340.00779,-0.000470407,,,
36292.12371,-0.001318537,,,
36362.75794,0.001944377,,,
36580.76133,0.005977338,,,
36489.9162,-0.002486502,,,
36607.36474,0.003213489,,,
36480.11657,-0.003482082,,,
36486.98258,0.000188195,,,
36555.01751,0.0018629,,,
36509.52378,-0.001245303,,,
36293.17951,-0.005943321,,,
35937,-0.009862426,,,
35893.03373,-0.001224175,,,
35731.25595,-0.004517407,,,
36074.9444,0.009572741,,,
36190.56198,0.003199803,,,
36254.92469,0.001776859,,,
36247.05865,-0.000216988,,,
36238.47383,-0.00023687,,,
36420.50945,0.005010695,,,
36383,-0.00103043,,,
36529.85763,0.004028311,,,
36232.5504,-0.008172046,,,
36613.24703,0.010452218,,,
36640.536,0.000745053,,,
36653.41733,0.000351498,,,
37165.80819,0.013882538,,,
37102.30636,-0.00171007,,,
37121.33655,0.00051278,,,
37293.2258,0.004619783,,,
37393.17908,0.002676614,,,
37385.68779,-0.000200359,,,
37350,-0.00095504,,,
37108.1943,-0.006495096,,,
37137.1212,0.000779225,,,
37039.8303,-0.002623213,,,
36953.78386,-0.002325781,,,
37260.99266,0.008278959,,,
37202.95801,-0.001558732,,,
37086.10631,-0.003145868,,,
36880.80407,-0.005551206,,,
36876.25523,-0.000123346,,,
36915.90675,0.001074681,,,
36943.82276,0.00075592,,,
37107.65115,0.004424724,,,
37385.36012,0.007456008,,,
37239.98428,-0.003896157,,,
37017.0697,-0.006003881,,,
36949.45682,-0.001828203,,,
37209.86069,0.007022852,,,
36875.92943,-0.009014779,,,
36711.26784,-0.004475285,,,
36812.92626,0.002765307,,,
36882.96183,0.001900665,,,
36623.90742,-0.00704847,,,
36678.99626,0.001503047,,,
36824.31257,0.003954013,,,
36608.94854,-0.005865589,,,
36788.10834,0.004881944,,,
36699.85271,-0.002401908,,,
36722.03335,0.000604197,,,
36877.96138,0.004237182,,,
36852.53521,-0.000689706,,,
36800,-0.001426569,,,
36958.94298,0.004309802,,,
36800.41292,-0.004298582,,,
36826.52721,0.000709368,,,
36461.26568,-0.009967951,,,
36401.50359,-0.001640402,,,
36300.49309,-0.002778756,,,
36407.40166,0.002940771,,,
37147.61371,0.020127439,,,
37440.87138,0.00786339,,,
38116.73171,0.017890413,,,
38150.4785,0.000884962,,,
38111.34725,-0.001026234,,,
37830.96798,-0.00738404,,,
38033.17702,0.005330832,,,
37876.45737,-0.004129117,,,
37834.66202,-0.001104074,,,
37834.27905,-1.01221E-05,,,
37709.96782,-0.003291087,,,
37456.37892,-0.006747431,,,
37658.47813,0.005381085,,,
37773.59727,0.003052262,,,
37751.15026,-0.000594428,,,
37564.20669,-0.004964298,,,
37728.05344,0.004352294,,,
37848.8198,0.003195858,,,
37474.29972,-0.009944441,,,
37309.21084,-0.004415122,,,
37229.13888,-0.002148478,,,
37009.30897,-0.005922283,,,
37068.76292,0.00160517,,,
37033.54673,-0.000950475,,,
36833.0892,-0.005427566,,,
36911.96428,0.00213913,,,
36833.29449,-0.002133556,,,
36718.03173,-0.003134215,,,
36955.6828,0.00645147,,,
36809.31254,-0.003968561,,,
36571.64818,-0.006477571,,,
36372.46011,-0.005461403,,,
36267.9539,-0.002877359,,,
36464.88333,0.005415158,,,
36648.66719,0.005027365,,,
36747.7668,0.002700395,,,
36677.22345,-0.001921509,,,
36762.60687,0.002325263,,,
36597.80468,-0.004492954,,,
36455.92179,-0.003884349,,,
36634.71623,0.004892413,,,
36681.01917,0.001263111,,,
36180.18006,-0.013747976,,,
36024.21913,-0.004319991,,,
36078.15959,0.001496219,,,
36480.61052,0.011093216,,,
36197.61361,-0.007787707,,,
36616.23434,0.011498509,,,
36677.87449,0.001681995,,,
36708.51164,0.000834955,,,
36870.66101,0.004407487,,,
36780,-0.002461921,,,
36687.30853,-0.002523341,,,
36842.14686,0.004211606,,,
36849.05333,0.000187444,,,
36793.33942,-0.001513094,,,
36881.47255,0.002392491,,,
36641.4,-0.006530577,,,
37016.97627,0.010197877,,,
36703.00767,-0.008517921,,,
36571.36103,-0.003593256,,,
36423.99282,-0.004037748,,,
36211.55615,-0.005849402,,,
36081.49706,-0.003598111,,,
36226.35876,0.004006809,,,
36296.51863,0.001934835,,,
36100.62656,-0.00541161,,,
36151.53227,0.001409113,,,
36207.58121,0.001549188,,,
36342.03592,0.003706563,,,
36708.97478,0.010046184,,,
36655.79759,-0.001449666,,,
36662.3738,0.000179388,,,
36765.14518,0.002799262,,,
36817,0.001409441,,,
36701.69095,-0.003136866,,,
36940,0.006472146,,,
37022.73169,0.002237119,,,
37216.13958,0.005210433,,,
37088.53836,-0.003434544,,,
37138.13768,0.001336429,,,
37002.37335,-0.003662356,,,
36833.50961,-0.004574037,,,
36718.52448,-0.003126636,,,
36696.66517,-0.000595498,,,
36529.65095,-0.004561598,,,
36519.70352,-0.000272348,,,
36717.56776,0.005403389,,,
37038.22993,0.008695294,,,
37122.2567,0.00226608,,,
37078.68074,-0.00117454,,,
37145.56247,0.001802154,,,
37010,-0.003656169,,,
37017.55846,0.000204207,,,
37211.46367,0.005224524,,,
37339.8542,0.003444357,,,
37106.00732,-0.006282355,,,
37037.73595,-0.001841595,,,
37382.43391,0.009263629,,,
37386.16863,9.99009E-05,,,
37656.8938,0.007215226,,,
37476.64552,-0.004798087,,,
37478.07592,3.81672E-05,,,
37299.07487,-0.004787596,,,
37390.11626,0.002437874,,,
37375.66207,-0.000386652,,,
37170.87428,-0.005494241,,,
37194.94742,0.000647425,,,
37220,0.000673321,,,
37311.00899,0.002442179,,,
37482.7,0.004591063,,,
37407.60681,-0.002005419,,,
37462.24579,0.001459572,,,
37445.56342,-0.000445411,,,
37330.32485,-0.003082241,,,
37205.26,-0.003355846,,,
37283,0.00208731,,,
37244.60223,-0.001030431,,,
37010.37677,-0.006308701,,,
36936,-0.002011641,,,
36920,-0.000433276,,,
36838.70801,-0.002204269,,,
36940,0.002745834,,,
36755.66955,-0.005002487,,,
36647.6211,-0.00294397,,,
36654.28721,0.000181881,,,
36784,0.003532569,,,
36798.00441,0.000380648,,,
36848.19193,0.001362936,,,
36910.90911,0.001700595,,,
36774.88119,-0.003692111,,,
36834.5157,0.001620296,,,
36819.1094,-0.000418345,,,
37161.3291,0.009251693,,,
37129.42968,-0.000858772,,,
37320.97091,0.005145483,,,
37303,-0.000481639,,,
37251.71911,-0.001375658,,,
37362,0.002956051,,,
37373.64903,0.00031174,,,
37295.66651,-0.002088744,,,
37154.63543,-0.003788601,,,
37268.45858,0.003058815,,,
37076.5976,-0.005161376,,,
36800,-0.007488133,,,
36922.25965,0.003316767,,,
37009.48756,0.002359689,,,
37379.04468,0.009935945,,,
37355.20099,-0.000638093,,,
37349.39501,-0.000155438,,,
37249.6828,-0.002673284,,,
37068.06407,-0.004887637,,,
37157.073,0.002398351,,,
37308.12438,0.004056971,,,
37232.72737,-0.002022972,,,
37092.19343,-0.003781615,,,
37115,0.000614673,,,
37038.59604,-0.002060695,,,
37074.70807,0.000974509,,,
36543.94514,-0.014419501,,,
36354.6457,-0.005193512,,,
36231.64755,-0.003389022,,,
36104.76702,-0.003508071,,,
35778.63513,-0.009073976,,,
35953.01726,0.004862079,,,
35562.31456,-0.010926513,,,
35769.00167,0.005795146,,,
35780.88988,0.000332305,,,
35529.65224,-0.007046327,,,
35594.95457,0.00183628,,,
35573.31541,-0.000608113,,,
35426,-0.004149776,,,
35208.11554,-0.006169403,,,
35243.0368,0.000991361,,,
35345.7541,0.002910303,,,
35376.2619,0.000862753,,,
35206.74384,-0.004803377,,,
35172.03371,-0.000986381,,,
35312.45061,0.003984341,,,
35309.50705,-8.33612E-05,,,
35148.3708,-0.004573982,,,
35295.6069,0.004180239,,,
35424.49362,0.003644985,,,
35373.13122,-0.001450964,,,
35488.54888,0.003257551,,,
35284.02198,-0.005779851,,,
35378.27164,0.00266761,,,
35327,-0.001450292,,,
35299.28653,-0.000784792,,,
35190,-0.003100801,,,
35282.49279,0.002624935,,,
35284.54813,5.82522E-05,,,
35182.75915,-0.002888972,,,
35235.89034,0.001509009,,,
34745.70343,-0.014009253,,,
34904.57592,0.004562014,,,
35670,0.021692064,,,
35675.6096,0.000157252,,,
35634.63265,-0.001149259,,,
35430.00459,-0.005758944,,,
35477.36036,0.001335708,,,
35585.03672,0.003030476,,,
35714.41499,0.003629156,,,
35715.72947,3.68047E-05,,,
36058.92901,0.009563324,,,
36051.34625,-0.00021031,,,
35891.19508,-0.004452204,,,
35863.50735,-0.000771733,,,
35919.49096,0.001559802,,,
35996.03365,0.002128684,,,
35700.04916,-0.00825669,,,
35679.88666,-0.000564935,,,
35629.44964,-0.001414598,,,
35657.8965,0.00079809,,,
35513.61774,-0.004054402,,,
35449.20497,-0.001815395,,,
35472.6907,0.000662298,,,
35387.8439,-0.002394756,,,
35435.98087,0.001359344,,,
35548.86198,0.003180431,,,
35431.55297,-0.003305394,,,
35526.77501,0.002683888,,,
35501.27549,-0.000718013,,,
35461.20163,-0.001129438,,,
35718.50642,0.007229754,,,
35733.0975,0.000408418,,,
35814.28923,0.002269594,,,
35795.13889,-0.000534855,,,
35939.97087,0.004037972,,,
35901.56889,-0.001069075,,,
35874.29024,-0.000760106,,,
35763.05179,-0.003105602,,,
35759.56141,-9.7602E-05,,,
35724.76346,-0.000973583,,,
35866.20683,0.003951435,,,
35872.08542,0.00016389,,,
35989.06265,0.003255649,,,
36003.46454,0.000400094,,,
35980.27816,-0.000644212,,,
35960.9385,-0.000537652,,,
35808.82353,-0.004238977,,,
35819.6554,0.000302446,,,
35879.62211,0.001672729,,,
35643.86298,-0.00659252,,,
35645.17018,3.66734E-05,,,
35734.49859,0.00250291,,,
35828.6593,0.002631543,,,
35804.85353,-0.000664655,,,
35746.49839,-0.00163114,,,
35523.6657,-0.006253203,,,
35468.08611,-0.001565805,,,
35453.63772,-0.000407446,,,
35498.90774,0.001276065,,,
35755.82234,0.00721119,,,
35795.41974,0.001106826,,,
35748.42573,-0.001313712,,,
35689.2397,-0.001656998,,,
35786.20251,0.00271318,,,
35696.23438,-0.002517211,,,
35606.9251,-0.002505059,,,
35563.45634,-0.001221541,,,
35434.68587,-0.003627436,,,
35266.06027,-0.004770131,,,
34934.2469,-0.009453401,,,
35018.7,0.00241457,,,
34922.56321,-0.002749074,,,
34959.98818,0.001071082,,,
34964,0.000114748,,,
34988.80024,0.000709057,,,
35193.83805,0.005842995,,,
34983.51566,-0.005994043,,,
35035.26567,0.001478176,,,
35037.86032,7.40555E-05,,,
34949.11978,-0.002535917,,,
35072.89177,0.003535234,,,
35086.23048,0.000380242,,,
35150,0.001815859,,,
35366.13241,0.006130032,,,
35367.64706,4.28268E-05,,,
35378.87102,0.000317301,,,
35314.96198,-0.001808052,,,
35293.68032,-0.000602806,,,
35336.34834,0.001208212,,,
35384.62906,0.001365386,,,
35598.71585,0.006032047,,,
35614.94367,0.00045575,,,
35592.16937,-0.000639664,,,
35532.39746,-0.001680767,,,
35635.52914,0.002898265,,,
35836.63742,0.005627612,,,
35768.28961,-0.001909026,,,
35865.44156,0.002712465,,,
35936.6462,0.001983359,,,
35973.8852,0.001035704,,,
36006.70428,0.000911887,,,
35943.10314,-0.001767931,,,
35797.80684,-0.00405059,,,
35900,0.002850666,,,
36013.90356,0.003167778,,,
35852.014,-0.00450533,,,
35848.15859,-0.000107543,,,
35879.51253,0.000874249,,,
35928.68015,0.001369416,,,
36000,0.001983072,,,
36023.38764,0.000649446,,,
35877.13144,-0.004068299,,,
35863.92317,-0.000368221,,,
35764.07182,-0.002788056,,,
35825.71867,0.001722225,,,
35764.12042,-0.001720866,,,
35913.39826,0.004165269,,,
35841.63776,-0.002000153,,,
35891.04875,0.001377642,,,
36033.24503,0.00395406,,,
36424.44134,0.010798029,,,
36839.9582,0.011343062,,,
37114.3226,0.007419872,,,
37018.12067,-0.002595408,,,
37023.44261,0.000143756,,,
37202.85653,0.004834251,,,
37340.2701,0.003686825,,,
37330.68409,-0.000256753,,,
37407,0.002042234,,,
37496.42549,0.002387755,,,
37369.2733,-0.003396811,,,
37492.75463,0.003298907,,,
37401.46981,-0.002437701,,,
37365.12396,-0.000972248,,,
37531.43234,0.004441023,,,
37655.5053,0.003300389,,,
38976.66892,0.034484068,,,
38747.46527,-0.005897893,,,
38806.13895,0.001513113,,,
39229.84048,0.01085924,,,
39010,-0.00561967,,,
38988.48374,-0.00055171,,,
39087.59644,0.002538876,,,
38907.42665,-0.004620041,,,
38747.18702,-0.004126989,,,
38716.71771,-0.000786671,,,
38891.31851,0.004499562,,,
38876.74747,-0.000374731,,,
38782.82316,-0.002418874,,,
38901.33107,0.003051021,,,
38809.42267,-0.002365398,,,
39037.79556,0.005867224,,,
38838.38737,-0.005121171,,,
39040.471,0.005189703,,,
39090.99414,0.001293286,,,
39106.13105,0.000387148,,,
39016.96753,-0.002282643,,,
39269.55849,0.006453009,,,
39317.93575,0.00123117,,,
39179.92568,-0.00351628,,,
39168.99796,-0.00027895,,,
38995.94624,-0.004427867,,,
38973.92425,-0.000564884,,,
38983.95229,0.000257268,,,
38865.48548,-0.003043488,,,
38863.15751,-5.99001E-05,,,
38760.75205,-0.002638504,,,
38984.22444,0.005748873,,,
38813.93876,-0.004377634,,,
39131.22738,0.008141374,,,
39286.92528,0.003970971,,,
39264.70588,-0.000565727,,,
39383.20237,0.003013343,,,
39401.497,0.000464421,,,
39421.9,0.000517689,,,
39399.97003,-0.000556444,,,
39242.04697,-0.004016257,,,
39290.86638,0.001243285,,,
39302.15792,0.000287342,,,
39578.69824,0.007011624,,,
39499.4093,-0.002005333,,,
39620.21993,0.003053875,,,
39607.16433,-0.000329573,,,
39550,-0.001444325,,,
39158.02985,-0.009960188,,,
39183.72614,0.000656005,,,
39116.39131,-0.001719917,,,
39014.9696,-0.002596186,,,
39106.03282,0.002331339,,,
39197.21628,0.002328984,,,
39137.37198,-0.001527915,,,
39115.97659,-0.000546824,,,
39157.96161,0.001072771,,,
39193.04252,0.000895481,,,
39244.76633,0.001318849,,,
39324.57862,0.00203164,,,
39334.18821,0.000244336,,,
39198.14919,-0.003464538,,,
39171.19052,-0.00068799,,,
39177.51127,0.000161349,,,
39112.37675,-0.001663932,,,
39268.00914,0.003971213,,,
39496.67094,0.005806218,,,
39581.32842,0.002141114,,,
40445.90222,0.021607831,,,
40509.86479,0.001580186,,,
40744.92939,0.00578588,,,
40537.63862,-0.005100509,,,
40656.28525,0.002922551,,,
40931.59141,0.006748728,,,
40787.10652,-0.003536156,,,
40540,-0.006076874,,,
40542.50885,6.18838E-05,,,
40564.43264,0.000540614,,,
40549.77794,-0.000361335,,,
40683.04779,0.003281185,,,
40507.69903,-0.004319434,,,
40285.90829,-0.005490318,,,
39853.66857,-0.010787277,,,
40171.5089,0.00794355,,,
40056.14028,-0.002876033,,,
40086.97799,0.000769566,,,
40270,0.004555232,,,
40224.3111,-0.001135208,,,
40114.15378,-0.002742332,,,
40026.71097,-0.002182229,,,
39875.43856,-0.003786446,,,
39752.86325,-0.003078689,,,
39483.31995,-0.006803567,,,
39485.29412,4.99988E-05,,,
39700,0.005422886,,,
39705.88235,0.000148159,,,
39903.70922,0.004969936,,,
39777.97367,-0.003155949,,,
39791.95739,0.000351483,,,
39818.86305,0.00067593,,,
40138.56848,0.007996934,,,
40066.60704,-0.001794434,,,
40138.41655,0.001790649,,,
40273.49579,0.003359685,,,
40240.31943,-0.000824116,,,
40156.89681,-0.002075262,,,
40192.47524,0.000885593,,,
40168.04103,-0.000608115,,,
40267.27083,0.002467321,,,
40463,0.004848976,,,
40478.20922,0.000375809,,,
40514.95879,0.000907473,,,
40425.59912,-0.002208033,,,
40722.09988,0.007307714,,,
40555.61588,-0.004096676,,,
40353.83718,-0.004987776,,,
40200.84784,-0.003798402,,,
40212.07069,0.00027913,,,
40065.88241,-0.003642057,,,
39924.54369,-0.003533895,,,
40182.95378,0.006451606,,,
40376.93782,0.004815906,,,
40131.10162,-0.006107141,,,
40246.98942,0.002883569,,,
40328.30373,0.002018344,,,
40408.74927,0.001992779,,,
40429.57728,0.0005153,,,
40412.91083,-0.000412319,,,
40382.32308,-0.000757167,,,
40418.68817,0.000900115,,,
40517.02606,0.002430026,,,
40505,-0.000296859,,,
40389.95242,-0.002844372,,,
40330,-0.001485443,,,
40287.34606,-0.001058183,,,
40336.06586,0.001208577,,,
40408,0.001781782,,,
40457,0.001211897,,,
40339.31796,-0.002913057,,,
40280.76223,-0.001452634,,,
40216.04337,-0.001607986,,,
40250,0.000843999,,,
40228.45819,-0.000535343,,,
40352.94118,0.003089623,,,
40283.30534,-0.00172716,,,
40302.15729,0.000467875,,,
39955.4696,-0.008639424,,,
39842.00121,-0.002843911,,,
39672,-0.004276013,,,
40124.1951,0.011333872,,,
40055.69966,-0.001708544,,,
40128.04642,0.001804525,,,
40011.05884,-0.002919615,,,
40020.80371,0.000243525,,,
40023.94742,7.85488E-05,,,
39916.99605,-0.002675761,,,
40015,0.002452184,,,
39967.84721,-0.001179073,,,
39791.16478,-0.004430414,,,
39828,0.000925285,,,
40139.92208,0.00780122,,,
40053.80781,-0.002147657,,,
39923.40511,-0.003260999,,,
40402.36145,0.011925489,,,
40230.834,-0.004254519,,,
40251.80913,0.000521234,,,
40268.67583,0.000418942,,,
40337.0707,0.001697023,,,
40195.51922,-0.003515387,,,
40038.76354,-0.003907454,,,
40041.71361,7.36777E-05,,,
40011.37463,-0.000757971,,,
39952.55399,-0.00147118,,,
40004.94791,0.001310545,,,
39942.5066,-0.001562059,,,
40084.83341,0.003556958,,,
40143.83473,0.001470829,,,
40060.8,-0.002070573,,,
40145.2788,0.002106544,,,
40182.93364,0.000937525,,,
40337.54836,0.003840387,,,
40282.29799,-0.00137064,,,
40299.03107,0.000415309,,,
40691.23798,0.009685361,,,
41286.78103,0.01452959,,,
41165.98346,-0.002930106,,,
40920,-0.00599333,,,
40597.5761,-0.007910578,,,
40482.68464,-0.00283402,,,
40126.75881,-0.008830929,,,
40086.05223,-0.001014965,,,
39933.38963,-0.003815642,,,
39752.57072,-0.004538296,,,
40005.90868,0.006352649,,,
40031.52853,0.000640197,,,
39951.46984,-0.002001893,,,
40005.47352,0.001350819,,,
40000,-0.000136829,,,
40030.23375,0.000755558,,,
39972.9545,-0.001431924,,,
40115,0.003547241,,,
40133.47757,0.000460509,,,
40132.37351,-2.75102E-05,,,
40142.04917,0.000241065,,,
40137.3789,-0.00011635,,,
40269.62981,0.00328954,,,
40350.16848,0.001997988,,,
40146.49688,-0.005060384,,,
40116.27937,-0.000752965,,,
39995.70416,-0.003010169,,,
40008.66303,0.000323954,,,
39932.98854,-0.001893244,,,
39799.80878,-0.003340655,,,
39861.14682,0.001539978,,,
40003.8,0.003572364,,,
40092.79535,0.002222201,,,
40106.12476,0.000332409,,,
40125.77137,0.000489746,,,
39965.83425,-0.00399386,,,
40045.06078,0.001980394,,,
39869.85889,-0.004384718,,,
39891.09704,0.000532545,,,
40015.23017,0.003106969,,,
40060.34974,0.001126925,,,
39962.3059,-0.002450403,,,
39872.83573,-0.002241374,,,
40279.12908,0.010138163,,,
40264.4651,-0.000364125,,,
40203.58992,-0.001513027,,,
40201.42456,-5.38614E-05,,,
40300.0434,0.002450114,,,
40260.96115,-0.000970253,,,
40213,-0.001191967,,,
40448.37403,0.005836119,,,
40359.934,-0.002188885,,,
40380.859,0.000518325,,,
40322.80074,-0.001438801,,,
40273.19559,-0.001230958,,,
40208.40236,-0.001610138,,,
40123.88182,-0.002104274,,,
40226.10274,0.002544393,,,
39999.50579,-0.005649008,,,
40060.88323,0.001533279,,,
40049.72494,-0.000278572,,,
40014.68759,-0.000875229,,,
40029.91305,0.000380424,,,
40160,0.003244475,,,
39960.61401,-0.004977156,,,
39989.69876,0.000727571,,,
39929.835,-0.001498101,,,
39742.75887,-0.004696131,,,
39754.68751,0.000300101,,,
39284.80851,-0.011889867,,,
39263.95138,-0.000531062,,,
39065.79743,-0.005059492,,,
39076.81444,0.000281972,,,
39146.1222,0.001772058,,,
38920.74377,-0.005774,,,
39046,0.003213071,,,
39071.13556,0.000643535,,,
38972.40772,-0.002530072,,,
39361.095,0.00992399,,,
39248.25607,-0.00287088,,,
39218.93818,-0.000747265,,,
39304.46027,0.002178258,,,
39168.62077,-0.003462069,,,
39199.97018,0.00080005,,,
38847.75858,-0.009025605,,,
38657.52345,-0.004908969,,,
38748.22832,0.002343622,,,
38727.62576,-0.000531845,,,
38763.60385,0.000928572,,,
39278.71408,0.013200984,,,
38971.33442,-0.007856385,,,
38863.76695,-0.002763985,,,
38667.55466,-0.005061508,,,
38863.53645,0.005055577,,,
38714.55016,-0.003840942,,,
38929.86328,0.005546147,,,
39174.54218,0.006265452,,,
38800.75209,-0.009587471,,,
38514.61924,-0.00740174,,,
38410.71082,-0.002701541,,,
38715.18358,0.007895515,,,
38872.4634,0.004054255,,,
38942.49583,0.001799974,,,
38847.65299,-0.002438429,,,
38676.42741,-0.004417359,,,
38720.15002,0.001129833,,,
38633.86065,-0.002231026,,,
38645.5063,0.000301391,,,
38536.23992,-0.002831407,,,
38545,0.000227295,,,
38695.99999,0.003909845,,,
38600.62471,-0.002467775,,,
38765.95321,0.004273906,,,
38784.19647,0.000470489,,,
38643,-0.00364721,,,
38537.27854,-0.0027396,,,
38549,0.000304113,,,
38415.70431,-0.003463817,,,
38241.6418,-0.004541321,,,
38187,-0.001429878,,,
38336.70017,0.003912523,,,
38550.75911,0.005568125,,,
38437.89741,-0.002931907,,,
38631.15492,0.005015188,,,
38633.14152,5.14236E-05,,,
38739.47967,0.00274873,,,
38723,-0.000425488,,,
38598.1317,-0.003229865,,,
38674.59909,0.001979157,,,
38810.49685,0.003507717,,,
38816,0.000141785,,,
38742.84614,-0.00188641,,,
38725,-0.000460737,,,
38828.028,0.002656971,,,
38852.26175,0.000623936,,,
38882,0.000765126,,,
38860.68319,-0.000548394,,,
38990.71415,0.003340495,,,
38977.52246,-0.000338386,,,
38844.16193,-0.003427339,,,
38817.34109,-0.000690711,,,
38840.93492,0.000607632,,,
38761.08746,-0.002057871,,,
38741.58054,-0.000503387,,,
38713.44289,-0.000726555,,,
38825.42324,0.002888369,,,
39124.85643,0.007682709,,,
39198.96425,0.001892345,,,
39233.03775,0.000868867,,,
39347.92702,0.002924101,,,
39364.0473,0.000409602,,,
39337.12582,-0.000684144,,,
39255.18918,-0.002085106,,,
39195.41814,-0.001523788,,,
39313.99224,0.003020637,,,
39325.29179,0.000287377,,,
39300,-0.00064335,,,
39305.54809,0.000141163,,,
39341.18277,0.000906196,,,
39328.06667,-0.000333449,,,
39503.226,0.004443911,,,
39425.40473,-0.001971941,,,
39449.19602,0.000603269,,,
39315.45857,-0.003395878,,,
39250,-0.001666345,,,
39283.50881,0.000853363,,,
39180.10837,-0.002635629,,,
39192.30294,0.000311195,,,
39154.62118,-0.000961921,,,
38864.27906,-0.0074429,,,
38754.56274,-0.002827056,,,
38766.10355,0.000297748,,,
38766.27584,4.4444E-06,,,
38723.78296,-0.001096731,,,
38707.0968,-0.000430995,,,
38810.83099,0.002676394,,,
38718.00901,-0.002394516,,,
38510.06902,-0.005385101,,,
38824.09,0.00812119,,,
38744,-0.002065025,,,
38894,0.003864092,,,
38847,-0.001209143,,,
38862.6926,0.000403878,,,
38923.48567,0.001563082,,,
39008.57178,0.002183598,,,
38849.56696,-0.004084481,,,
38600.14042,-0.006441016,,,
38487.17843,-0.002930756,,,
38500.98894,0.00035877,,,
38242,-0.00674954,,,
37840.96414,-0.010542165,,,
37866.57022,0.000676447,,,
37699.17582,-0.004430438,,,
37737.44666,0.001014649,,,
37714.78,-0.000600822,,,
37789,0.001965995,,,
37762.22305,-0.000708842,,,
37755.59921,-0.000175425,,,
37742.65269,-0.000342962,,,
37819.01514,0.002021196,,,
37708.91417,-0.002915505,,,
37848.96988,0.003707247,,,
37775.17146,-0.001951717,,,
37724.76256,-0.001335337,,,
37725.55506,2.10073E-05,,,
37596.71644,-0.003421,,,
37706.54219,0.002916894,,,
37787.36788,0.002141251,,,
37728.85934,-0.001549562,,,
37658.32543,-0.001871245,,,
37801.65987,0.003798957,,,
37739.28725,-0.00165136,,,
37960.3034,0.005839312,,,
38131,0.004486633,,,
37973.69497,-0.004133917,,,
37950.65692,-0.000606868,,,
38080,0.003402396,,,
38141.01203,0.001600925,,,
38005,-0.003572405,,,
37953.60796,-0.001353159,,,
37627.00172,-0.008642647,,,
37692,0.001725947,,,
37649.98381,-0.001115346,,,
37673,0.000611133,,,
37643.03475,-0.00079572,,,
37456.44734,-0.004969083,,,
37367.64706,-0.002373576,,,
37604.39695,0.006315705,,,
37779.41176,0.004643308,,,
37875.5,0.002540173,,,
37893.26532,0.000468935,,,
37879,-0.000376531,,,
37900,0.000554243,,,
37834.01211,-0.001742623,,,
37923.48833,0.002362176,,,
38043.58449,0.003161798,,,
37925.54024,-0.003107693,,,
37882.94798,-0.001123681,,,
37946.53214,0.00167703,,,
37967.3964,0.000549682,,,
37605.99613,-0.009564293,,,
37660.82776,0.001456993,,,
37546.82376,-0.003031715,,,
37614.34269,0.001796644,,,
37454.73634,-0.004252259,,,
37678.50742,0.005956664,,,
37713.87738,0.00093829,,,
37787.46973,0.001949432,,,
37692.48155,-0.002516913,,,
37819.44084,0.003362632,,,
37915.60922,0.002539602,,,
37869.19456,-0.001224907,,,
37875.6945,0.000171627,,,
37829.07705,-0.001231559,,,
37671.64588,-0.004170328,,,
37554.31684,-0.003119379,,,
37520.01042,-0.000913932,,,
37295.70126,-0.00599633,,,
37587.2453,0.0077867,,,
37781.79333,0.005162557,,,
37843.45907,0.001630824,,,
37943.51014,0.002640325,,,
37783.17718,-0.004234523,,,
37807.45709,0.000642405,,,
37807.25649,-5.30599E-06,,,
37545.09249,-0.006958378,,,
37470.58824,-0.001986366,,,
37332.90935,-0.003681086,,,
37404.31126,0.001910746,,,
37180,-0.00601499,,,
37171.39968,-0.000231342,,,
37110.60907,-0.001636752,,,
37222.26046,0.003004094,,,
36712.36602,-0.013793335,,,
36767.24392,0.001493691,,,
36665,-0.002784716,,,
36669.91245,0.000133973,,,
36698.63042,0.000782842,,,
36439.32467,-0.007090897,,,
36494.79267,0.001521044,,,
36358.34543,-0.003745821,,,
36441.17648,0.002275594,,,
36576.58456,0.003708912,,,
36620.73674,0.001206388,,,
36602.44415,-0.000499639,,,
36426.42702,-0.00482049,,,
36436.24366,0.000269456,,,
36327.32997,-0.002993634,,,
36235.29412,-0.00253673,,,
36144,-0.00252266,,,
35750.04751,-0.010959362,,,
35520.14752,-0.006451527,,,
35266.04809,-0.00717938,,,
35337.94752,0.002036696,,,
35493.63575,0.004396019,,,
35500,0.000179291,,,
35317.89836,-0.005142825,,,
35628.5791,0.008758228,,,
35715.24556,0.002429545,,,
35436.61319,-0.007832088,,,
35494.26008,0.001625439,,,
35562.06029,0.001908352,,,
35460.72255,-0.00285367,,,
35598.83279,0.003887174,,,
35646.48614,0.001337726,,,
35472.13054,-0.004903244,,,
35443.16337,-0.000816951,,,
35465.41519,0.00062762,,,
35609.2814,0.004048316,,,
35476.06098,-0.003748187,,,
35651.86529,0.004943337,,,
35830,0.004984064,,,
35807.81128,-0.00061947,,,
35916.96648,0.003043726,,,
35815.32696,-0.002833859,,,
35785.09124,-0.000844568,,,
35743.98482,-0.001149363,,,
36166.90491,0.011762474,,,
36125,-0.001159325,,,
36018.0699,-0.002964392,,,
36139.07162,0.003353842,,,
36037.01071,-0.002828111,,,
35971.83917,-0.001810098,,,
35576.53537,-0.011050086,,,
35492.14995,-0.002374758,,,
35400,-0.002599724,,,
34963.88793,-0.012396065,,,
35003.65582,0.001136753,,,
35094.86201,0.00260223,,,
35019.99327,-0.002135603,,,
35222.7762,0.00577379,,,
35232.78554,0.000284132,,,
35168.28052,-0.001832502,,,
35371.36265,0.005757973,,,
35393.35623,0.000621597,,,
35381.76852,-0.000327452,,,
35540.00566,0.004462308,,,
35583,0.001209014,,,
35584.59362,4.47849E-05,,,
35704.65441,0.003368275,,,
35767.87388,0.001769057,,,
35640.31669,-0.003572624,,,
35499.77221,-0.003951209,,,
35715.39126,0.006055444,,,
35771.46848,0.001568882,,,
35607,-0.004608358,,,
35727.59135,0.00338101,,,
35894.51892,0.00466135,,,
35801.2785,-0.002601003,,,
35815,0.000383195,,,
35709.38517,-0.002953256,,,
35761.71006,0.001464226,,,
35649.08491,-0.003154292,,,
35642.48908,-0.000185038,,,
35708.25146,0.001843356,,,
35744.67389,0.00101948,,,
35709,-0.000998518,,,
35885.20319,0.004922285,,,
35895.99189,0.0003006,,,
35837.81504,-0.001622021,,,
35920.74303,0.002311307,,,
36180,0.007191551,,,
36163.17166,-0.000465236,,,
35973.99817,-0.005244839,,,
35741.41099,-0.006486416,,,
35733.19232,-0.000229975,,,
35852.15709,0.003323722,,,
35783.81085,-0.001908155,,,
35759.25175,-0.000686554,,,
35851.88177,0.00258703,,,
36026,0.004844844,,,
36198.76376,0.004784068,,,
36220,0.000586485,,,
36215.08232,-0.000135782,,,
36062.11289,-0.004232861,,,
35897.95788,-0.0045624,,,
36101.0725,0.005642164,,,
35949.48275,-0.004207878,,,
35828.76001,-0.003363773,,,
35882.09785,0.001487581,,,
35890.27825,0.000227954,,,
35649.03283,-0.006744441,,,
35795,0.004086202,,,
35796.76167,4.92143E-05,,,
35758.48494,-0.001069851,,,
35670.47133,-0.002464369,,,
35525.39873,-0.004075315,,,
35422.80236,-0.002892151,,,
35510.55875,0.002474335,,,
35543.71509,0.000933268,,,
35889.5695,0.00968336,,,
35850.56218,-0.001087462,,,
35947.77157,0.002707847,,,
35917.57442,-0.000840381,,,
35827.10095,-0.002522097,,,
35905.69847,0.002191398,,,
36102.02298,0.005452887,,,
36068.47725,-0.000929625,,,
36037,-0.000873089,,,
35897.58803,-0.003876081,,,
35869,-0.000796695,,,
35677,-0.005367189,,,
35700.9131,0.000670042,,,
35639.35203,-0.001725844,,,
35550,-0.002510265,,,
35604.77232,0.001539527,,,
35622.78123,0.000505673,,,
35543.62674,-0.002224491,,,
35504,-0.001115498,,,
35464.18892,-0.001121942,,,
35201.70665,-0.007428859,,,
35297.134,0.002707205,,,
35370.54713,0.002077701,,,
35543.77598,0.004885591,,,
35670,0.003544936,,,
35720.73901,0.001421445,,,
35606.4388,-0.003204958,,,
35491.90495,-0.003221846,,,
35315.40966,-0.004985238,,,
35349.58076,0.00096713,,,
35596.95248,0.006973497,,,
35638.55157,0.001167931,,,
35672.05912,0.000939763,,,
35671.4129,-1.81156E-05,,,
35534.16167,-0.003855075,,,
35598.06196,0.001796663,,,
35607.90097,0.000276354,,,
35813.03948,0.005744508,,,
35824.56671,0.000321821,,,
35833,0.000235377,,,
35751.19721,-0.002285499,,,
35764.37033,0.000368399,,,
35740.74208,-0.000660883,,,
35656.41555,-0.002362183,,,
35618.84029,-0.00105437,,,
35632.23384,0.000375954,,,
35502.31702,-0.003652711,,,
35427.14542,-0.002119617,,,
35412.68033,-0.000408389,,,
35431.55088,0.000532734,,,
35627.62447,0.005518614,,,
35598.75285,-0.0008107,,,
35488,-0.003115994,,,
35328.09551,-0.004516057,,,
35328.73348,1.80582E-05,,,
35231.23849,-0.002763466,,,
35335.8559,0.00296505,,,
35250.13142,-0.002428939,,,
34984.36652,-0.007567967,,,
34407.75265,-0.016619384,,,
34090,-0.009277821,,,
34233.08702,0.004188547,,,
34078.83049,-0.004516248,,,
34175.65481,0.002837158,,,
33939.76871,-0.006926098,,,
33983.64895,0.001292051,,,
33900,-0.002464481,,,
33599.05165,-0.008917172,,,
33471.87777,-0.003792225,,,
33633.30667,0.004811229,,,
33908.31949,0.008143551,,,
34132.42969,0.006587553,,,
33866.44281,-0.007823313,,,
34001.89038,0.003991486,,,
33900.05991,-0.002999341,,,
34116.12757,0.00635344,,,
34140.56072,0.00071592,,,
34174,0.00097898,,,
34287.05352,0.003302714,,,
34435.72211,0.004326625,,,
34510.59469,0.00217191,,,
34501.7251,-0.000257044,,,
34445.32148,-0.001636143,,,
34530.88738,0.002481028,,,
34619.37338,0.00255924,,,
34513.26391,-0.003069738,,,
34551.53302,0.001108209,,,
34672.05035,0.003481977,,,
34735.19472,0.001819533,,,
34657.30018,-0.002245043,,,
34567.09262,-0.002606238,,,
34636.86712,0.002016489,,,
34806.41198,0.004882984,,,
34864,0.001653156,,,
34935.28028,0.002042437,,,
34870,-0.001870354,,,
35120.52117,0.007158748,,,
35509.82453,0.011023797,,,
35489.77365,-0.000564817,,,
35823.16682,0.009350213,,,
35924,0.002810794,,,
35833.98267,-0.002508916,,,
35825.98317,-0.000223263,,,
35616.51114,-0.005864091,,,
35718,0.002845437,,,
35667.58019,-0.001412605,,,
35540.18883,-0.003578023,,,
35469.79483,-0.001982651,,,
35513.81352,0.001240249,,,
35712.98222,0.005592536,,,
35659,-0.001512701,,,
35620.6504,-0.001076032,,,
35595.40798,-0.000708897,,,
35524.80299,-0.001985512,,,
35591.91136,0.001887275,,,
35407.97387,-0.005181358,,,
35353.93293,-0.001527402,,,
35389.21199,0.000997385,,,
35576.68432,0.005283461,,,
35411,-0.004667982,,,
35386.30843,-0.000697529,,,
35250.28737,-0.003851296,,,
35290.15195,0.001130262,,,
35291.10952,2.71339E-05,,,
35219.93917,-0.002018701,,,
34980,-0.006835906,,,
35140.24831,0.00457068,,,
35049.82272,-0.002576594,,,
34985.28657,-0.001842966,,,
34750.05775,-0.006746355,,,
34653.40625,-0.002785209,,,
34175,-0.013901643,,,
34221.5055,0.00135988,,,
33995.44068,-0.006627844,,,
34235.19469,0.007027781,,,
33886.14822,-0.010247875,,,
34056.25337,0.005007345,,,
34265.94048,0.006138203,,,
34411.72081,0.004245356,,,
34493.65516,0.002378171,,,
33234.40016,-0.03718991,,,
32517.84224,-0.021796558,,,
32758.76264,0.007381557,,,
32905.6522,0.004473954,,,
32822.55651,-0.002528465,,,
32742.34319,-0.002446838,,,
33000,0.007838422,,,
33293.11438,0.008843039,,,
33257.53313,-0.001069299,,,
32950.39817,-0.009277957,,,
32889.69657,-0.001843911,,,
33351.87915,0.013954683,,,
32914.99158,-0.013185892,,,
33141.584,0.006860583,,,
33193.36098,0.001561077,,,
32926.62728,-0.008068215,,,
32580.83089,-0.010557564,,,
32714.68831,0.004100055,,,
32345.58208,-0.011346716,,,
32273,-0.002246478,,,
31757.32856,-0.016107448,,,
32282.98713,0.016416858,,,
32544.67927,0.008073515,,,
32425.21334,-0.003677582,,,
32804.82287,0.011639234,,,
32501.54653,-0.00928787,,,
32263.49277,-0.007351338,,,
32192.60939,-0.002199432,,,
32553.52509,0.011148756,,,
32792.97352,0.00732861,,,
33149.01406,0.010798704,,,
32912.93825,-0.007147134,,,
32734.04456,-0.005450186,,,
32992.85896,0.007875489,,,
32881.55605,-0.003379249,,,
32795.30021,-0.002626675,,,
32635.46328,-0.004885691,,,
32500,-0.004159438,,,
32730.52947,0.007068176,,,
32916.6296,0.005669724,,,
32517.52958,-0.012198673,,,
32139.82784,-0.011683312,,,
32155.72634,0.000494544,,,
32274.61374,0.003690421,,,
32322.35435,0.001478107,,,
32446,0.003818093,,,
32263.33743,-0.005645647,,,
32406.29904,0.004421297,,,
32455.91342,0.00152984,,,
32657.0192,0.006177157,,,
32779.52873,0.003744381,,,
32738.88125,-0.001240796,,,
32482,-0.007877311,,,
32376.88114,-0.003241467,,,
32582.49581,0.006330583,,,
32389.58939,-0.00593815,,,
32493.87954,0.003214694,,,
32680.22082,0.005718277,,,
32586.76702,-0.002863741,,,
32081.89411,-0.015614462,,,
32031.90354,-0.001559433,,,
31820.8562,-0.006610461,,,
31489.27165,-0.010475025,,,
31816,0.010322403,,,
31967.58166,0.004753008,,,
31719.01298,-0.007806036,,,
31265.09135,-0.014414097,,,
31668.48547,0.012819854,,,
31855.57649,0.005890416,,,
31643.27253,-0.006686885,,,
31636.94209,-0.000200076,,,
31441.64513,-0.006192199,,,
31346.95218,-0.003016249,,,
31553.34266,0.006562488,,,
31858.04004,0.009610253,,,
32828.44795,0.03000567,,,
32556.33429,-0.008323504,,,
32538.5139,-0.000547521,,,
32607.47556,0.002117143,,,
32692.34064,0.002599246,,,
32488.82791,-0.006244546,,,
32546.00973,0.001758499,,,
32916.32955,0.011314101,,,
32730,-0.005676785,,,
32944.25889,0.00652492,,,
33099.3404,0.004696346,,,
32995.69921,-0.003136129,,,
32908.50389,-0.002646125,,,
32769,-0.004248155,,,
32827.64279,0.001787982,,,
32928.56088,0.003069465,,,
32781.99848,-0.004460855,,,
32698.24224,-0.002558215,,,
32562.91056,-0.004147395,,,
32601.64121,0.001188703,,,
32550.93999,-0.001556384,,,
32721.84844,0.005236756,,,
32591.37684,-0.003995264,,,
32855,0.008056201,,,
32688.25881,-0.005087985,,,
32788.02529,0.003047411,,,
32766.75152,-0.000649038,,,
32615.86533,-0.004615491,,,
32301.33019,-0.009690425,,,
32079.52012,-0.006890588,,,
31729.55798,-0.010969149,,,
31713,-0.000521983,,,
31555.8243,-0.004968514,,,
31545.55147,-0.000325598,,,
31500.51974,-0.001428534,,,
31575.06309,0.002363621,,,
31420.60823,-0.004903676,,,
31500.08519,0.00252626,,,
32064.46052,0.017758018,,,
31800.82486,-0.008256039,,,
31520.49232,-0.008854344,,,
31363.7,-0.004986711,,,
31393.04272,0.000935126,,,
31231.73919,-0.00515144,,,
30261.883,-0.031545926,,,
29900,-0.012030453,,,
29497.81288,-0.013542359,,,
29884.0136,0.013007554,,,
29784.85721,-0.003323558,,,
29869.91101,0.002851536,,,
29496.38258,-0.012584021,,,
29214.46097,-0.009603806,,,
29440.21897,0.007697906,,,
29727.43207,0.009708526,,,
29942.82003,0.007219306,,,
30572.29879,0.020804767,,,
30777.03337,0.006674412,,,
31259.9325,0.015568424,,,
31486.52101,0.007222384,,,
31704.94754,0.006913193,,,
32283.02127,0.018068692,,,
32297.9287,0.000461667,,,
31900,-0.012397092,,,
32541.99409,0.019925371,,,
32059.14478,-0.01494891,,,
32356,0.009217004,,,
32321.47865,-0.001067492,,,
32722.7974,0.01234002,,,
32449.342,-0.008391838,,,
32718.66289,0.00826548,,,
33281.14245,0.017045298,,,
32990.29217,-0.008777602,,,
32613.69875,-0.011480935,,,
32494.91305,-0.003648851,,,
32649.66516,0.004751045,,,
32431.80195,-0.006695117,,,
32553.37935,0.003741701,,,
32682.98485,0.003973418,,,
32821.29368,0.004222901,,,
32888.7927,0.00205445,,,
32599.29807,-0.008841196,,,
32542.60037,-0.001740745,,,
32239.53302,-0.009356579,,,
32474.38226,0.007258107,,,
32655,0.005546443,,,
32369,-0.008796809,,,
32409.97318,0.001265015,,,
32598.56135,0.005801967,,,
32411.97738,-0.00574013,,,
32356.39086,-0.001716472,,,
32225,-0.004069006,,,
32500,0.008497541,,,
31947.96235,-0.017131687,,,
32362.66996,0.012897194,,,
33582,0.036984612,,,
33672.79784,0.002700117,,,
34090.4851,0.01232799,,,
33991.81474,-0.002898563,,,
33854.90084,-0.004035983,,,
34007,0.004482616,,,
33839.0055,-0.00495224,,,
33828.39278,-0.000313673,,,
34044.9514,0.006381279,,,
33818,-0.006688546,,,
33724.15716,-0.002778795,,,
34014.53101,0.008573406,,,
33734.34677,-0.008271306,,,
33974.64935,0.007098129,,,
33749.25673,-0.006656245,,,
33885.29796,0.004022838,,,
33956.09623,0.002087171,,,
33799.0527,-0.004635627,,,
33713.17218,-0.002544149,,,
33840.4659,0.003768676,,,
34138.86332,0.00877912,,,
34331.06448,0.005614192,,,
34073.67854,-0.007525419,,,
34224.1365,0.004405945,,,
34112.24536,-0.00327472,,,
33881.54639,-0.006785909,,,
33910.72316,0.00086077,,,
34031.46439,0.003554238,,,
34159.90813,0.003767159,,,
33978.31777,-0.005330071,,,
34165.43015,0.00549171,,,
34116.78467,-0.001424836,,,
33944.59311,-0.005059901,,,
33759.57638,-0.005465459,,,
33951.35651,0.005664688,,,
34046.67616,0.002803602,,,
33995.30024,-0.001510124,,,
33917.69723,-0.002285366,,,
33890.16992,-0.000811921,,,
33989.11167,0.002915229,,,
34103.97445,0.003373702,,,
34217.47369,0.00332251,,,
34089.07136,-0.003759596,,,
33889.92865,-0.005858964,,,
33969.72953,0.00235194,,,
33919.69623,-0.001473965,,,
33953.9,0.001007867,,,
34088.72086,0.003962841,,,
34031.02174,-0.00169405,,,
34182.92429,0.004453717,,,
34772,0.017086236,,,
34671.94119,-0.002881717,,,
34113.10875,-0.016249017,,,
33990.1088,-0.003612167,,,
33927.80864,-0.001834572,,,
34085,0.004622413,,,
34124.77166,0.001166157,,,
34051.2132,-0.0021579,,,
33537.52596,-0.015200672,,,
33533.05542,-0.000133309,,,
33616.69025,0.002490996,,,
33483.3793,-0.003973502,,,
33660.91635,0.005288237,,,
33772.65311,0.003313983,,,
33540.12552,-0.006908896,,,
33703.95123,0.004872579,,,
33694.09972,-0.000292338,,,
33522.63042,-0.005101994,,,
33659.28484,0.004068196,,,
33600.5,-0.001747994,,,
33257.87352,-0.010249411,,,
33300.27129,0.001274007,,,
33454.44227,0.004619037,,,
33276.14045,-0.005343944,,,
33443.9207,0.00502939,,,
33259.78172,-0.005521116,,,
33192.20186,-0.002033946,,,
32892.8986,-0.009058178,,,
33130.59373,0.007200351,,,
33168.73261,0.001150506,,,
33201.77391,0.000995662,,,
33057.01737,-0.004369436,,,
33263.56032,0.006228643,,,
33165.31557,-0.002957895,,,
33141,-0.000733432,,,
33348.93741,0.006254723,,,
33411.31409,0.001868678,,,
33464.0438,0.001576955,,,
33508.54388,0.001328905,,,
33441.56365,-0.002000901,,,
33299.30967,-0.004262881,,,
33589.14672,0.008666334,,,
33703.80988,0.003407883,,,
33658.55878,-0.001343513,,,
33748.18808,0.002659358,,,
33528.71779,-0.00652441,,,
33384.01526,-0.004325119,,,
33208.27026,-0.005278251,,,
33303.60171,0.002866601,,,
33102.35377,-0.00606116,,,
32910.379,-0.005816312,,,
32619.48203,-0.008878361,,,
32735.11681,0.003538692,,,
32478.55154,-0.007868491,,,
32473.57101,-0.00015336,,,
32489.09489,0.000477932,,,
32617.23822,0.003936437,,,
32671.97842,0.001676853,,,
32527.23877,-0.004439927,,,
32602,0.002295782,,,
32568.44905,-0.001029637,,,
32570.08493,5.02276E-05,,,
32486.91445,-0.002556851,,,
32513,0.000802633,,,
32618,0.003224274,,,
32699.82348,0.002505396,,,
32734.6719,0.001065139,,,
32985.23013,0.00762507,,,
32798.93532,-0.005663834,,,
32790,-0.000272464,,,
32889.31168,0.003024141,,,
33013.38358,0.00376531,,,
33107.05638,0.002833401,,,
33190.75057,0.002524797,,,
33164.88875,-0.000779491,,,
32845.74271,-0.00966961,,,
32945.81966,0.003042245,,,
32985.2008,0.001194617,,,
33028.82951,0.001321801,,,
33364,0.010096673,,,
33299.94062,-0.001921861,,,
33296.61275,-9.99412E-05,,,
33395.65703,0.00297019,,,
33286.74712,-0.003266529,,,
33341.05494,0.001630185,,,
33340.8337,-6.63544E-06,,,
33192.12557,-0.004470217,,,
33230.89718,0.001167415,,,
33435.72769,0.006144938,,,
33499.69578,0.001911338,,,
33705.19374,0.006115585,,,
33837.1548,0.003907511,,,
34122.1535,0.008387383,,,
34006.70818,-0.003389032,,,
33885.7447,-0.003563389,,,
34044.74674,0.004681324,,,
33907.32544,-0.004044659,,,
33907.2392,-2.54349E-06,,,
34000.50392,0.002746809,,,
34046.96267,0.001365481,,,
33941.15009,-0.003112681,,,
33966.05065,0.00073337,,,
33996.41158,0.000893462,,,
34045,0.001428202,,,
34392.41389,0.010152835,,,
34473.96467,0.002368378,,,
34386.46326,-0.002541415,,,
33955.6066,-0.012608994,,,
33913.57743,-0.001238535,,,
33982.98529,0.002044518,,,
34243.9688,0.007650489,,,
34519.40371,0.008011137,,,
34816.18767,0.008560849,,,
34893.11513,0.002207094,,,
34837.11531,-0.001606185,,,
34991.69877,0.004427505,,,
34925,-0.00190795,,,
34929.65213,0.000133195,,,
34949.46625,0.000567097,,,
34865.86984,-0.002394788,,,
34796,-0.002005971,,,
34835.47332,0.001133778,,,
34828.30643,-0.000205757,,,
34843.81312,0.000445133,,,
34892.65217,0.001400675,,,
34775.65887,-0.003358583,,,
34921.48414,0.004184547,,,
34870.94576,-0.001448248,,,
34768.78008,-0.002934123,,,
34803.57064,0.001000126,,,
34703.97281,-0.002865815,,,
34783.19107,0.002280084,,,
34671.50607,-0.003216056,,,
34624.94991,-0.001343681,,,
34701.91731,0.002220421,,,
34748.23113,0.001333729,,,
34762.19067,0.000401653,,,
34708.8996,-0.001534194,,,
34541.74848,-0.004827433,,,
34656.51041,0.003316905,,,
34836.84373,0.005189956,,,
34947.0071,0.003157277,,,
34823.71014,-0.00353435,,,
34610.30419,-0.006147034,,,
34308.29857,-0.008764181,,,
34416.82405,0.00315825,,,
34627.94388,0.006115467,,,
34811.3222,0.005281702,,,
35425.19245,0.017480534,,,
35207.63876,-0.006160149,,,
35256.2012,0.001378365,,,
35169.57719,-0.00246001,,,
35037.84093,-0.003752778,,,
34904,-0.003827211,,,
34952.48477,0.001388125,,,
35082.31965,0.003707729,,,
34989.27442,-0.002655721,,,
34785.00432,-0.005855186,,,
34708.33213,-0.002206606,,,
34757.70333,0.001421449,,,
34639.82853,-0.003397092,,,
34495.79939,-0.004166574,,,
34449,-0.00135759,,,
34479,0.000870474,,,
34455.96706,-0.000668251,,,
34363.78602,-0.002678914,,,
34394.04876,0.00088027,,,
34438.73137,0.001298295,,,
34287.38013,-0.004404483,,,
34061.49274,-0.006609859,,,
34028.86483,-0.000958371,,,
34300,0.007936224,,,
34036.58124,-0.007709489,,,
34121.1136,0.002480495,,,
34149.50751,0.000831805,,,
34268.59174,0.003481077,,,
34414.78333,0.004256978,,,
34289.00292,-0.003661532,,,
33996.42991,-0.008569172,,,
33740.64438,-0.007552341,,,
33873.38548,0.003926442,,,
33678.6408,-0.005765785,,,
33570.79805,-0.003207249,,,
33752.63896,0.005402022,,,
33593.47065,-0.004726884,,,
33437.35519,-0.004658028,,,
33459.73433,0.000669062,,,
33277.43769,-0.005463135,,,
33452.24431,0.005239258,,,
33387.02287,-0.001951591,,,
33114.71754,-0.008189465,,,
33078.79306,-0.001085438,,,
32855.8813,-0.00676162,,,
32894.49606,0.001174587,,,
32944.21108,0.001510207,,,
32984,0.001207038,,,
33419.27821,0.01311033,,,
33267,-0.004567011,,,
32700.97455,-0.017161034,,,
32797.90064,0.002959628,,,
32566,-0.007095709,,,
32714,0.004534321,,,
32932.70658,0.006663164,,,
32619.36526,-0.009560147,,,
32694.96527,0.00231496,,,
31981.26405,-0.022070866,,,
32022.24723,0.001280654,,,
31932.95144,-0.00279245,,,
32128.57767,0.006107467,,,
31971.95771,-0.004886707,,,
31559.3523,-0.012989224,,,
31664.88263,0.00333829,,,
32002.42132,0.010603303,,,
32136.32534,0.004175455,,,
32207.42858,0.002210106,,,
32083.34521,-0.003860072,,,
32129.96158,0.001451923,,,
32470.04163,0.010528891,,,
32261.56393,-0.006441318,,,
32248,-0.000420525,,,
32031.79301,-0.006727085,,,
32287.67964,0.007956781,,,
32221.54052,-0.002050533,,,
32231,0.000293533,,,
31645.24687,-0.018340763,,,
31811.13854,0.005228538,,,
32076.1603,0.008296587,,,
31785.32585,-0.009108352,,,
31855.73503,0.002212697,,,
31841.61348,-0.000443395,,,
31604,-0.007490339,,,
31449.77427,-0.004891889,,,
31578.41329,0.004081958,,,
31501.20154,-0.002448074,,,
31865.94458,0.011512182,,,
31592.16009,-0.00862888,,,
31630.169,0.001202389,,,
31857,0.007145758,,,
31965.56827,0.003402194,,,
31993,0.000857797,,,
31814.17535,-0.005605173,,,
31756.90229,-0.00180186,,,
31639.53912,-0.00370252,,,
31970.96663,0.010420622,,,
31985.46637,0.000453425,,,
31776.3439,-0.006559513,,,
31909.52996,0.0041826,,,
31959.30287,0.001558598,,,
32068.20223,0.003401647,,,
32048.62164,-0.000610779,,,
32121,0.002255846,,,
31993.84134,-0.003966596,,,
31962.34883,-0.000984815,,,
32004.03321,0.001303322,,,
32148.92076,0.004516949,,,
32359.63884,0.00653305,,,
32441.24735,0.002518748,,,
32337.69099,-0.003197226,,,
32153.06345,-0.005725721,,,
32229.05325,0.002360588,,,
32324.87902,0.002968861,,,
32270,-0.001699176,,,
31817.86839,-0.014109975,,,
31750,-0.002135306,,,
31304.46293,-0.014132052,,,
31260.6096,-0.001401847,,,
30880.82547,-0.012223369,,,
30737.63095,-0.004647788,,,
30280.20555,-0.014993451,,,
30368.97688,0.002927373,,,
30335.14001,-0.001114813,,,
30404.76369,0.002292519,,,
30334.91934,-0.002299794,,,
30573,0.007817764,,,
30851.86034,0.009079785,,,
31043.93209,0.006206314,,,
31025,-0.000610035,,,
31087.58487,0.002015208,,,
30877.59078,-0.006777836,,,
31098.34261,0.007123822,,,
31527.37788,0.013701782,,,
31423.29436,-0.003306831,,,
31592.424,0.005367868,,,
31789.74705,0.006226473,,,
31608.09852,-0.005730448,,,
31818.12288,0.006622659,,,
31752.39648,-0.002067827,,,
31285.07386,-0.014827092,,,
31444.46429,0.005081841,,,
31475.84585,0.000997502,,,
31007.46372,-0.014992513,,,
30833.48342,-0.005626717,,,
30590.77062,-0.007902874,,,
30851.32236,0.008481264,,,
31001.14921,0.004844661,,,
31288.1634,0.009215585,,,
31195.94875,-0.002951621,,,
31113,-0.0026625,,,
31276.92434,0.005254846,,,
31512.73506,0.007511167,,,
31063.04957,-0.014372756,,,
31063.09448,1.44597E-06,,,
30980.54905,-0.002660884,,,
31270.93024,0.009329362,,,
31325.91069,0.001756653,,,
31198.33664,-0.004080792,,,
31200.453,6.78332E-05,,,
31687.9763,0.015504699,,,
31848.12419,0.005041173,,,
31667.42498,-0.005689936,,,
31609.2642,-0.001838301,,,
31570.19353,-0.001236816,,,
31689.66815,0.003777269,,,
31564.91454,-0.003944498,,,
31565.95439,3.29426E-05,,,
31577.33737,0.000360544,,,
31273,-0.009684586,,,
31287.88512,0.00047586,,,
31319.90732,0.001022946,,,
31305,-0.000476083,,,
31022.42766,-0.009067413,,,
31062.13484,0.001279132,,,
31197.11185,0.004335974,,,
31424.86559,0.007273955,,,
31603.1567,0.005657534,,,
31544.90086,-0.001845056,,,
31752.57391,0.006561835,,,
31772.25047,0.000619492,,,
31880.92549,0.003414602,,,
31764.35232,-0.003663219,,,
31852.5539,0.002772899,,,
32274.17886,0.013149931,,,
32409.40389,0.00418113,,,
32525.9593,0.003589894,,,
32325.12825,-0.006193626,,,
32359.39396,0.001059472,,,
32494.04,0.004152324,,,
32758.7319,0.008112862,,,
32922.61004,0.004990108,,,
32872.6973,-0.001517213,,,
32718.53649,-0.004700661,,,
33086.99624,0.01119856,,,
32963.55821,-0.003737688,,,
33096.84111,0.004035188,,,
33041.93237,-0.00166041,,,
32789.58725,-0.00766643,,,
33026.40985,0.007196537,,,
33145.96924,0.003613578,,,
33023.65399,-0.003697025,,,
32943.33738,-0.002435056,,,
33037.80655,0.002863522,,,
33153.31585,0.003490178,,,
33136.44421,-0.000509027,,,
33273.82358,0.004137299,,,
32927.11451,-0.010474542,,,
32937.18577,0.000305819,,,
33141.50617,0.006184174,,,
33020.46405,-0.003658968,,,
32968.04737,-0.001588661,,,
33096.69048,0.003894461,,,
33204.44733,0.003250531,,,
33120.12139,-0.002542828,,,
33425.8302,0.009187966,,,
33322.29667,-0.003102218,,,
33292.51672,-0.000894094,,,
33339.92133,0.001422869,,,
33272.51607,-0.002023805,,,
33000,-0.008224152,,,
33094.76078,0.002867424,,,
32959.71833,-0.004088826,,,
32607.69293,-0.010737919,,,
32611,0.000101415,,,
32669.53943,0.001793473,,,
32631.55379,-0.0011634,,,
32528.2429,-0.003171004,,,
32697.91244,0.005202512,,,
32703.10819,0.000158889,,,
32988.55524,0.008690565,,,
33066.57398,0.002362232,,,
33246.51371,0.005426988,,,
33174.52227,-0.002167731,,,
33275.66639,0.003044211,,,
33385,0.003280307,,,
33314.44093,-0.002115733,,,
33422.91655,0.003250824,,,
33250.43526,-0.005173931,,,
33178.90048,-0.002153711,,,
33120.64517,-0.001757337,,,
32759.34662,-0.010968495,,,
32895.57559,0.004149854,,,
33143.68217,0.007513947,,,
33253.15337,0.003297485,,,
33151.67981,-0.003056212,,,
33206.46591,0.001651225,,,
33075.18135,-0.00396142,,,
33210,0.004067842,,,
33155.79973,-0.00163338,,,
33088.5854,-0.002029284,,,
32864.58451,-0.006792752,,,
33011,0.00444522,,,
33002.66144,-0.000252631,,,
33014.20316,0.00034966,,,
33065.40776,0.001549786,,,
33039.22806,-0.000792069,,,
32609.52859,-0.013091051,,,
32753.06567,0.004392032,,,
32800.573,0.001449419,,,
32730.42712,-0.002140847,,,
32796.43096,0.002014559,,,
32727.96415,-0.002089812,,,
32776.02928,0.001467549,,,
32826.49385,0.001538495,,,
32891.35245,0.001973851,,,
32879.53555,-0.000359335,,,
32769.81007,-0.003342778,,,
32656.38815,-0.003467175,,,
32743.84818,0.002674611,,,
32563.36496,-0.005527221,,,
32614.80134,0.001578332,,,
32820.91067,0.006299618,,,
33714.72414,0.026868827,,,
34126.91616,0.012151743,,,
34239.12503,0.003282594,,,
34400,0.004687567,,,
34269.00324,-0.003815314,,,
34400.97217,0.003843575,,,
34519.47571,0.003438853,,,
34650.55904,0.003790181,,,
34522,-0.003717057,,,
34679.7251,0.004558423,,,
34672.50637,-0.000208176,,,
34576.19466,-0.00278162,,,
34631.29247,0.00159225,,,
34383.71952,-0.007174497,,,
34397.97899,0.00041463,,,
34282,-0.003377377,,,
34380.95987,0.002882484,,,
34545.62379,0.00477796,,,
34515.97793,-0.000858534,,,
34397.46238,-0.003439552,,,
34414.44845,0.000493696,,,
34392.74369,-0.000630886,,,
34453.77032,0.001772832,,,
34393.91357,-0.001738817,,,
34408.96162,0.000437425,,,
34330.04838,-0.002296026,,,
34346.01665,0.000465032,,,
34348.22147,6.41923E-05,,,
34464.93359,0.003392149,,,
34476.63626,0.000339495,,,
34408.96154,-0.001964844,,,
34523.01448,0.003309148,,,
34615.25997,0.002668436,,,
34488.00928,-0.003682918,,,
34443.89804,-0.00127985,,,
34531.29567,0.002534177,,,
34591.41578,0.001739519,,,
34776.31776,0.005331079,,,
35134.26511,0.010240237,,,
35031.54636,-0.002927888,,,
35020.49238,-0.000315593,,,
34798.73934,-0.006352226,,,
34839.96599,0.001184016,,,
34892.77999,0.001514755,,,
34757.62735,-0.003880891,,,
34818.25441,0.001742761,,,
34591.26197,-0.006540695,,,
34401.45079,-0.005502368,,,
34208.64072,-0.005620473,,,
34065.51818,-0.004192589,,,
34086.78344,0.000624051,,,
34219.19522,0.003877024,,,
34112.46616,-0.003123856,,,
34136.50907,0.000704565,,,
34228.81895,0.00270049,,,
34091.16792,-0.004029603,,,
34237.07286,0.004270713,,,
34214.37165,-0.000663279,,,
34200.96266,-0.000391988,,,
34436.81969,0.00687254,,,
34395.13669,-0.001211153,,,
34498.98592,0.003014751,,,
34303.48086,-0.005683098,,,
34299.60234,-0.000113071,,,
34376,0.002224886,,,
34381.66392,0.00016475,,,
34305.55785,-0.002216019,,,
34344.63602,0.001138472,,,
34523.94984,0.005207431,,,
34493.25783,-0.000889402,,,
34663.41571,0.004920949,,,
34965.94163,0.008689663,,,
34825.83056,-0.004015123,,,
34723.60825,-0.00293956,,,
34547.6633,-0.005079893,,,
34638.16169,0.002616098,,,
34541.78157,-0.002786362,,,
34487,-0.00158721,,,
34174.98101,-0.009088614,,,
34189.10999,0.000413345,,,
34207.39136,0.00053457,,,
34181.65926,-0.000752521,,,
34066.93867,-0.003361848,,,
34163.63094,0.002834282,,,
34246.31704,0.002417372,,,
34449.26307,0.005908579,,,
34455.80523,0.000189889,,,
34447.99115,-0.000226811,,,
34340.87783,-0.003114266,,,
34522.0972,0.0052632,,,
34567.95762,0.001327555,,,
34681.10149,0.00326774,,,
34656.7329,-0.000702894,,,
34633.0631,-0.000683212,,,
34611.18849,-0.00063181,,,
34636.16132,0.000721265,,,
34348.78117,-0.008331726,,,
34313.96628,-0.001014084,,,
34352.95773,0.001135669,,,
34422.47342,0.002021528,,,
34156.66,-0.007752059,,,
34291.05952,0.003927076,,,
34340.50373,0.001440859,,,
34460.17488,0.003478782,,,
34548.20751,0.002551362,,,
34655.86576,0.00311133,,,
34973.58052,0.009125937,,,
34897.67866,-0.002172621,,,
34877.09833,-0.000589908,,,
34641.18321,-0.006787165,,,
34589.96373,-0.001479666,,,
34626.2077,0.001047269,,,
34710.27825,0.002425003,,,
34379.49895,-0.00957542,,,
34367.41809,-0.000351459,,,
34294.39088,-0.002127157,,,
34439.1,0.004210737,,,
34509.14279,0.002031751,,,
34490.24982,-0.000547627,,,
34575.2443,0.002461273,,,
34761.93105,0.005384909,,,
34731.6675,-0.000870974,,,
34825.20776,0.002689606,,,
34852.74273,0.00079035,,,
34697.95349,-0.004451127,,,
34645.81429,-0.001503789,,,
34604.95117,-0.001180149,,,
34705.28999,0.002895356,,,
34688.63548,-0.000479999,,,
34927.80743,0.006871161,,,
35003.01891,0.002151026,,,
35343.45783,0.009678994,,,
35302.68515,-0.001154279,,,
35216.86752,-0.002433869,,,
35040.79145,-0.005012306,,,
34881.97941,-0.004542506,,,
34850,-0.000917209,,,
35042.78797,0.005516691,,,
35097.84305,0.001569849,,,
35070.30351,-0.000784958,,,
34903.83647,-0.004757968,,,
35155.46107,0.00718322,,,
35230.39325,0.002129184,,,
35225.73568,-0.000132212,,,
35155.41919,-0.001998163,,,
35265.16677,0.00311692,,,
35563.4694,0.008423271,,,
35626.54776,0.001772113,,,
35565.2811,-0.001721172,,,
35605.96728,0.001143332,,,
35653.38537,0.00133086,,,
35577.17656,-0.002139779,,,
35585.34757,0.000229644,,,
35796.61759,0.00591944,,,
35916.66293,0.003347928,,,
35825.44338,-0.002542987,,,
36052.39995,0.006315085,,,
36333,0.007752985,,,
36339.1,0.000167877,,,
36320.62449,-0.000508549,,,
36234.42996,-0.002375977,,,
36198.18331,-0.001000838,,,
36344.39077,0.004030948,,,
36247,-0.002683261,,,
36293.28947,0.001276242,,,
36171.41916,-0.00336358,,,
36000,-0.004750342,,,
36235.07804,0.006508718,,,
36163.95879,-0.001964647,,,
36304.1779,0.003869819,,,
36303.10232,-2.96273E-05,,,
36331.07248,0.000770165,,,
36369,0.001043397,,,
36423.36724,0.001493762,,,
36348.90699,-0.002046392,,,
36364.59244,0.000431432,,,
36270.44011,-0.002592479,,,
36186.00037,-0.002330773,,,
36243.06203,0.001575657,,,
36257.58872,0.000400733,,,
36349.61087,0.002534795,,,
36345.18305,-0.000121819,,,
36235.29412,-0.00302806,,,
36403.12242,0.004620932,,,
36413.01802,0.000271797,,,
36371.08989,-0.001152123,,,
36295.80001,-0.002072193,,,
36169.0878,-0.003497207,,,
36124.86516,-0.001223412,,,
36142.92362,0.000499765,,,
36242.64223,0.002755209,,,
36222.70507,-0.000550254,,,
35999,-0.006194974,,,
35785.95439,-0.005935679,,,
35944.25051,0.00441366,,,
35920.54266,-0.00065979,,,
35868.3828,-0.001453145,,,
35996.60616,0.003568455,,,
35982.57561,-0.00038985,,,
35901.87903,-0.002245175,,,
35729,-0.004826951,,,
36036.87843,0.008580131,,,
35975.25795,-0.001711392,,,
35876.019,-0.002762345,,,
35841.57176,-0.000960636,,,
35789.1878,-0.001462611,,,
35888.78518,0.002779025,,,
35826.77129,-0.001729441,,,
35706.71458,-0.003356661,,,
35798.59399,0.002569864,,,
35890,0.002550086,,,
35784.75955,-0.002936613,,,
35453.732,-0.00929357,,,
35255.51466,-0.005606561,,,
35319.67019,0.001818077,,,
35104.64303,-0.006106636,,,
35199.57387,0.002700575,,,
35157.03961,-0.001209105,,,
34835.40564,-0.009190598,,,
34750,-0.002454701,,,
34846.60067,0.002776019,,,
34861.17156,0.000418056,,,
34824.53298,-0.001051538,,,
34813,-0.000331229,,,
35098,0.008153269,,,
35047.23507,-0.001447424,,,
34887.52956,-0.004567279,,,
35013.16985,0.003594826,,,
34996.85813,-0.000465983,,,
35002.39561,0.000158216,,,
35200,0.005629577,,,
35236.99374,0.001050407,,,
35144.14137,-0.00263856,,,
35195.07256,0.001448159,,,
35103.08963,-0.002616938,,,
34598.5418,-0.014477614,,,
34630.69018,0.000928752,,,
34599.24835,-0.000908331,,,
34515.18058,-0.002432714,,,
34639.98362,0.003609367,,,
34647.54335,0.000218213,,,
34844.68207,0.005673707,,,
34783.69058,-0.001751915,,,
34751.67697,-0.000920787,,,
34783.72891,0.000921888,,,
34603.90401,-0.005183209,,,
34861.70488,0.007422437,,,
34844.47149,-0.000494458,,,
34972.33444,0.003662817,,,
34859,-0.003245951,,,
34716.5707,-0.004094239,,,
34642.6655,-0.002131085,,,
34489.00223,-0.004445532,,,
34607.31431,0.003424559,,,
34577.00892,-0.000876077,,,
34748.20121,0.004938828,,,
34754.53856,0.000182362,,,
34614.50187,-0.004037446,,,
34573.23204,-0.001192981,,,
34600.17769,0.000779075,,,
34354.16443,-0.007135571,,,
34300,-0.001577892,,,
34162.60044,-0.004013863,,,
34196.41458,0.00098931,,,
34206.68929,0.000300416,,,